"year","quantity","estimate","se_log","lower_50","upper_50","lower_80","upper_80","lower_95","upper_95","final_par_sha256","hessian_sha256","gradient_sha256","noeff_gradient_sha256","method"
1952,"depletion",0.992756913469505,0.00043752477202707,0.992463988197547,0.993049925198217,0.992200420218429,0.993313718839718,0.991905956772013,0.993608600203243,"21dcaea9db8c89ddc8c29fa3c3a5e514b50bef6e26587c168c00c05f35fbebc3","e289a150c45930c2f4f164fb43432d5c034d8caec7bda7ce664caca9e4ad20c5","2a1d8aca95b935951cb371014dc53250bca5ead96b6750c991b6e3b51a154b04","278bee47cd45eccaf00a839b10f2e01146092ada4f32ea3a0afa4a9b2b55b53f","MFCL dependent-variable gradients; annual log-scale delta method retaining full within-year covariance"
1953,"depletion",0.97015480904069,0.00179320556225986,0.968982117318317,0.971328919990364,0.967927870270314,0.972386871391489,0.966751070102009,0.973570531869662,"21dcaea9db8c89ddc8c29fa3c3a5e514b50bef6e26587c168c00c05f35fbebc3","e289a150c45930c2f4f164fb43432d5c034d8caec7bda7ce664caca9e4ad20c5","2a1d8aca95b935951cb371014dc53250bca5ead96b6750c991b6e3b51a154b04","278bee47cd45eccaf00a839b10f2e01146092ada4f32ea3a0afa4a9b2b55b53f","MFCL dependent-variable gradients; annual log-scale delta method retaining full within-year covariance"
1954,"depletion",0.956517187317828,0.00250733647810956,0.954900918591197,0.958136191746715,0.953448561642906,0.959595689208323,0.951828116402218,0.961229358397924,"21dcaea9db8c89ddc8c29fa3c3a5e514b50bef6e26587c168c00c05f35fbebc3","e289a150c45930c2f4f164fb43432d5c034d8caec7bda7ce664caca9e4ad20c5","2a1d8aca95b935951cb371014dc53250bca5ead96b6750c991b6e3b51a154b04","278bee47cd45eccaf00a839b10f2e01146092ada4f32ea3a0afa4a9b2b55b53f","MFCL dependent-variable gradients; annual log-scale delta method retaining full within-year covariance"
1955,"depletion",0.945408713604564,0.00277377122098805,0.943641620631701,0.947179115691297,0.942054006157341,0.94877536735421,0.940282952687984,0.950562416562312,"21dcaea9db8c89ddc8c29fa3c3a5e514b50bef6e26587c168c00c05f35fbebc3","e289a150c45930c2f4f164fb43432d5c034d8caec7bda7ce664caca9e4ad20c5","2a1d8aca95b935951cb371014dc53250bca5ead96b6750c991b6e3b51a154b04","278bee47cd45eccaf00a839b10f2e01146092ada4f32ea3a0afa4a9b2b55b53f","MFCL dependent-variable gradients; annual log-scale delta method retaining full within-year covariance"
1956,"depletion",0.930951974876097,0.00333312601113686,0.928861397363607,0.933047257627009,0.92698382683877,0.934937109400556,0.924890067549961,0.937053613108338,"21dcaea9db8c89ddc8c29fa3c3a5e514b50bef6e26587c168c00c05f35fbebc3","e289a150c45930c2f4f164fb43432d5c034d8caec7bda7ce664caca9e4ad20c5","2a1d8aca95b935951cb371014dc53250bca5ead96b6750c991b6e3b51a154b04","278bee47cd45eccaf00a839b10f2e01146092ada4f32ea3a0afa4a9b2b55b53f","MFCL dependent-variable gradients; annual log-scale delta method retaining full within-year covariance"
1957,"depletion",0.917577080048945,0.003716616770588,0.915279760235731,0.919880166053606,0.913217019152862,0.92195795760812,0.910917335126717,0.924285514573093,"21dcaea9db8c89ddc8c29fa3c3a5e514b50bef6e26587c168c00c05f35fbebc3","e289a150c45930c2f4f164fb43432d5c034d8caec7bda7ce664caca9e4ad20c5","2a1d8aca95b935951cb371014dc53250bca5ead96b6750c991b6e3b51a154b04","278bee47cd45eccaf00a839b10f2e01146092ada4f32ea3a0afa4a9b2b55b53f","MFCL dependent-variable gradients; annual log-scale delta method retaining full within-year covariance"
1958,"depletion",0.893401348375866,0.00476567801056811,0.890534208751169,0.896277718965019,0.887961562040514,0.898874459662026,0.885095333714435,0.901785309306956,"21dcaea9db8c89ddc8c29fa3c3a5e514b50bef6e26587c168c00c05f35fbebc3","e289a150c45930c2f4f164fb43432d5c034d8caec7bda7ce664caca9e4ad20c5","2a1d8aca95b935951cb371014dc53250bca5ead96b6750c991b6e3b51a154b04","278bee47cd45eccaf00a839b10f2e01146092ada4f32ea3a0afa4a9b2b55b53f","MFCL dependent-variable gradients; annual log-scale delta method retaining full within-year covariance"
1959,"depletion",0.862009554254123,0.00631701391915321,0.858344550839405,0.865690206687661,0.855059259033476,0.869016344510808,0.851402708527647,0.872748540946488,"21dcaea9db8c89ddc8c29fa3c3a5e514b50bef6e26587c168c00c05f35fbebc3","e289a150c45930c2f4f164fb43432d5c034d8caec7bda7ce664caca9e4ad20c5","2a1d8aca95b935951cb371014dc53250bca5ead96b6750c991b6e3b51a154b04","278bee47cd45eccaf00a839b10f2e01146092ada4f32ea3a0afa4a9b2b55b53f","MFCL dependent-variable gradients; annual log-scale delta method retaining full within-year covariance"
1960,"depletion",0.837182199316748,0.00754315350776025,0.832933617785024,0.841452451777159,0.829128200552718,0.845314433142675,0.824896083475319,0.849651306259108,"21dcaea9db8c89ddc8c29fa3c3a5e514b50bef6e26587c168c00c05f35fbebc3","e289a150c45930c2f4f164fb43432d5c034d8caec7bda7ce664caca9e4ad20c5","2a1d8aca95b935951cb371014dc53250bca5ead96b6750c991b6e3b51a154b04","278bee47cd45eccaf00a839b10f2e01146092ada4f32ea3a0afa4a9b2b55b53f","MFCL dependent-variable gradients; annual log-scale delta method retaining full within-year covariance"
1961,"depletion",0.825561132148026,0.00817383010852506,0.821022201149616,0.830125156127575,0.816958363209868,0.834254490321494,0.812440680303629,0.838893471777924,"21dcaea9db8c89ddc8c29fa3c3a5e514b50bef6e26587c168c00c05f35fbebc3","e289a150c45930c2f4f164fb43432d5c034d8caec7bda7ce664caca9e4ad20c5","2a1d8aca95b935951cb371014dc53250bca5ead96b6750c991b6e3b51a154b04","278bee47cd45eccaf00a839b10f2e01146092ada4f32ea3a0afa4a9b2b55b53f","MFCL dependent-variable gradients; annual log-scale delta method retaining full within-year covariance"
1962,"depletion",0.813147676585609,0.00888305822013574,0.80829024275403,0.818034301247635,0.803943216065388,0.82245752028685,0.799112920356651,0.827428924114343,"21dcaea9db8c89ddc8c29fa3c3a5e514b50bef6e26587c168c00c05f35fbebc3","e289a150c45930c2f4f164fb43432d5c034d8caec7bda7ce664caca9e4ad20c5","2a1d8aca95b935951cb371014dc53250bca5ead96b6750c991b6e3b51a154b04","278bee47cd45eccaf00a839b10f2e01146092ada4f32ea3a0afa4a9b2b55b53f","MFCL dependent-variable gradients; annual log-scale delta method retaining full within-year covariance"
1963,"depletion",0.801771707707196,0.00946481885950893,0.796669561796537,0.806906529515294,0.7921052387418,0.811556141581405,0.78703538518986,0.81678395073004,"21dcaea9db8c89ddc8c29fa3c3a5e514b50bef6e26587c168c00c05f35fbebc3","e289a150c45930c2f4f164fb43432d5c034d8caec7bda7ce664caca9e4ad20c5","2a1d8aca95b935951cb371014dc53250bca5ead96b6750c991b6e3b51a154b04","278bee47cd45eccaf00a839b10f2e01146092ada4f32ea3a0afa4a9b2b55b53f","MFCL dependent-variable gradients; annual log-scale delta method retaining full within-year covariance"
1964,"depletion",0.787835950804683,0.0102304634416663,0.782418325958859,0.793291088395284,0.777574156380538,0.798233172086755,0.772196108280537,0.803792558295082,"21dcaea9db8c89ddc8c29fa3c3a5e514b50bef6e26587c168c00c05f35fbebc3","e289a150c45930c2f4f164fb43432d5c034d8caec7bda7ce664caca9e4ad20c5","2a1d8aca95b935951cb371014dc53250bca5ead96b6750c991b6e3b51a154b04","278bee47cd45eccaf00a839b10f2e01146092ada4f32ea3a0afa4a9b2b55b53f","MFCL dependent-variable gradients; annual log-scale delta method retaining full within-year covariance"
1965,"depletion",0.792440113655625,0.00969079305231514,0.787277346363253,0.797636737080449,0.782659460878473,0.802342992220017,0.777530857343026,0.807635256916241,"21dcaea9db8c89ddc8c29fa3c3a5e514b50bef6e26587c168c00c05f35fbebc3","e289a150c45930c2f4f164fb43432d5c034d8caec7bda7ce664caca9e4ad20c5","2a1d8aca95b935951cb371014dc53250bca5ead96b6750c991b6e3b51a154b04","278bee47cd45eccaf00a839b10f2e01146092ada4f32ea3a0afa4a9b2b55b53f","MFCL dependent-variable gradients; annual log-scale delta method retaining full within-year covariance"
1966,"depletion",0.797695739415114,0.00912753318950081,0.792799869361965,0.802621843509039,0.788419131616658,0.807081496584501,0.783552141858594,0.812094637597022,"21dcaea9db8c89ddc8c29fa3c3a5e514b50bef6e26587c168c00c05f35fbebc3","e289a150c45930c2f4f164fb43432d5c034d8caec7bda7ce664caca9e4ad20c5","2a1d8aca95b935951cb371014dc53250bca5ead96b6750c991b6e3b51a154b04","278bee47cd45eccaf00a839b10f2e01146092ada4f32ea3a0afa4a9b2b55b53f","MFCL dependent-variable gradients; annual log-scale delta method retaining full within-year covariance"
1967,"depletion",0.792838208505714,0.00926031612043349,0.787901583426566,0.797805764182902,0.783484754663031,0.802303326421331,0.778578086594391,0.807359513052957,"21dcaea9db8c89ddc8c29fa3c3a5e514b50bef6e26587c168c00c05f35fbebc3","e289a150c45930c2f4f164fb43432d5c034d8caec7bda7ce664caca9e4ad20c5","2a1d8aca95b935951cb371014dc53250bca5ead96b6750c991b6e3b51a154b04","278bee47cd45eccaf00a839b10f2e01146092ada4f32ea3a0afa4a9b2b55b53f","MFCL dependent-variable gradients; annual log-scale delta method retaining full within-year covariance"
1968,"depletion",0.789535819508435,0.00925029080241417,0.784625062425772,0.79447731169794,0.780231349689519,0.798951247645862,0.775350329835608,0.803980841046426,"21dcaea9db8c89ddc8c29fa3c3a5e514b50bef6e26587c168c00c05f35fbebc3","e289a150c45930c2f4f164fb43432d5c034d8caec7bda7ce664caca9e4ad20c5","2a1d8aca95b935951cb371014dc53250bca5ead96b6750c991b6e3b51a154b04","278bee47cd45eccaf00a839b10f2e01146092ada4f32ea3a0afa4a9b2b55b53f","MFCL dependent-variable gradients; annual log-scale delta method retaining full within-year covariance"
1969,"depletion",0.793583508402369,0.00876954639756205,0.788903341591585,0.798291440289332,0.784714650457056,0.80255260232672,0.780059953281936,0.807341515429128,"21dcaea9db8c89ddc8c29fa3c3a5e514b50bef6e26587c168c00c05f35fbebc3","e289a150c45930c2f4f164fb43432d5c034d8caec7bda7ce664caca9e4ad20c5","2a1d8aca95b935951cb371014dc53250bca5ead96b6750c991b6e3b51a154b04","278bee47cd45eccaf00a839b10f2e01146092ada4f32ea3a0afa4a9b2b55b53f","MFCL dependent-variable gradients; annual log-scale delta method retaining full within-year covariance"
1970,"depletion",0.789007390506648,0.00894427754151749,0.784261777276658,0.793781719715895,0.780014987969537,0.798103461953506,0.775296258920261,0.802961003760161,"21dcaea9db8c89ddc8c29fa3c3a5e514b50bef6e26587c168c00c05f35fbebc3","e289a150c45930c2f4f164fb43432d5c034d8caec7bda7ce664caca9e4ad20c5","2a1d8aca95b935951cb371014dc53250bca5ead96b6750c991b6e3b51a154b04","278bee47cd45eccaf00a839b10f2e01146092ada4f32ea3a0afa4a9b2b55b53f","MFCL dependent-variable gradients; annual log-scale delta method retaining full within-year covariance"
1971,"depletion",0.785608311148016,0.00893474975764034,0.780888160511209,0.790356993171468,0.776664131566006,0.79465549323155,0.77197066346676,0.799486881759481,"21dcaea9db8c89ddc8c29fa3c3a5e514b50bef6e26587c168c00c05f35fbebc3","e289a150c45930c2f4f164fb43432d5c034d8caec7bda7ce664caca9e4ad20c5","2a1d8aca95b935951cb371014dc53250bca5ead96b6750c991b6e3b51a154b04","278bee47cd45eccaf00a839b10f2e01146092ada4f32ea3a0afa4a9b2b55b53f","MFCL dependent-variable gradients; annual log-scale delta method retaining full within-year covariance"
1972,"depletion",0.781157301354315,0.00888995231268475,0.776487355142724,0.785855333532116,0.772308133802175,0.790107863366696,0.767664319325564,0.794887445068773,"21dcaea9db8c89ddc8c29fa3c3a5e514b50bef6e26587c168c00c05f35fbebc3","e289a150c45930c2f4f164fb43432d5c034d8caec7bda7ce664caca9e4ad20c5","2a1d8aca95b935951cb371014dc53250bca5ead96b6750c991b6e3b51a154b04","278bee47cd45eccaf00a839b10f2e01146092ada4f32ea3a0afa4a9b2b55b53f","MFCL dependent-variable gradients; annual log-scale delta method retaining full within-year covariance"
1973,"depletion",0.760620579909876,0.00990436618535669,0.755556269777685,0.765718834882632,0.751027070163482,0.770336635744035,0.745997651132418,0.775530145040285,"21dcaea9db8c89ddc8c29fa3c3a5e514b50bef6e26587c168c00c05f35fbebc3","e289a150c45930c2f4f164fb43432d5c034d8caec7bda7ce664caca9e4ad20c5","2a1d8aca95b935951cb371014dc53250bca5ead96b6750c991b6e3b51a154b04","278bee47cd45eccaf00a839b10f2e01146092ada4f32ea3a0afa4a9b2b55b53f","MFCL dependent-variable gradients; annual log-scale delta method retaining full within-year covariance"
1974,"depletion",0.747713844680774,0.0104166738074832,0.742478864148198,0.752985735383457,0.737798564540656,0.757762376340998,0.73260306838887,0.763136298018539,"21dcaea9db8c89ddc8c29fa3c3a5e514b50bef6e26587c168c00c05f35fbebc3","e289a150c45930c2f4f164fb43432d5c034d8caec7bda7ce664caca9e4ad20c5","2a1d8aca95b935951cb371014dc53250bca5ead96b6750c991b6e3b51a154b04","278bee47cd45eccaf00a839b10f2e01146092ada4f32ea3a0afa4a9b2b55b53f","MFCL dependent-variable gradients; annual log-scale delta method retaining full within-year covariance"
1975,"depletion",0.733562331772618,0.0110455562313925,0.728117515869967,0.739047863658016,0.723251575814557,0.744020079029394,0.717852186972524,0.749616291990592,"21dcaea9db8c89ddc8c29fa3c3a5e514b50bef6e26587c168c00c05f35fbebc3","e289a150c45930c2f4f164fb43432d5c034d8caec7bda7ce664caca9e4ad20c5","2a1d8aca95b935951cb371014dc53250bca5ead96b6750c991b6e3b51a154b04","278bee47cd45eccaf00a839b10f2e01146092ada4f32ea3a0afa4a9b2b55b53f","MFCL dependent-variable gradients; annual log-scale delta method retaining full within-year covariance"
1976,"depletion",0.707235329438505,0.0125257643332107,0.701285421289999,0.71323571832695,0.695973130489022,0.71867977267246,0.690084062505595,0.724812871912884,"21dcaea9db8c89ddc8c29fa3c3a5e514b50bef6e26587c168c00c05f35fbebc3","e289a150c45930c2f4f164fb43432d5c034d8caec7bda7ce664caca9e4ad20c5","2a1d8aca95b935951cb371014dc53250bca5ead96b6750c991b6e3b51a154b04","278bee47cd45eccaf00a839b10f2e01146092ada4f32ea3a0afa4a9b2b55b53f","MFCL dependent-variable gradients; annual log-scale delta method retaining full within-year covariance"
1977,"depletion",0.686917206186746,0.0135304261083489,0.680676826485773,0.693214797088831,0.675108778475775,0.69893217685709,0.668940168621358,0.705377357033092,"21dcaea9db8c89ddc8c29fa3c3a5e514b50bef6e26587c168c00c05f35fbebc3","e289a150c45930c2f4f164fb43432d5c034d8caec7bda7ce664caca9e4ad20c5","2a1d8aca95b935951cb371014dc53250bca5ead96b6750c991b6e3b51a154b04","278bee47cd45eccaf00a839b10f2e01146092ada4f32ea3a0afa4a9b2b55b53f","MFCL dependent-variable gradients; annual log-scale delta method retaining full within-year covariance"
1978,"depletion",0.678185264996603,0.013934070348751,0.6718412753259,0.684589159002482,0.66618224426901,0.69040455163015,0.659914464104217,0.696961922607409,"21dcaea9db8c89ddc8c29fa3c3a5e514b50bef6e26587c168c00c05f35fbebc3","e289a150c45930c2f4f164fb43432d5c034d8caec7bda7ce664caca9e4ad20c5","2a1d8aca95b935951cb371014dc53250bca5ead96b6750c991b6e3b51a154b04","278bee47cd45eccaf00a839b10f2e01146092ada4f32ea3a0afa4a9b2b55b53f","MFCL dependent-variable gradients; annual log-scale delta method retaining full within-year covariance"
1979,"depletion",0.66070166997847,0.0148954144029248,0.654096963227062,0.667373067379314,0.648208993362469,0.673435113030343,0.641691674703195,0.680274832791384,"21dcaea9db8c89ddc8c29fa3c3a5e514b50bef6e26587c168c00c05f35fbebc3","e289a150c45930c2f4f164fb43432d5c034d8caec7bda7ce664caca9e4ad20c5","2a1d8aca95b935951cb371014dc53250bca5ead96b6750c991b6e3b51a154b04","278bee47cd45eccaf00a839b10f2e01146092ada4f32ea3a0afa4a9b2b55b53f","MFCL dependent-variable gradients; annual log-scale delta method retaining full within-year covariance"
1980,"depletion",0.634404458575014,0.0164936753758932,0.627385938601431,0.641501494211108,0.621135467841073,0.647956907788165,0.614224003772573,0.655247946332097,"21dcaea9db8c89ddc8c29fa3c3a5e514b50bef6e26587c168c00c05f35fbebc3","e289a150c45930c2f4f164fb43432d5c034d8caec7bda7ce664caca9e4ad20c5","2a1d8aca95b935951cb371014dc53250bca5ead96b6750c991b6e3b51a154b04","278bee47cd45eccaf00a839b10f2e01146092ada4f32ea3a0afa4a9b2b55b53f","MFCL dependent-variable gradients; annual log-scale delta method retaining full within-year covariance"
1981,"depletion",0.610886776653239,0.0180786864503205,0.603482923904156,0.618381463845782,0.596895982662863,0.625205504357639,0.589619880783123,0.632920744453409,"21dcaea9db8c89ddc8c29fa3c3a5e514b50bef6e26587c168c00c05f35fbebc3","e289a150c45930c2f4f164fb43432d5c034d8caec7bda7ce664caca9e4ad20c5","2a1d8aca95b935951cb371014dc53250bca5ead96b6750c991b6e3b51a154b04","278bee47cd45eccaf00a839b10f2e01146092ada4f32ea3a0afa4a9b2b55b53f","MFCL dependent-variable gradients; annual log-scale delta method retaining full within-year covariance"
1982,"depletion",0.598411402502929,0.0186452181410306,0.590932899028467,0.605984549572814,0.584281959083839,0.612882532274352,0.576937836742871,0.620684212127897,"21dcaea9db8c89ddc8c29fa3c3a5e514b50bef6e26587c168c00c05f35fbebc3","e289a150c45930c2f4f164fb43432d5c034d8caec7bda7ce664caca9e4ad20c5","2a1d8aca95b935951cb371014dc53250bca5ead96b6750c991b6e3b51a154b04","278bee47cd45eccaf00a839b10f2e01146092ada4f32ea3a0afa4a9b2b55b53f","MFCL dependent-variable gradients; annual log-scale delta method retaining full within-year covariance"
1983,"depletion",0.590022239266253,0.0187233657814287,0.58261786688384,0.59752071231652,0.576033184566812,0.604351020315889,0.568762590555186,0.612076547595979,"21dcaea9db8c89ddc8c29fa3c3a5e514b50bef6e26587c168c00c05f35fbebc3","e289a150c45930c2f4f164fb43432d5c034d8caec7bda7ce664caca9e4ad20c5","2a1d8aca95b935951cb371014dc53250bca5ead96b6750c991b6e3b51a154b04","278bee47cd45eccaf00a839b10f2e01146092ada4f32ea3a0afa4a9b2b55b53f","MFCL dependent-variable gradients; annual log-scale delta method retaining full within-year covariance"
1984,"depletion",0.585468704503445,0.0183245310414364,0.578277017189487,0.59274983055504,0.571879839938502,0.599380464241934,0.564814472431185,0.606878224060918,"21dcaea9db8c89ddc8c29fa3c3a5e514b50bef6e26587c168c00c05f35fbebc3","e289a150c45930c2f4f164fb43432d5c034d8caec7bda7ce664caca9e4ad20c5","2a1d8aca95b935951cb371014dc53250bca5ead96b6750c991b6e3b51a154b04","278bee47cd45eccaf00a839b10f2e01146092ada4f32ea3a0afa4a9b2b55b53f","MFCL dependent-variable gradients; annual log-scale delta method retaining full within-year covariance"
1985,"depletion",0.564863981826621,0.0192055840703376,0.557593940585764,0.572228811578968,0.551130716311024,0.578939457594959,0.54399644339302,0.586531992700008,"21dcaea9db8c89ddc8c29fa3c3a5e514b50bef6e26587c168c00c05f35fbebc3","e289a150c45930c2f4f164fb43432d5c034d8caec7bda7ce664caca9e4ad20c5","2a1d8aca95b935951cb371014dc53250bca5ead96b6750c991b6e3b51a154b04","278bee47cd45eccaf00a839b10f2e01146092ada4f32ea3a0afa4a9b2b55b53f","MFCL dependent-variable gradients; annual log-scale delta method retaining full within-year covariance"
1986,"depletion",0.539119596121236,0.0207801958697379,0.531615988393729,0.546729115127105,0.524951847293418,0.553669713556543,0.517603236464653,0.561530373934927,"21dcaea9db8c89ddc8c29fa3c3a5e514b50bef6e26587c168c00c05f35fbebc3","e289a150c45930c2f4f164fb43432d5c034d8caec7bda7ce664caca9e4ad20c5","2a1d8aca95b935951cb371014dc53250bca5ead96b6750c991b6e3b51a154b04","278bee47cd45eccaf00a839b10f2e01146092ada4f32ea3a0afa4a9b2b55b53f","MFCL dependent-variable gradients; annual log-scale delta method retaining full within-year covariance"
1987,"depletion",0.522549483701445,0.0212853894107472,0.515100953680381,0.530105721928208,0.508487870076603,0.53699995414937,0.501197927712431,0.544810638309976,"21dcaea9db8c89ddc8c29fa3c3a5e514b50bef6e26587c168c00c05f35fbebc3","e289a150c45930c2f4f164fb43432d5c034d8caec7bda7ce664caca9e4ad20c5","2a1d8aca95b935951cb371014dc53250bca5ead96b6750c991b6e3b51a154b04","278bee47cd45eccaf00a839b10f2e01146092ada4f32ea3a0afa4a9b2b55b53f","MFCL dependent-variable gradients; annual log-scale delta method retaining full within-year covariance"
1988,"depletion",0.502420295186743,0.0222653605723947,0.494931442668931,0.510022462210765,0.488286734066274,0.516962955174762,0.480966540821134,0.524831005051988,"21dcaea9db8c89ddc8c29fa3c3a5e514b50bef6e26587c168c00c05f35fbebc3","e289a150c45930c2f4f164fb43432d5c034d8caec7bda7ce664caca9e4ad20c5","2a1d8aca95b935951cb371014dc53250bca5ead96b6750c991b6e3b51a154b04","278bee47cd45eccaf00a839b10f2e01146092ada4f32ea3a0afa4a9b2b55b53f","MFCL dependent-variable gradients; annual log-scale delta method retaining full within-year covariance"
1989,"depletion",0.488034623061117,0.0230447722523485,0.480507525237641,0.495679632048661,0.473832217860646,0.502662723910544,0.466481997318487,0.510583033590881,"21dcaea9db8c89ddc8c29fa3c3a5e514b50bef6e26587c168c00c05f35fbebc3","e289a150c45930c2f4f164fb43432d5c034d8caec7bda7ce664caca9e4ad20c5","2a1d8aca95b935951cb371014dc53250bca5ead96b6750c991b6e3b51a154b04","278bee47cd45eccaf00a839b10f2e01146092ada4f32ea3a0afa4a9b2b55b53f","MFCL dependent-variable gradients; annual log-scale delta method retaining full within-year covariance"
1990,"depletion",0.481980561652289,0.0226386352909598,0.474676850250445,0.489396653087441,0.468197963877272,0.496168885244341,0.461062161691467,0.503848029858736,"21dcaea9db8c89ddc8c29fa3c3a5e514b50bef6e26587c168c00c05f35fbebc3","e289a150c45930c2f4f164fb43432d5c034d8caec7bda7ce664caca9e4ad20c5","2a1d8aca95b935951cb371014dc53250bca5ead96b6750c991b6e3b51a154b04","278bee47cd45eccaf00a839b10f2e01146092ada4f32ea3a0afa4a9b2b55b53f","MFCL dependent-variable gradients; annual log-scale delta method retaining full within-year covariance"
1991,"depletion",0.471855796949864,0.023132878356588,0.464550622282914,0.479275847314649,0.458072490365093,0.486053840381762,0.450939784709393,0.493741959935241,"21dcaea9db8c89ddc8c29fa3c3a5e514b50bef6e26587c168c00c05f35fbebc3","e289a150c45930c2f4f164fb43432d5c034d8caec7bda7ce664caca9e4ad20c5","2a1d8aca95b935951cb371014dc53250bca5ead96b6750c991b6e3b51a154b04","278bee47cd45eccaf00a839b10f2e01146092ada4f32ea3a0afa4a9b2b55b53f","MFCL dependent-variable gradients; annual log-scale delta method retaining full within-year covariance"
1992,"depletion",0.454722567295266,0.0239136205023787,0.447446957004273,0.462116481005866,0.440998270196264,0.468873977930967,0.43390154600817,0.476542697554031,"21dcaea9db8c89ddc8c29fa3c3a5e514b50bef6e26587c168c00c05f35fbebc3","e289a150c45930c2f4f164fb43432d5c034d8caec7bda7ce664caca9e4ad20c5","2a1d8aca95b935951cb371014dc53250bca5ead96b6750c991b6e3b51a154b04","278bee47cd45eccaf00a839b10f2e01146092ada4f32ea3a0afa4a9b2b55b53f","MFCL dependent-variable gradients; annual log-scale delta method retaining full within-year covariance"
1993,"depletion",0.426552759509497,0.0258039234514822,0.419193061380814,0.434041670551121,0.412677742636056,0.440894281050741,0.40551639409744,0.448680396880447,"21dcaea9db8c89ddc8c29fa3c3a5e514b50bef6e26587c168c00c05f35fbebc3","e289a150c45930c2f4f164fb43432d5c034d8caec7bda7ce664caca9e4ad20c5","2a1d8aca95b935951cb371014dc53250bca5ead96b6750c991b6e3b51a154b04","278bee47cd45eccaf00a839b10f2e01146092ada4f32ea3a0afa4a9b2b55b53f","MFCL dependent-variable gradients; annual log-scale delta method retaining full within-year covariance"
1994,"depletion",0.403562204033221,0.0271973476468564,0.396226613852424,0.411033602565652,0.389738434577242,0.417876293624497,0.382613298692488,0.425658107234391,"21dcaea9db8c89ddc8c29fa3c3a5e514b50bef6e26587c168c00c05f35fbebc3","e289a150c45930c2f4f164fb43432d5c034d8caec7bda7ce664caca9e4ad20c5","2a1d8aca95b935951cb371014dc53250bca5ead96b6750c991b6e3b51a154b04","278bee47cd45eccaf00a839b10f2e01146092ada4f32ea3a0afa4a9b2b55b53f","MFCL dependent-variable gradients; annual log-scale delta method retaining full within-year covariance"
1995,"depletion",0.377600824840861,0.0296709798841592,0.370119100427482,0.38523378759923,0.36351215237303,0.392235533226914,0.356268110485138,0.400210905001688,"21dcaea9db8c89ddc8c29fa3c3a5e514b50bef6e26587c168c00c05f35fbebc3","e289a150c45930c2f4f164fb43432d5c034d8caec7bda7ce664caca9e4ad20c5","2a1d8aca95b935951cb371014dc53250bca5ead96b6750c991b6e3b51a154b04","278bee47cd45eccaf00a839b10f2e01146092ada4f32ea3a0afa4a9b2b55b53f","MFCL dependent-variable gradients; annual log-scale delta method retaining full within-year covariance"
1996,"depletion",0.369237596234828,0.0304322721582317,0.361735786365206,0.376894981398466,0.355114333222405,0.383922555972663,0.347857937783608,0.391931267522447,"21dcaea9db8c89ddc8c29fa3c3a5e514b50bef6e26587c168c00c05f35fbebc3","e289a150c45930c2f4f164fb43432d5c034d8caec7bda7ce664caca9e4ad20c5","2a1d8aca95b935951cb371014dc53250bca5ead96b6750c991b6e3b51a154b04","278bee47cd45eccaf00a839b10f2e01146092ada4f32ea3a0afa4a9b2b55b53f","MFCL dependent-variable gradients; annual log-scale delta method retaining full within-year covariance"
1997,"depletion",0.384308531311567,0.0285884954471759,0.376969035372932,0.391790925460873,0.370483187500914,0.3986497963244,0.363366975536928,0.40645699026615,"21dcaea9db8c89ddc8c29fa3c3a5e514b50bef6e26587c168c00c05f35fbebc3","e289a150c45930c2f4f164fb43432d5c034d8caec7bda7ce664caca9e4ad20c5","2a1d8aca95b935951cb371014dc53250bca5ead96b6750c991b6e3b51a154b04","278bee47cd45eccaf00a839b10f2e01146092ada4f32ea3a0afa4a9b2b55b53f","MFCL dependent-variable gradients; annual log-scale delta method retaining full within-year covariance"
1998,"depletion",0.368585485031603,0.0298364994295855,0.361242057407165,0.376078191866946,0.354757924217745,0.382952008966532,0.34764929599695,0.390782496441972,"21dcaea9db8c89ddc8c29fa3c3a5e514b50bef6e26587c168c00c05f35fbebc3","e289a150c45930c2f4f164fb43432d5c034d8caec7bda7ce664caca9e4ad20c5","2a1d8aca95b935951cb371014dc53250bca5ead96b6750c991b6e3b51a154b04","278bee47cd45eccaf00a839b10f2e01146092ada4f32ea3a0afa4a9b2b55b53f","MFCL dependent-variable gradients; annual log-scale delta method retaining full within-year covariance"
1999,"depletion",0.343738731837961,0.0319580560874072,0.336408598147324,0.351228584573291,0.329944999215307,0.35810912741995,0.322868535452594,0.36595797605344,"21dcaea9db8c89ddc8c29fa3c3a5e514b50bef6e26587c168c00c05f35fbebc3","e289a150c45930c2f4f164fb43432d5c034d8caec7bda7ce664caca9e4ad20c5","2a1d8aca95b935951cb371014dc53250bca5ead96b6750c991b6e3b51a154b04","278bee47cd45eccaf00a839b10f2e01146092ada4f32ea3a0afa4a9b2b55b53f","MFCL dependent-variable gradients; annual log-scale delta method retaining full within-year covariance"
2000,"depletion",0.312832237665545,0.0340954314294986,0.305720120927233,0.320109807054948,0.299457352400596,0.32680449532565,0.292610170580013,0.334451836478704,"21dcaea9db8c89ddc8c29fa3c3a5e514b50bef6e26587c168c00c05f35fbebc3","e289a150c45930c2f4f164fb43432d5c034d8caec7bda7ce664caca9e4ad20c5","2a1d8aca95b935951cb371014dc53250bca5ead96b6750c991b6e3b51a154b04","278bee47cd45eccaf00a839b10f2e01146092ada4f32ea3a0afa4a9b2b55b53f","MFCL dependent-variable gradients; annual log-scale delta method retaining full within-year covariance"
2001,"depletion",0.289557067200026,0.0362706616900212,0.282559235378023,0.296728206576968,0.276405689956343,0.303334186712014,0.269687319044422,0.310890758462656,"21dcaea9db8c89ddc8c29fa3c3a5e514b50bef6e26587c168c00c05f35fbebc3","e289a150c45930c2f4f164fb43432d5c034d8caec7bda7ce664caca9e4ad20c5","2a1d8aca95b935951cb371014dc53250bca5ead96b6750c991b6e3b51a154b04","278bee47cd45eccaf00a839b10f2e01146092ada4f32ea3a0afa4a9b2b55b53f","MFCL dependent-variable gradients; annual log-scale delta method retaining full within-year covariance"
2002,"depletion",0.275449188897546,0.0364853741752481,0.26875338329201,0.282311815892111,0.262866235066305,0.288634467051951,0.256439600160197,0.295867937779184,"21dcaea9db8c89ddc8c29fa3c3a5e514b50bef6e26587c168c00c05f35fbebc3","e289a150c45930c2f4f164fb43432d5c034d8caec7bda7ce664caca9e4ad20c5","2a1d8aca95b935951cb371014dc53250bca5ead96b6750c991b6e3b51a154b04","278bee47cd45eccaf00a839b10f2e01146092ada4f32ea3a0afa4a9b2b55b53f","MFCL dependent-variable gradients; annual log-scale delta method retaining full within-year covariance"
2003,"depletion",0.259977712770496,0.0370407230357489,0.253563001606389,0.266554705178547,0.247925007328741,0.272616352281713,0.241772553857065,0.279553696476799,"21dcaea9db8c89ddc8c29fa3c3a5e514b50bef6e26587c168c00c05f35fbebc3","e289a150c45930c2f4f164fb43432d5c034d8caec7bda7ce664caca9e4ad20c5","2a1d8aca95b935951cb371014dc53250bca5ead96b6750c991b6e3b51a154b04","278bee47cd45eccaf00a839b10f2e01146092ada4f32ea3a0afa4a9b2b55b53f","MFCL dependent-variable gradients; annual log-scale delta method retaining full within-year covariance"
2004,"depletion",0.250993315365668,0.0362172112649431,0.244936298101768,0.257200116301566,0.239609875732104,0.262917561998505,0.233794348661744,0.269457515627956,"21dcaea9db8c89ddc8c29fa3c3a5e514b50bef6e26587c168c00c05f35fbebc3","e289a150c45930c2f4f164fb43432d5c034d8caec7bda7ce664caca9e4ad20c5","2a1d8aca95b935951cb371014dc53250bca5ead96b6750c991b6e3b51a154b04","278bee47cd45eccaf00a839b10f2e01146092ada4f32ea3a0afa4a9b2b55b53f","MFCL dependent-variable gradients; annual log-scale delta method retaining full within-year covariance"
2005,"depletion",0.228849826188586,0.0382243943965173,0.223025038487944,0.23482674098665,0.217909420711089,0.24033950792785,0.212331253400076,0.246653481802163,"21dcaea9db8c89ddc8c29fa3c3a5e514b50bef6e26587c168c00c05f35fbebc3","e289a150c45930c2f4f164fb43432d5c034d8caec7bda7ce664caca9e4ad20c5","2a1d8aca95b935951cb371014dc53250bca5ead96b6750c991b6e3b51a154b04","278bee47cd45eccaf00a839b10f2e01146092ada4f32ea3a0afa4a9b2b55b53f","MFCL dependent-variable gradients; annual log-scale delta method retaining full within-year covariance"
2006,"depletion",0.222734543057805,0.0373219528499197,0.21719756950078,0.228412669557939,0.212331910386258,0.233646824826854,0.207023225838483,0.239638216776096,"21dcaea9db8c89ddc8c29fa3c3a5e514b50bef6e26587c168c00c05f35fbebc3","e289a150c45930c2f4f164fb43432d5c034d8caec7bda7ce664caca9e4ad20c5","2a1d8aca95b935951cb371014dc53250bca5ead96b6750c991b6e3b51a154b04","278bee47cd45eccaf00a839b10f2e01146092ada4f32ea3a0afa4a9b2b55b53f","MFCL dependent-variable gradients; annual log-scale delta method retaining full within-year covariance"
2007,"depletion",0.21720267972304,0.0372913670218388,0.211807592651921,0.222735188518,0.207066524447567,0.227835011983386,0.201893673350807,0.233672523243933,"21dcaea9db8c89ddc8c29fa3c3a5e514b50bef6e26587c168c00c05f35fbebc3","e289a150c45930c2f4f164fb43432d5c034d8caec7bda7ce664caca9e4ad20c5","2a1d8aca95b935951cb371014dc53250bca5ead96b6750c991b6e3b51a154b04","278bee47cd45eccaf00a839b10f2e01146092ada4f32ea3a0afa4a9b2b55b53f","MFCL dependent-variable gradients; annual log-scale delta method retaining full within-year covariance"
2008,"depletion",0.208520349948699,0.0370355761134435,0.203376007955073,0.21379481670391,0.198854546945309,0.218655982529212,0.193920492545509,0.224219399259848,"21dcaea9db8c89ddc8c29fa3c3a5e514b50bef6e26587c168c00c05f35fbebc3","e289a150c45930c2f4f164fb43432d5c034d8caec7bda7ce664caca9e4ad20c5","2a1d8aca95b935951cb371014dc53250bca5ead96b6750c991b6e3b51a154b04","278bee47cd45eccaf00a839b10f2e01146092ada4f32ea3a0afa4a9b2b55b53f","MFCL dependent-variable gradients; annual log-scale delta method retaining full within-year covariance"
2009,"depletion",0.196548966899829,0.0377115480327612,0.191612584229026,0.201612522188081,0.187275782329805,0.206281324305763,0.182545292395065,0.211626911231344,"21dcaea9db8c89ddc8c29fa3c3a5e514b50bef6e26587c168c00c05f35fbebc3","e289a150c45930c2f4f164fb43432d5c034d8caec7bda7ce664caca9e4ad20c5","2a1d8aca95b935951cb371014dc53250bca5ead96b6750c991b6e3b51a154b04","278bee47cd45eccaf00a839b10f2e01146092ada4f32ea3a0afa4a9b2b55b53f","MFCL dependent-variable gradients; annual log-scale delta method retaining full within-year covariance"
2010,"depletion",0.182815391768762,0.0385654378116556,0.178121314985385,0.187633172763789,0.1739996448847,0.192077791249014,0.169506281709104,0.197169492071815,"21dcaea9db8c89ddc8c29fa3c3a5e514b50bef6e26587c168c00c05f35fbebc3","e289a150c45930c2f4f164fb43432d5c034d8caec7bda7ce664caca9e4ad20c5","2a1d8aca95b935951cb371014dc53250bca5ead96b6750c991b6e3b51a154b04","278bee47cd45eccaf00a839b10f2e01146092ada4f32ea3a0afa4a9b2b55b53f","MFCL dependent-variable gradients; annual log-scale delta method retaining full within-year covariance"
2011,"depletion",0.181756062708338,0.0360864904280939,0.177385531042887,0.186234278168101,0.173541849008039,0.190359077767501,0.169344864104049,0.195076871719829,"21dcaea9db8c89ddc8c29fa3c3a5e514b50bef6e26587c168c00c05f35fbebc3","e289a150c45930c2f4f164fb43432d5c034d8caec7bda7ce664caca9e4ad20c5","2a1d8aca95b935951cb371014dc53250bca5ead96b6750c991b6e3b51a154b04","278bee47cd45eccaf00a839b10f2e01146092ada4f32ea3a0afa4a9b2b55b53f","MFCL dependent-variable gradients; annual log-scale delta method retaining full within-year covariance"
2012,"depletion",0.17626101973836,0.0355983467544037,0.172079270056574,0.180544391366796,0.168400462133,0.184488490623437,0.164382246236476,0.188998190440305,"21dcaea9db8c89ddc8c29fa3c3a5e514b50bef6e26587c168c00c05f35fbebc3","e289a150c45930c2f4f164fb43432d5c034d8caec7bda7ce664caca9e4ad20c5","2a1d8aca95b935951cb371014dc53250bca5ead96b6750c991b6e3b51a154b04","278bee47cd45eccaf00a839b10f2e01146092ada4f32ea3a0afa4a9b2b55b53f","MFCL dependent-variable gradients; annual log-scale delta method retaining full within-year covariance"
2013,"depletion",0.168306371440322,0.036290536880017,0.16423664793718,0.172476941189415,0.160657981001448,0.176318876229076,0.156750883028498,0.180713716695667,"21dcaea9db8c89ddc8c29fa3c3a5e514b50bef6e26587c168c00c05f35fbebc3","e289a150c45930c2f4f164fb43432d5c034d8caec7bda7ce664caca9e4ad20c5","2a1d8aca95b935951cb371014dc53250bca5ead96b6750c991b6e3b51a154b04","278bee47cd45eccaf00a839b10f2e01146092ada4f32ea3a0afa4a9b2b55b53f","MFCL dependent-variable gradients; annual log-scale delta method retaining full within-year covariance"
2014,"depletion",0.171413388623771,0.0350941621038389,0.167403566620725,0.175519257997973,0.163874868239259,0.17929869366293,0.160019362357431,0.18361871567675,"21dcaea9db8c89ddc8c29fa3c3a5e514b50bef6e26587c168c00c05f35fbebc3","e289a150c45930c2f4f164fb43432d5c034d8caec7bda7ce664caca9e4ad20c5","2a1d8aca95b935951cb371014dc53250bca5ead96b6750c991b6e3b51a154b04","278bee47cd45eccaf00a839b10f2e01146092ada4f32ea3a0afa4a9b2b55b53f","MFCL dependent-variable gradients; annual log-scale delta method retaining full within-year covariance"
2015,"depletion",0.177103230487189,0.034609878644451,0.173016813434076,0.181286163040735,0.169419593814901,0.185135340858312,0.165487997578734,0.189533710649171,"21dcaea9db8c89ddc8c29fa3c3a5e514b50bef6e26587c168c00c05f35fbebc3","e289a150c45930c2f4f164fb43432d5c034d8caec7bda7ce664caca9e4ad20c5","2a1d8aca95b935951cb371014dc53250bca5ead96b6750c991b6e3b51a154b04","278bee47cd45eccaf00a839b10f2e01146092ada4f32ea3a0afa4a9b2b55b53f","MFCL dependent-variable gradients; annual log-scale delta method retaining full within-year covariance"
2016,"depletion",0.178085727926114,0.0351395369735229,0.173914499175806,0.182357000947428,0.170243867409808,0.186288804251793,0.166233400014278,0.190783118724936,"21dcaea9db8c89ddc8c29fa3c3a5e514b50bef6e26587c168c00c05f35fbebc3","e289a150c45930c2f4f164fb43432d5c034d8caec7bda7ce664caca9e4ad20c5","2a1d8aca95b935951cb371014dc53250bca5ead96b6750c991b6e3b51a154b04","278bee47cd45eccaf00a839b10f2e01146092ada4f32ea3a0afa4a9b2b55b53f","MFCL dependent-variable gradients; annual log-scale delta method retaining full within-year covariance"
2017,"depletion",0.175716032370713,0.0359397581447767,0.171507713297405,0.180027611811047,0.167806341656703,0.183998552898981,0.163764366989321,0.188539940646055,"21dcaea9db8c89ddc8c29fa3c3a5e514b50bef6e26587c168c00c05f35fbebc3","e289a150c45930c2f4f164fb43432d5c034d8caec7bda7ce664caca9e4ad20c5","2a1d8aca95b935951cb371014dc53250bca5ead96b6750c991b6e3b51a154b04","278bee47cd45eccaf00a839b10f2e01146092ada4f32ea3a0afa4a9b2b55b53f","MFCL dependent-variable gradients; annual log-scale delta method retaining full within-year covariance"
2018,"depletion",0.175931587104066,0.0365179412522369,0.17165115226601,0.18031876239892,0.167887747267834,0.184360823494626,0.16377955719664,0.188985266969513,"21dcaea9db8c89ddc8c29fa3c3a5e514b50bef6e26587c168c00c05f35fbebc3","e289a150c45930c2f4f164fb43432d5c034d8caec7bda7ce664caca9e4ad20c5","2a1d8aca95b935951cb371014dc53250bca5ead96b6750c991b6e3b51a154b04","278bee47cd45eccaf00a839b10f2e01146092ada4f32ea3a0afa4a9b2b55b53f","MFCL dependent-variable gradients; annual log-scale delta method retaining full within-year covariance"
2019,"depletion",0.175205360007516,0.038316399021158,0.170735359639804,0.179792388876703,0.166809814902215,0.18402345325638,0.162529578961818,0.188869732952269,"21dcaea9db8c89ddc8c29fa3c3a5e514b50bef6e26587c168c00c05f35fbebc3","e289a150c45930c2f4f164fb43432d5c034d8caec7bda7ce664caca9e4ad20c5","2a1d8aca95b935951cb371014dc53250bca5ead96b6750c991b6e3b51a154b04","278bee47cd45eccaf00a839b10f2e01146092ada4f32ea3a0afa4a9b2b55b53f","MFCL dependent-variable gradients; annual log-scale delta method retaining full within-year covariance"
2020,"depletion",0.178719694025839,0.0387827646107375,0.174105257777552,0.183456429980415,0.170054081101417,0.187826889103829,0.165638185051588,0.192834333597302,"21dcaea9db8c89ddc8c29fa3c3a5e514b50bef6e26587c168c00c05f35fbebc3","e289a150c45930c2f4f164fb43432d5c034d8caec7bda7ce664caca9e4ad20c5","2a1d8aca95b935951cb371014dc53250bca5ead96b6750c991b6e3b51a154b04","278bee47cd45eccaf00a839b10f2e01146092ada4f32ea3a0afa4a9b2b55b53f","MFCL dependent-variable gradients; annual log-scale delta method retaining full within-year covariance"
2021,"depletion",0.185333285948132,0.0382211702370585,0.180616493390453,0.190173257356283,0.176473963401443,0.194637363032394,0.171956860239777,0.199750256153995,"21dcaea9db8c89ddc8c29fa3c3a5e514b50bef6e26587c168c00c05f35fbebc3","e289a150c45930c2f4f164fb43432d5c034d8caec7bda7ce664caca9e4ad20c5","2a1d8aca95b935951cb371014dc53250bca5ead96b6750c991b6e3b51a154b04","278bee47cd45eccaf00a839b10f2e01146092ada4f32ea3a0afa4a9b2b55b53f","MFCL dependent-variable gradients; annual log-scale delta method retaining full within-year covariance"
2022,"depletion",0.188611798809168,0.0376593075008371,0.183881239421485,0.193464057355454,0.179725122006606,0.197937885660317,0.175191566656588,0.20306006350045,"21dcaea9db8c89ddc8c29fa3c3a5e514b50bef6e26587c168c00c05f35fbebc3","e289a150c45930c2f4f164fb43432d5c034d8caec7bda7ce664caca9e4ad20c5","2a1d8aca95b935951cb371014dc53250bca5ead96b6750c991b6e3b51a154b04","278bee47cd45eccaf00a839b10f2e01146092ada4f32ea3a0afa4a9b2b55b53f","MFCL dependent-variable gradients; annual log-scale delta method retaining full within-year covariance"
2023,"depletion",0.183205712704712,0.0388695138418843,0.178465007566193,0.188072348889977,0.174303206417055,0.192562912969783,0.169766979409531,0.197708254481419,"21dcaea9db8c89ddc8c29fa3c3a5e514b50bef6e26587c168c00c05f35fbebc3","e289a150c45930c2f4f164fb43432d5c034d8caec7bda7ce664caca9e4ad20c5","2a1d8aca95b935951cb371014dc53250bca5ead96b6750c991b6e3b51a154b04","278bee47cd45eccaf00a839b10f2e01146092ada4f32ea3a0afa4a9b2b55b53f","MFCL dependent-variable gradients; annual log-scale delta method retaining full within-year covariance"
2024,"depletion",0.161630128849672,0.045640411420726,0.156730313498947,0.166683125738386,0.152447462562197,0.17136591264222,0.147799556374853,0.17675491857164,"21dcaea9db8c89ddc8c29fa3c3a5e514b50bef6e26587c168c00c05f35fbebc3","e289a150c45930c2f4f164fb43432d5c034d8caec7bda7ce664caca9e4ad20c5","2a1d8aca95b935951cb371014dc53250bca5ead96b6750c991b6e3b51a154b04","278bee47cd45eccaf00a839b10f2e01146092ada4f32ea3a0afa4a9b2b55b53f","MFCL dependent-variable gradients; annual log-scale delta method retaining full within-year covariance"
1952,"spawning_potential",1279.2075,0.0552981242961922,1232.37441536625,1327.82035041675,1191.69104879564,1373.15106101537,1147.81302397057,1425.64319613279,"21dcaea9db8c89ddc8c29fa3c3a5e514b50bef6e26587c168c00c05f35fbebc3","e289a150c45930c2f4f164fb43432d5c034d8caec7bda7ce664caca9e4ad20c5","2a1d8aca95b935951cb371014dc53250bca5ead96b6750c991b6e3b51a154b04","278bee47cd45eccaf00a839b10f2e01146092ada4f32ea3a0afa4a9b2b55b53f","MFCL dependent-variable gradients; annual log-scale delta method retaining full within-year covariance"
1953,"spawning_potential",1280.825,0.0564784598069052,1232.95072430197,1330.55818719258,1191.39434892076,1376.96866038611,1146.60872903538,1430.75195494554,"21dcaea9db8c89ddc8c29fa3c3a5e514b50bef6e26587c168c00c05f35fbebc3","e289a150c45930c2f4f164fb43432d5c034d8caec7bda7ce664caca9e4ad20c5","2a1d8aca95b935951cb371014dc53250bca5ead96b6750c991b6e3b51a154b04","278bee47cd45eccaf00a839b10f2e01146092ada4f32ea3a0afa4a9b2b55b53f","MFCL dependent-variable gradients; annual log-scale delta method retaining full within-year covariance"
1954,"spawning_potential",1285.6175,0.0569927118538486,1237.13490749783,1336.00009690871,1195.06436823985,1383.03207779561,1149.73960356704,1437.55364360629,"21dcaea9db8c89ddc8c29fa3c3a5e514b50bef6e26587c168c00c05f35fbebc3","e289a150c45930c2f4f164fb43432d5c034d8caec7bda7ce664caca9e4ad20c5","2a1d8aca95b935951cb371014dc53250bca5ead96b6750c991b6e3b51a154b04","278bee47cd45eccaf00a839b10f2e01146092ada4f32ea3a0afa4a9b2b55b53f","MFCL dependent-variable gradients; annual log-scale delta method retaining full within-year covariance"
1955,"spawning_potential",1291.42,0.0533295715075889,1245.79283038741,1338.71826496334,1206.10696970559,1382.76758056303,1163.25062460744,1433.71134398731,"21dcaea9db8c89ddc8c29fa3c3a5e514b50bef6e26587c168c00c05f35fbebc3","e289a150c45930c2f4f164fb43432d5c034d8caec7bda7ce664caca9e4ad20c5","2a1d8aca95b935951cb371014dc53250bca5ead96b6750c991b6e3b51a154b04","278bee47cd45eccaf00a839b10f2e01146092ada4f32ea3a0afa4a9b2b55b53f","MFCL dependent-variable gradients; annual log-scale delta method retaining full within-year covariance"
1956,"spawning_potential",1291.1325,0.0507248704258142,1247.70558795963,1336.07090377974,1209.87034758226,1377.85270619082,1168.9440513277,1426.09317414536,"21dcaea9db8c89ddc8c29fa3c3a5e514b50bef6e26587c168c00c05f35fbebc3","e289a150c45930c2f4f164fb43432d5c034d8caec7bda7ce664caca9e4ad20c5","2a1d8aca95b935951cb371014dc53250bca5ead96b6750c991b6e3b51a154b04","278bee47cd45eccaf00a839b10f2e01146092ada4f32ea3a0afa4a9b2b55b53f","MFCL dependent-variable gradients; annual log-scale delta method retaining full within-year covariance"
1957,"spawning_potential",1332.8925,0.0489042987783155,1289.64365595127,1377.59171563232,1251.91954836906,1419.10270421987,1211.06571538724,1466.97441268757,"21dcaea9db8c89ddc8c29fa3c3a5e514b50bef6e26587c168c00c05f35fbebc3","e289a150c45930c2f4f164fb43432d5c034d8caec7bda7ce664caca9e4ad20c5","2a1d8aca95b935951cb371014dc53250bca5ead96b6750c991b6e3b51a154b04","278bee47cd45eccaf00a839b10f2e01146092ada4f32ea3a0afa4a9b2b55b53f","MFCL dependent-variable gradients; annual log-scale delta method retaining full within-year covariance"
1958,"spawning_potential",1307.8675,0.0486831361000272,1265.61943200899,1351.52586496009,1228.7630327394,1392.06450062452,1188.84322533721,1438.80821381732,"21dcaea9db8c89ddc8c29fa3c3a5e514b50bef6e26587c168c00c05f35fbebc3","e289a150c45930c2f4f164fb43432d5c034d8caec7bda7ce664caca9e4ad20c5","2a1d8aca95b935951cb371014dc53250bca5ead96b6750c991b6e3b51a154b04","278bee47cd45eccaf00a839b10f2e01146092ada4f32ea3a0afa4a9b2b55b53f","MFCL dependent-variable gradients; annual log-scale delta method retaining full within-year covariance"
1959,"spawning_potential",1201.5225,0.0494285491672967,1162.12526384484,1242.25534279323,1127.77229666849,1280.0955674039,1090.58181213368,1323.74875680513,"21dcaea9db8c89ddc8c29fa3c3a5e514b50bef6e26587c168c00c05f35fbebc3","e289a150c45930c2f4f164fb43432d5c034d8caec7bda7ce664caca9e4ad20c5","2a1d8aca95b935951cb371014dc53250bca5ead96b6750c991b6e3b51a154b04","278bee47cd45eccaf00a839b10f2e01146092ada4f32ea3a0afa4a9b2b55b53f","MFCL dependent-variable gradients; annual log-scale delta method retaining full within-year covariance"
1960,"spawning_potential",1087.5925,0.0498781416375462,1051.61201845578,1124.80403922465,1020.2473800309,1159.38297829338,986.3018617728,1199.28542356207,"21dcaea9db8c89ddc8c29fa3c3a5e514b50bef6e26587c168c00c05f35fbebc3","e289a150c45930c2f4f164fb43432d5c034d8caec7bda7ce664caca9e4ad20c5","2a1d8aca95b935951cb371014dc53250bca5ead96b6750c991b6e3b51a154b04","278bee47cd45eccaf00a839b10f2e01146092ada4f32ea3a0afa4a9b2b55b53f","MFCL dependent-variable gradients; annual log-scale delta method retaining full within-year covariance"
1961,"spawning_potential",1049.2625,0.0498183185429686,1014.59101580984,1085.11880821996,984.366287609661,1118.4371181379,951.653221498455,1156.88337835153,"21dcaea9db8c89ddc8c29fa3c3a5e514b50bef6e26587c168c00c05f35fbebc3","e289a150c45930c2f4f164fb43432d5c034d8caec7bda7ce664caca9e4ad20c5","2a1d8aca95b935951cb371014dc53250bca5ead96b6750c991b6e3b51a154b04","278bee47cd45eccaf00a839b10f2e01146092ada4f32ea3a0afa4a9b2b55b53f","MFCL dependent-variable gradients; annual log-scale delta method retaining full within-year covariance"
1962,"spawning_potential",985.0275,0.0504387609402516,952.080064192205,1019.11510622742,923.369691225901,1050.80249544261,892.308035902841,1087.38141618832,"21dcaea9db8c89ddc8c29fa3c3a5e514b50bef6e26587c168c00c05f35fbebc3","e289a150c45930c2f4f164fb43432d5c034d8caec7bda7ce664caca9e4ad20c5","2a1d8aca95b935951cb371014dc53250bca5ead96b6750c991b6e3b51a154b04","278bee47cd45eccaf00a839b10f2e01146092ada4f32ea3a0afa4a9b2b55b53f","MFCL dependent-variable gradients; annual log-scale delta method retaining full within-year covariance"
1963,"spawning_potential",930.2,0.0508981614669186,898.807898927795,962.688513343285,871.460899564363,992.898293466228,841.883003129857,1027.78181384253,"21dcaea9db8c89ddc8c29fa3c3a5e514b50bef6e26587c168c00c05f35fbebc3","e289a150c45930c2f4f164fb43432d5c034d8caec7bda7ce664caca9e4ad20c5","2a1d8aca95b935951cb371014dc53250bca5ead96b6750c991b6e3b51a154b04","278bee47cd45eccaf00a839b10f2e01146092ada4f32ea3a0afa4a9b2b55b53f","MFCL dependent-variable gradients; annual log-scale delta method retaining full within-year covariance"
1964,"spawning_potential",868.295,0.0515883697417508,838.601557545621,899.039836309849,812.745776540262,927.640879580321,784.793143785993,960.681439427295,"21dcaea9db8c89ddc8c29fa3c3a5e514b50bef6e26587c168c00c05f35fbebc3","e289a150c45930c2f4f164fb43432d5c034d8caec7bda7ce664caca9e4ad20c5","2a1d8aca95b935951cb371014dc53250bca5ead96b6750c991b6e3b51a154b04","278bee47cd45eccaf00a839b10f2e01146092ada4f32ea3a0afa4a9b2b55b53f","MFCL dependent-variable gradients; annual log-scale delta method retaining full within-year covariance"
1965,"spawning_potential",846.525,0.0507030342533364,818.064396312095,875.975753077038,793.268047532247,903.357418534961,766.445515402455,934.971320497213,"21dcaea9db8c89ddc8c29fa3c3a5e514b50bef6e26587c168c00c05f35fbebc3","e289a150c45930c2f4f164fb43432d5c034d8caec7bda7ce664caca9e4ad20c5","2a1d8aca95b935951cb371014dc53250bca5ead96b6750c991b6e3b51a154b04","278bee47cd45eccaf00a839b10f2e01146092ada4f32ea3a0afa4a9b2b55b53f","MFCL dependent-variable gradients; annual log-scale delta method retaining full within-year covariance"
1966,"spawning_potential",840.11,0.0497492374137252,812.387533998759,868.778486329011,788.21951433297,895.416567676924,762.060631985216,926.153093962335,"21dcaea9db8c89ddc8c29fa3c3a5e514b50bef6e26587c168c00c05f35fbebc3","e289a150c45930c2f4f164fb43432d5c034d8caec7bda7ce664caca9e4ad20c5","2a1d8aca95b935951cb371014dc53250bca5ead96b6750c991b6e3b51a154b04","278bee47cd45eccaf00a839b10f2e01146092ada4f32ea3a0afa4a9b2b55b53f","MFCL dependent-variable gradients; annual log-scale delta method retaining full within-year covariance"
1967,"spawning_potential",806.3225,0.0495496632868714,779.819939730525,833.725762681726,756.712458630686,859.184973883929,731.698271118951,888.557482870634,"21dcaea9db8c89ddc8c29fa3c3a5e514b50bef6e26587c168c00c05f35fbebc3","e289a150c45930c2f4f164fb43432d5c034d8caec7bda7ce664caca9e4ad20c5","2a1d8aca95b935951cb371014dc53250bca5ead96b6750c991b6e3b51a154b04","278bee47cd45eccaf00a839b10f2e01146092ada4f32ea3a0afa4a9b2b55b53f","MFCL dependent-variable gradients; annual log-scale delta method retaining full within-year covariance"
1968,"spawning_potential",769.9475,0.0490221306472621,744.905530805063,795.831321208685,723.064147600017,819.870760739453,699.41251626787,847.595859335757,"21dcaea9db8c89ddc8c29fa3c3a5e514b50bef6e26587c168c00c05f35fbebc3","e289a150c45930c2f4f164fb43432d5c034d8caec7bda7ce664caca9e4ad20c5","2a1d8aca95b935951cb371014dc53250bca5ead96b6750c991b6e3b51a154b04","278bee47cd45eccaf00a839b10f2e01146092ada4f32ea3a0afa4a9b2b55b53f","MFCL dependent-variable gradients; annual log-scale delta method retaining full within-year covariance"
1969,"spawning_potential",772.635,0.047861071405271,748.091239658574,797.98400459475,726.668448951169,821.509237241034,703.452795337266,848.621040646784,"21dcaea9db8c89ddc8c29fa3c3a5e514b50bef6e26587c168c00c05f35fbebc3","e289a150c45930c2f4f164fb43432d5c034d8caec7bda7ce664caca9e4ad20c5","2a1d8aca95b935951cb371014dc53250bca5ead96b6750c991b6e3b51a154b04","278bee47cd45eccaf00a839b10f2e01146092ada4f32ea3a0afa4a9b2b55b53f","MFCL dependent-variable gradients; annual log-scale delta method retaining full within-year covariance"
1970,"spawning_potential",746.655,0.0477545676092455,722.988462835934,771.096245212852,702.329937588876,793.77748147672,679.940978750148,819.914825621736,"21dcaea9db8c89ddc8c29fa3c3a5e514b50bef6e26587c168c00c05f35fbebc3","e289a150c45930c2f4f164fb43432d5c034d8caec7bda7ce664caca9e4ad20c5","2a1d8aca95b935951cb371014dc53250bca5ead96b6750c991b6e3b51a154b04","278bee47cd45eccaf00a839b10f2e01146092ada4f32ea3a0afa4a9b2b55b53f","MFCL dependent-variable gradients; annual log-scale delta method retaining full within-year covariance"
1971,"spawning_potential",724.3525,0.0471667197977222,701.671035151396,747.767141539541,681.864916620376,769.487520866785,660.391658034089,794.508134488225,"21dcaea9db8c89ddc8c29fa3c3a5e514b50bef6e26587c168c00c05f35fbebc3","e289a150c45930c2f4f164fb43432d5c034d8caec7bda7ce664caca9e4ad20c5","2a1d8aca95b935951cb371014dc53250bca5ead96b6750c991b6e3b51a154b04","278bee47cd45eccaf00a839b10f2e01146092ada4f32ea3a0afa4a9b2b55b53f","MFCL dependent-variable gradients; annual log-scale delta method retaining full within-year covariance"
1972,"spawning_potential",721.87,0.0462502512473947,699.698653160684,744.743890167718,680.326605716659,765.950195863757,659.31158692956,790.364233285761,"21dcaea9db8c89ddc8c29fa3c3a5e514b50bef6e26587c168c00c05f35fbebc3","e289a150c45930c2f4f164fb43432d5c034d8caec7bda7ce664caca9e4ad20c5","2a1d8aca95b935951cb371014dc53250bca5ead96b6750c991b6e3b51a154b04","278bee47cd45eccaf00a839b10f2e01146092ada4f32ea3a0afa4a9b2b55b53f","MFCL dependent-variable gradients; annual log-scale delta method retaining full within-year covariance"
1973,"spawning_potential",678.735,0.0467334065609831,657.674131544535,700.470306081675,639.278055408302,720.627270602565,619.327974337255,743.840451770286,"21dcaea9db8c89ddc8c29fa3c3a5e514b50bef6e26587c168c00c05f35fbebc3","e289a150c45930c2f4f164fb43432d5c034d8caec7bda7ce664caca9e4ad20c5","2a1d8aca95b935951cb371014dc53250bca5ead96b6750c991b6e3b51a154b04","278bee47cd45eccaf00a839b10f2e01146092ada4f32ea3a0afa4a9b2b55b53f","MFCL dependent-variable gradients; annual log-scale delta method retaining full within-year covariance"
1974,"spawning_potential",642.6805,0.0465688679859662,622.807502961871,663.187619153549,605.44716788926,682.203579414212,586.618331871004,704.100439143925,"21dcaea9db8c89ddc8c29fa3c3a5e514b50bef6e26587c168c00c05f35fbebc3","e289a150c45930c2f4f164fb43432d5c034d8caec7bda7ce664caca9e4ad20c5","2a1d8aca95b935951cb371014dc53250bca5ead96b6750c991b6e3b51a154b04","278bee47cd45eccaf00a839b10f2e01146092ada4f32ea3a0afa4a9b2b55b53f","MFCL dependent-variable gradients; annual log-scale delta method retaining full within-year covariance"
1975,"spawning_potential",619.89925,0.0465088536726291,600.755013353228,639.653555291463,584.030653662443,657.970737906961,565.890890512505,679.062141824796,"21dcaea9db8c89ddc8c29fa3c3a5e514b50bef6e26587c168c00c05f35fbebc3","e289a150c45930c2f4f164fb43432d5c034d8caec7bda7ce664caca9e4ad20c5","2a1d8aca95b935951cb371014dc53250bca5ead96b6750c991b6e3b51a154b04","278bee47cd45eccaf00a839b10f2e01146092ada4f32ea3a0afa4a9b2b55b53f","MFCL dependent-variable gradients; annual log-scale delta method retaining full within-year covariance"
1976,"spawning_potential",583.8955,0.0475086078045573,565.481714227845,602.908894031682,549.405781965876,620.550358426016,531.980517913692,640.876767926232,"21dcaea9db8c89ddc8c29fa3c3a5e514b50bef6e26587c168c00c05f35fbebc3","e289a150c45930c2f4f164fb43432d5c034d8caec7bda7ce664caca9e4ad20c5","2a1d8aca95b935951cb371014dc53250bca5ead96b6750c991b6e3b51a154b04","278bee47cd45eccaf00a839b10f2e01146092ada4f32ea3a0afa4a9b2b55b53f","MFCL dependent-variable gradients; annual log-scale delta method retaining full within-year covariance"
1977,"spawning_potential",573.23275,0.0477703414532531,555.057229157002,592.003433901078,539.191973651509,609.422620754627,521.997960571897,629.496301695423,"21dcaea9db8c89ddc8c29fa3c3a5e514b50bef6e26587c168c00c05f35fbebc3","e289a150c45930c2f4f164fb43432d5c034d8caec7bda7ce664caca9e4ad20c5","2a1d8aca95b935951cb371014dc53250bca5ead96b6750c991b6e3b51a154b04","278bee47cd45eccaf00a839b10f2e01146092ada4f32ea3a0afa4a9b2b55b53f","MFCL dependent-variable gradients; annual log-scale delta method retaining full within-year covariance"
1978,"spawning_potential",588.89625,0.0477731218793196,570.223016362193,608.18098062142,553.923340703051,626.077234485007,536.258555170763,646.700719121637,"21dcaea9db8c89ddc8c29fa3c3a5e514b50bef6e26587c168c00c05f35fbebc3","e289a150c45930c2f4f164fb43432d5c034d8caec7bda7ce664caca9e4ad20c5","2a1d8aca95b935951cb371014dc53250bca5ead96b6750c991b6e3b51a154b04","278bee47cd45eccaf00a839b10f2e01146092ada4f32ea3a0afa4a9b2b55b53f","MFCL dependent-variable gradients; annual log-scale delta method retaining full within-year covariance"
1979,"spawning_potential",575.62075,0.0483323737372673,557.15826232932,594.695026948587,541.048321912292,612.402320479381,523.595433104874,632.815389289686,"21dcaea9db8c89ddc8c29fa3c3a5e514b50bef6e26587c168c00c05f35fbebc3","e289a150c45930c2f4f164fb43432d5c034d8caec7bda7ce664caca9e4ad20c5","2a1d8aca95b935951cb371014dc53250bca5ead96b6750c991b6e3b51a154b04","278bee47cd45eccaf00a839b10f2e01146092ada4f32ea3a0afa4a9b2b55b53f","MFCL dependent-variable gradients; annual log-scale delta method retaining full within-year covariance"
1980,"spawning_potential",550.718,0.0494109944343231,532.6665784869,569.381162200059,516.926213662646,586.718776312497,499.885519834348,606.719545756205,"21dcaea9db8c89ddc8c29fa3c3a5e514b50bef6e26587c168c00c05f35fbebc3","e289a150c45930c2f4f164fb43432d5c034d8caec7bda7ce664caca9e4ad20c5","2a1d8aca95b935951cb371014dc53250bca5ead96b6750c991b6e3b51a154b04","278bee47cd45eccaf00a839b10f2e01146092ada4f32ea3a0afa4a9b2b55b53f","MFCL dependent-variable gradients; annual log-scale delta method retaining full within-year covariance"
1981,"spawning_potential",503.2405,0.0507301567351976,486.312400268636,520.757851743767,471.564021403451,537.044789987442,455.610786612624,555.849440534806,"21dcaea9db8c89ddc8c29fa3c3a5e514b50bef6e26587c168c00c05f35fbebc3","e289a150c45930c2f4f164fb43432d5c034d8caec7bda7ce664caca9e4ad20c5","2a1d8aca95b935951cb371014dc53250bca5ead96b6750c991b6e3b51a154b04","278bee47cd45eccaf00a839b10f2e01146092ada4f32ea3a0afa4a9b2b55b53f","MFCL dependent-variable gradients; annual log-scale delta method retaining full within-year covariance"
1982,"spawning_potential",477.9175,0.0506963466199576,461.851752376276,494.54210280914,447.854382750385,509.99866385935,432.713181410799,527.844185521614,"21dcaea9db8c89ddc8c29fa3c3a5e514b50bef6e26587c168c00c05f35fbebc3","e289a150c45930c2f4f164fb43432d5c034d8caec7bda7ce664caca9e4ad20c5","2a1d8aca95b935951cb371014dc53250bca5ead96b6750c991b6e3b51a154b04","278bee47cd45eccaf00a839b10f2e01146092ada4f32ea3a0afa4a9b2b55b53f","MFCL dependent-variable gradients; annual log-scale delta method retaining full within-year covariance"
1983,"spawning_potential",478.92175,0.0499708269410675,463.048783430367,495.338830012398,449.212940980215,510.595358456435,434.239489841358,528.201713544887,"21dcaea9db8c89ddc8c29fa3c3a5e514b50bef6e26587c168c00c05f35fbebc3","e289a150c45930c2f4f164fb43432d5c034d8caec7bda7ce664caca9e4ad20c5","2a1d8aca95b935951cb371014dc53250bca5ead96b6750c991b6e3b51a154b04","278bee47cd45eccaf00a839b10f2e01146092ada4f32ea3a0afa4a9b2b55b53f","MFCL dependent-variable gradients; annual log-scale delta method retaining full within-year covariance"
1984,"spawning_potential",510.27425,0.0485218126708462,493.844584283807,527.250512609499,479.5101784394,543.012060891986,463.98272502512,561.184277278784,"21dcaea9db8c89ddc8c29fa3c3a5e514b50bef6e26587c168c00c05f35fbebc3","e289a150c45930c2f4f164fb43432d5c034d8caec7bda7ce664caca9e4ad20c5","2a1d8aca95b935951cb371014dc53250bca5ead96b6750c991b6e3b51a154b04","278bee47cd45eccaf00a839b10f2e01146092ada4f32ea3a0afa4a9b2b55b53f","MFCL dependent-variable gradients; annual log-scale delta method retaining full within-year covariance"
1985,"spawning_potential",527.85425,0.0483797216824721,510.907510900416,545.363110344588,496.120626561838,561.617667811949,480.101572962114,580.356584803462,"21dcaea9db8c89ddc8c29fa3c3a5e514b50bef6e26587c168c00c05f35fbebc3","e289a150c45930c2f4f164fb43432d5c034d8caec7bda7ce664caca9e4ad20c5","2a1d8aca95b935951cb371014dc53250bca5ead96b6750c991b6e3b51a154b04","278bee47cd45eccaf00a839b10f2e01146092ada4f32ea3a0afa4a9b2b55b53f","MFCL dependent-variable gradients; annual log-scale delta method retaining full within-year covariance"
1986,"spawning_potential",516.67075,0.0489366077252658,499.895253822049,534.009198656225,485.263012710235,550.111294109625,469.41715798937,568.681096040396,"21dcaea9db8c89ddc8c29fa3c3a5e514b50bef6e26587c168c00c05f35fbebc3","e289a150c45930c2f4f164fb43432d5c034d8caec7bda7ce664caca9e4ad20c5","2a1d8aca95b935951cb371014dc53250bca5ead96b6750c991b6e3b51a154b04","278bee47cd45eccaf00a839b10f2e01146092ada4f32ea3a0afa4a9b2b55b53f","MFCL dependent-variable gradients; annual log-scale delta method retaining full within-year covariance"
1987,"spawning_potential",517.68525,0.0482359610859122,501.113574375871,534.804945967288,486.652619050274,550.696754885597,470.985206872712,569.015786816403,"21dcaea9db8c89ddc8c29fa3c3a5e514b50bef6e26587c168c00c05f35fbebc3","e289a150c45930c2f4f164fb43432d5c034d8caec7bda7ce664caca9e4ad20c5","2a1d8aca95b935951cb371014dc53250bca5ead96b6750c991b6e3b51a154b04","278bee47cd45eccaf00a839b10f2e01146092ada4f32ea3a0afa4a9b2b55b53f","MFCL dependent-variable gradients; annual log-scale delta method retaining full within-year covariance"
1988,"spawning_potential",522.21425,0.0481663494420648,505.521330944778,539.458389210588,490.953924738039,555.465002237374,475.170474871974,573.915546786737,"21dcaea9db8c89ddc8c29fa3c3a5e514b50bef6e26587c168c00c05f35fbebc3","e289a150c45930c2f4f164fb43432d5c034d8caec7bda7ce664caca9e4ad20c5","2a1d8aca95b935951cb371014dc53250bca5ead96b6750c991b6e3b51a154b04","278bee47cd45eccaf00a839b10f2e01146092ada4f32ea3a0afa4a9b2b55b53f","MFCL dependent-variable gradients; annual log-scale delta method retaining full within-year covariance"
1989,"spawning_potential",520.141,0.0479024414492742,503.603988894907,537.221042420015,489.170196897013,553.072655687483,473.528863558867,571.341433862493,"21dcaea9db8c89ddc8c29fa3c3a5e514b50bef6e26587c168c00c05f35fbebc3","e289a150c45930c2f4f164fb43432d5c034d8caec7bda7ce664caca9e4ad20c5","2a1d8aca95b935951cb371014dc53250bca5ead96b6750c991b6e3b51a154b04","278bee47cd45eccaf00a839b10f2e01146092ada4f32ea3a0afa4a9b2b55b53f","MFCL dependent-variable gradients; annual log-scale delta method retaining full within-year covariance"
1990,"spawning_potential",550.58675,0.0465151503310358,533.580812640554,568.134689430402,518.724526104165,584.406084578866,502.610998651052,603.141933004192,"21dcaea9db8c89ddc8c29fa3c3a5e514b50bef6e26587c168c00c05f35fbebc3","e289a150c45930c2f4f164fb43432d5c034d8caec7bda7ce664caca9e4ad20c5","2a1d8aca95b935951cb371014dc53250bca5ead96b6750c991b6e3b51a154b04","278bee47cd45eccaf00a839b10f2e01146092ada4f32ea3a0afa4a9b2b55b53f","MFCL dependent-variable gradients; annual log-scale delta method retaining full within-year covariance"
1991,"spawning_potential",567.59375,0.0462394358549333,550.164821292793,585.57481789191,534.936320409603,602.244889246595,518.416153580395,621.436393935788,"21dcaea9db8c89ddc8c29fa3c3a5e514b50bef6e26587c168c00c05f35fbebc3","e289a150c45930c2f4f164fb43432d5c034d8caec7bda7ce664caca9e4ad20c5","2a1d8aca95b935951cb371014dc53250bca5ead96b6750c991b6e3b51a154b04","278bee47cd45eccaf00a839b10f2e01146092ada4f32ea3a0afa4a9b2b55b53f","MFCL dependent-variable gradients; annual log-scale delta method retaining full within-year covariance"
1992,"spawning_potential",561.06025,0.0461057562983044,543.880980575582,578.782151559934,528.869332635225,595.210545791243,512.583013489341,614.122192593119,"21dcaea9db8c89ddc8c29fa3c3a5e514b50bef6e26587c168c00c05f35fbebc3","e289a150c45930c2f4f164fb43432d5c034d8caec7bda7ce664caca9e4ad20c5","2a1d8aca95b935951cb371014dc53250bca5ead96b6750c991b6e3b51a154b04","278bee47cd45eccaf00a839b10f2e01146092ada4f32ea3a0afa4a9b2b55b53f","MFCL dependent-variable gradients; annual log-scale delta method retaining full within-year covariance"
1993,"spawning_potential",527.26825,0.0466631511818648,510.931543326637,544.127312336107,496.661246870418,559.761425337455,481.184771463325,577.765182826972,"21dcaea9db8c89ddc8c29fa3c3a5e514b50bef6e26587c168c00c05f35fbebc3","e289a150c45930c2f4f164fb43432d5c034d8caec7bda7ce664caca9e4ad20c5","2a1d8aca95b935951cb371014dc53250bca5ead96b6750c991b6e3b51a154b04","278bee47cd45eccaf00a839b10f2e01146092ada4f32ea3a0afa4a9b2b55b53f","MFCL dependent-variable gradients; annual log-scale delta method retaining full within-year covariance"
1994,"spawning_potential",508.20975,0.0463695945049978,492.561063558766,524.355595891003,478.889187652914,539.325498787947,464.05891718379,556.561118494297,"21dcaea9db8c89ddc8c29fa3c3a5e514b50bef6e26587c168c00c05f35fbebc3","e289a150c45930c2f4f164fb43432d5c034d8caec7bda7ce664caca9e4ad20c5","2a1d8aca95b935951cb371014dc53250bca5ead96b6750c991b6e3b51a154b04","278bee47cd45eccaf00a839b10f2e01146092ada4f32ea3a0afa4a9b2b55b53f","MFCL dependent-variable gradients; annual log-scale delta method retaining full within-year covariance"
1995,"spawning_potential",481.67125,0.047722568970942,466.413903005358,497.42769583328,453.095488394512,512.049223660671,438.661177995828,528.898395195504,"21dcaea9db8c89ddc8c29fa3c3a5e514b50bef6e26587c168c00c05f35fbebc3","e289a150c45930c2f4f164fb43432d5c034d8caec7bda7ce664caca9e4ad20c5","2a1d8aca95b935951cb371014dc53250bca5ead96b6750c991b6e3b51a154b04","278bee47cd45eccaf00a839b10f2e01146092ada4f32ea3a0afa4a9b2b55b53f","MFCL dependent-variable gradients; annual log-scale delta method retaining full within-year covariance"
1996,"spawning_potential",466.33325,0.0479280517134378,451.499166899138,481.654709462938,438.551932779203,495.874453630672,424.521754628481,512.262793801646,"21dcaea9db8c89ddc8c29fa3c3a5e514b50bef6e26587c168c00c05f35fbebc3","e289a150c45930c2f4f164fb43432d5c034d8caec7bda7ce664caca9e4ad20c5","2a1d8aca95b935951cb371014dc53250bca5ead96b6750c991b6e3b51a154b04","278bee47cd45eccaf00a839b10f2e01146092ada4f32ea3a0afa4a9b2b55b53f","MFCL dependent-variable gradients; annual log-scale delta method retaining full within-year covariance"
1997,"spawning_potential",495.47925,0.0461489275482757,480.294038897537,511.144564159239,467.025213069384,525.666881167055,452.630102015754,542.384799612859,"21dcaea9db8c89ddc8c29fa3c3a5e514b50bef6e26587c168c00c05f35fbebc3","e289a150c45930c2f4f164fb43432d5c034d8caec7bda7ce664caca9e4ad20c5","2a1d8aca95b935951cb371014dc53250bca5ead96b6750c991b6e3b51a154b04","278bee47cd45eccaf00a839b10f2e01146092ada4f32ea3a0afa4a9b2b55b53f","MFCL dependent-variable gradients; annual log-scale delta method retaining full within-year covariance"
1998,"spawning_potential",487.11675,0.0472570428589814,471.835041606157,502.893399614485,458.491379572796,517.529311786959,444.025381079247,534.390010665209,"21dcaea9db8c89ddc8c29fa3c3a5e514b50bef6e26587c168c00c05f35fbebc3","e289a150c45930c2f4f164fb43432d5c034d8caec7bda7ce664caca9e4ad20c5","2a1d8aca95b935951cb371014dc53250bca5ead96b6750c991b6e3b51a154b04","278bee47cd45eccaf00a839b10f2e01146092ada4f32ea3a0afa4a9b2b55b53f","MFCL dependent-variable gradients; annual log-scale delta method retaining full within-year covariance"
1999,"spawning_potential",462.344,0.0487992507185848,447.373854383489,477.815080701527,434.315160401225,492.181700814967,420.172116648897,508.748595791812,"21dcaea9db8c89ddc8c29fa3c3a5e514b50bef6e26587c168c00c05f35fbebc3","e289a150c45930c2f4f164fb43432d5c034d8caec7bda7ce664caca9e4ad20c5","2a1d8aca95b935951cb371014dc53250bca5ead96b6750c991b6e3b51a154b04","278bee47cd45eccaf00a839b10f2e01146092ada4f32ea3a0afa4a9b2b55b53f","MFCL dependent-variable gradients; annual log-scale delta method retaining full within-year covariance"
2000,"spawning_potential",425.063,0.0499217546470453,410.98868405797,439.619291181057,398.720268837482,453.146148039553,385.44270318228,468.75593305383,"21dcaea9db8c89ddc8c29fa3c3a5e514b50bef6e26587c168c00c05f35fbebc3","e289a150c45930c2f4f164fb43432d5c034d8caec7bda7ce664caca9e4ad20c5","2a1d8aca95b935951cb371014dc53250bca5ead96b6750c991b6e3b51a154b04","278bee47cd45eccaf00a839b10f2e01146092ada4f32ea3a0afa4a9b2b55b53f","MFCL dependent-variable gradients; annual log-scale delta method retaining full within-year covariance"
2001,"spawning_potential",396.39575,0.050500826166268,383.120971304288,410.130487201299,371.553798548492,422.898625264775,359.0398124143,437.638348687496,"21dcaea9db8c89ddc8c29fa3c3a5e514b50bef6e26587c168c00c05f35fbebc3","e289a150c45930c2f4f164fb43432d5c034d8caec7bda7ce664caca9e4ad20c5","2a1d8aca95b935951cb371014dc53250bca5ead96b6750c991b6e3b51a154b04","278bee47cd45eccaf00a839b10f2e01146092ada4f32ea3a0afa4a9b2b55b53f","MFCL dependent-variable gradients; annual log-scale delta method retaining full within-year covariance"
2002,"spawning_potential",387.395,0.0491888917432242,374.753111954181,400.463348369336,363.72814823925,412.601792716589,351.790697044108,426.602770584873,"21dcaea9db8c89ddc8c29fa3c3a5e514b50bef6e26587c168c00c05f35fbebc3","e289a150c45930c2f4f164fb43432d5c034d8caec7bda7ce664caca9e4ad20c5","2a1d8aca95b935951cb371014dc53250bca5ead96b6750c991b6e3b51a154b04","278bee47cd45eccaf00a839b10f2e01146092ada4f32ea3a0afa4a9b2b55b53f","MFCL dependent-variable gradients; annual log-scale delta method retaining full within-year covariance"
2003,"spawning_potential",380.82075,0.0490678963427094,368.423465783016,393.635197265027,357.610981815565,405.536885065117,345.902686410577,419.263710078338,"21dcaea9db8c89ddc8c29fa3c3a5e514b50bef6e26587c168c00c05f35fbebc3","e289a150c45930c2f4f164fb43432d5c034d8caec7bda7ce664caca9e4ad20c5","2a1d8aca95b935951cb371014dc53250bca5ead96b6750c991b6e3b51a154b04","278bee47cd45eccaf00a839b10f2e01146092ada4f32ea3a0afa4a9b2b55b53f","MFCL dependent-variable gradients; annual log-scale delta method retaining full within-year covariance"
2004,"spawning_potential",374.53375,0.0477965204116727,362.651985200411,386.804803540625,352.2806691771,398.192527045936,341.040916719052,411.31583634764,"21dcaea9db8c89ddc8c29fa3c3a5e514b50bef6e26587c168c00c05f35fbebc3","e289a150c45930c2f4f164fb43432d5c034d8caec7bda7ce664caca9e4ad20c5","2a1d8aca95b935951cb371014dc53250bca5ead96b6750c991b6e3b51a154b04","278bee47cd45eccaf00a839b10f2e01146092ada4f32ea3a0afa4a9b2b55b53f","MFCL dependent-variable gradients; annual log-scale delta method retaining full within-year covariance"
2005,"spawning_potential",341.74775,0.0491750985152077,330.598547519368,353.272951458506,320.875265730511,363.977959984459,310.347137635489,376.325444854714,"21dcaea9db8c89ddc8c29fa3c3a5e514b50bef6e26587c168c00c05f35fbebc3","e289a150c45930c2f4f164fb43432d5c034d8caec7bda7ce664caca9e4ad20c5","2a1d8aca95b935951cb371014dc53250bca5ead96b6750c991b6e3b51a154b04","278bee47cd45eccaf00a839b10f2e01146092ada4f32ea3a0afa4a9b2b55b53f","MFCL dependent-variable gradients; annual log-scale delta method retaining full within-year covariance"
2006,"spawning_potential",334.79625,0.0478361890828712,324.166450054169,345.774613613877,314.888180991909,355.962960124383,304.833257403279,367.704396721303,"21dcaea9db8c89ddc8c29fa3c3a5e514b50bef6e26587c168c00c05f35fbebc3","e289a150c45930c2f4f164fb43432d5c034d8caec7bda7ce664caca9e4ad20c5","2a1d8aca95b935951cb371014dc53250bca5ead96b6750c991b6e3b51a154b04","278bee47cd45eccaf00a839b10f2e01146092ada4f32ea3a0afa4a9b2b55b53f","MFCL dependent-variable gradients; annual log-scale delta method retaining full within-year covariance"
2007,"spawning_potential",332.86775,0.0471477939489596,322.448863278746,343.623289173388,313.350676251246,353.600446361321,303.486547769729,365.093411237894,"21dcaea9db8c89ddc8c29fa3c3a5e514b50bef6e26587c168c00c05f35fbebc3","e289a150c45930c2f4f164fb43432d5c034d8caec7bda7ce664caca9e4ad20c5","2a1d8aca95b935951cb371014dc53250bca5ead96b6750c991b6e3b51a154b04","278bee47cd45eccaf00a839b10f2e01146092ada4f32ea3a0afa4a9b2b55b53f","MFCL dependent-variable gradients; annual log-scale delta method retaining full within-year covariance"
2008,"spawning_potential",320.44675,0.0460423619570974,310.64817903294,330.554390839272,302.085610253567,339.923902695561,292.795597089631,350.709234039909,"21dcaea9db8c89ddc8c29fa3c3a5e514b50bef6e26587c168c00c05f35fbebc3","e289a150c45930c2f4f164fb43432d5c034d8caec7bda7ce664caca9e4ad20c5","2a1d8aca95b935951cb371014dc53250bca5ead96b6750c991b6e3b51a154b04","278bee47cd45eccaf00a839b10f2e01146092ada4f32ea3a0afa4a9b2b55b53f","MFCL dependent-variable gradients; annual log-scale delta method retaining full within-year covariance"
2009,"spawning_potential",297.8365,0.0460557612498439,288.726692313974,307.233737280468,280.766073866174,315.944798852484,272.129224864469,325.972268419275,"21dcaea9db8c89ddc8c29fa3c3a5e514b50bef6e26587c168c00c05f35fbebc3","e289a150c45930c2f4f164fb43432d5c034d8caec7bda7ce664caca9e4ad20c5","2a1d8aca95b935951cb371014dc53250bca5ead96b6750c991b6e3b51a154b04","278bee47cd45eccaf00a839b10f2e01146092ada4f32ea3a0afa4a9b2b55b53f","MFCL dependent-variable gradients; annual log-scale delta method retaining full within-year covariance"
2010,"spawning_potential",275.997,0.0461015408248218,267.546927093782,284.713955927063,260.163035542565,292.794646442143,252.152140238532,302.096757683437,"21dcaea9db8c89ddc8c29fa3c3a5e514b50bef6e26587c168c00c05f35fbebc3","e289a150c45930c2f4f164fb43432d5c034d8caec7bda7ce664caca9e4ad20c5","2a1d8aca95b935951cb371014dc53250bca5ead96b6750c991b6e3b51a154b04","278bee47cd45eccaf00a839b10f2e01146092ada4f32ea3a0afa4a9b2b55b53f","MFCL dependent-variable gradients; annual log-scale delta method retaining full within-year covariance"
2011,"spawning_potential",277.55675,0.0429770610698296,269.626543577433,285.720198198655,262.683030179292,293.272654186991,255.134772442743,301.949235429488,"21dcaea9db8c89ddc8c29fa3c3a5e514b50bef6e26587c168c00c05f35fbebc3","e289a150c45930c2f4f164fb43432d5c034d8caec7bda7ce664caca9e4ad20c5","2a1d8aca95b935951cb371014dc53250bca5ead96b6750c991b6e3b51a154b04","278bee47cd45eccaf00a839b10f2e01146092ada4f32ea3a0afa4a9b2b55b53f","MFCL dependent-variable gradients; annual log-scale delta method retaining full within-year covariance"
2012,"spawning_potential",270.365,0.0422443168169798,262.770108886914,278.179407599432,256.117065629075,285.405554860073,248.881171186994,293.703347972753,"21dcaea9db8c89ddc8c29fa3c3a5e514b50bef6e26587c168c00c05f35fbebc3","e289a150c45930c2f4f164fb43432d5c034d8caec7bda7ce664caca9e4ad20c5","2a1d8aca95b935951cb371014dc53250bca5ead96b6750c991b6e3b51a154b04","278bee47cd45eccaf00a839b10f2e01146092ada4f32ea3a0afa4a9b2b55b53f","MFCL dependent-variable gradients; annual log-scale delta method retaining full within-year covariance"
2013,"spawning_potential",253.5105,0.0427637057865602,246.302772351621,260.929152346292,239.990982133556,267.791618830431,233.128526906402,275.674429307627,"21dcaea9db8c89ddc8c29fa3c3a5e514b50bef6e26587c168c00c05f35fbebc3","e289a150c45930c2f4f164fb43432d5c034d8caec7bda7ce664caca9e4ad20c5","2a1d8aca95b935951cb371014dc53250bca5ead96b6750c991b6e3b51a154b04","278bee47cd45eccaf00a839b10f2e01146092ada4f32ea3a0afa4a9b2b55b53f","MFCL dependent-variable gradients; annual log-scale delta method retaining full within-year covariance"
2014,"spawning_potential",259.9855,0.0416388918686131,252.785386605996,267.390694999324,246.475715938631,274.235779994974,239.610606265236,282.092939305987,"21dcaea9db8c89ddc8c29fa3c3a5e514b50bef6e26587c168c00c05f35fbebc3","e289a150c45930c2f4f164fb43432d5c034d8caec7bda7ce664caca9e4ad20c5","2a1d8aca95b935951cb371014dc53250bca5ead96b6750c991b6e3b51a154b04","278bee47cd45eccaf00a839b10f2e01146092ada4f32ea3a0afa4a9b2b55b53f","MFCL dependent-variable gradients; annual log-scale delta method retaining full within-year covariance"
2015,"spawning_potential",278.90525,0.0417052461140133,271.169031083059,286.862176579951,264.389843792881,294.217574176187,257.014200455055,302.660858193186,"21dcaea9db8c89ddc8c29fa3c3a5e514b50bef6e26587c168c00c05f35fbebc3","e289a150c45930c2f4f164fb43432d5c034d8caec7bda7ce664caca9e4ad20c5","2a1d8aca95b935951cb371014dc53250bca5ead96b6750c991b6e3b51a154b04","278bee47cd45eccaf00a839b10f2e01146092ada4f32ea3a0afa4a9b2b55b53f","MFCL dependent-variable gradients; annual log-scale delta method retaining full within-year covariance"
2016,"spawning_potential",286.01275,0.0427029282741713,277.892320637796,294.370470457098,270.781002590716,302.101300977187,263.048963747387,310.981240895974,"21dcaea9db8c89ddc8c29fa3c3a5e514b50bef6e26587c168c00c05f35fbebc3","e289a150c45930c2f4f164fb43432d5c034d8caec7bda7ce664caca9e4ad20c5","2a1d8aca95b935951cb371014dc53250bca5ead96b6750c991b6e3b51a154b04","278bee47cd45eccaf00a839b10f2e01146092ada4f32ea3a0afa4a9b2b55b53f","MFCL dependent-variable gradients; annual log-scale delta method retaining full within-year covariance"
2017,"spawning_potential",278.44225,0.0438154588881652,270.333829026675,286.793875794998,263.238089801196,294.524575237631,255.52850158561,303.410719759132,"21dcaea9db8c89ddc8c29fa3c3a5e514b50bef6e26587c168c00c05f35fbebc3","e289a150c45930c2f4f164fb43432d5c034d8caec7bda7ce664caca9e4ad20c5","2a1d8aca95b935951cb371014dc53250bca5ead96b6750c991b6e3b51a154b04","278bee47cd45eccaf00a839b10f2e01146092ada4f32ea3a0afa4a9b2b55b53f","MFCL dependent-variable gradients; annual log-scale delta method retaining full within-year covariance"
2018,"spawning_potential",275.49725,0.0445328164737228,267.345202992237,283.897874014842,260.214566389022,291.677502189072,252.47063130147,300.624014628194,"21dcaea9db8c89ddc8c29fa3c3a5e514b50bef6e26587c168c00c05f35fbebc3","e289a150c45930c2f4f164fb43432d5c034d8caec7bda7ce664caca9e4ad20c5","2a1d8aca95b935951cb371014dc53250bca5ead96b6750c991b6e3b51a154b04","278bee47cd45eccaf00a839b10f2e01146092ada4f32ea3a0afa4a9b2b55b53f","MFCL dependent-variable gradients; annual log-scale delta method retaining full within-year covariance"
2019,"spawning_potential",273.31525,0.0467398425053328,264.83324033997,282.068919243927,257.42447407771,290.186961244455,249.389886951638,299.535906590505,"21dcaea9db8c89ddc8c29fa3c3a5e514b50bef6e26587c168c00c05f35fbebc3","e289a150c45930c2f4f164fb43432d5c034d8caec7bda7ce664caca9e4ad20c5","2a1d8aca95b935951cb371014dc53250bca5ead96b6750c991b6e3b51a154b04","278bee47cd45eccaf00a839b10f2e01146092ada4f32ea3a0afa4a9b2b55b53f","MFCL dependent-variable gradients; annual log-scale delta method retaining full within-year covariance"
2020,"spawning_potential",277.377,0.0476028571274203,268.612535419448,286.427437233555,260.96128829307,294.825338395002,252.668336590834,304.501945780376,"21dcaea9db8c89ddc8c29fa3c3a5e514b50bef6e26587c168c00c05f35fbebc3","e289a150c45930c2f4f164fb43432d5c034d8caec7bda7ce664caca9e4ad20c5","2a1d8aca95b935951cb371014dc53250bca5ead96b6750c991b6e3b51a154b04","278bee47cd45eccaf00a839b10f2e01146092ada4f32ea3a0afa4a9b2b55b53f","MFCL dependent-variable gradients; annual log-scale delta method retaining full within-year covariance"
2021,"spawning_potential",283.169,0.0472727204840766,274.282590505819,292.343317937632,266.52324514407,300.854368322192,258.111345351433,310.659271686892,"21dcaea9db8c89ddc8c29fa3c3a5e514b50bef6e26587c168c00c05f35fbebc3","e289a150c45930c2f4f164fb43432d5c034d8caec7bda7ce664caca9e4ad20c5","2a1d8aca95b935951cb371014dc53250bca5ead96b6750c991b6e3b51a154b04","278bee47cd45eccaf00a839b10f2e01146092ada4f32ea3a0afa4a9b2b55b53f","MFCL dependent-variable gradients; annual log-scale delta method retaining full within-year covariance"
2022,"spawning_potential",284.43275,0.0466264436247864,275.626803005964,293.520036477773,267.934528543958,301.946858854698,259.591877489502,311.650695911448,"21dcaea9db8c89ddc8c29fa3c3a5e514b50bef6e26587c168c00c05f35fbebc3","e289a150c45930c2f4f164fb43432d5c034d8caec7bda7ce664caca9e4ad20c5","2a1d8aca95b935951cb371014dc53250bca5ead96b6750c991b6e3b51a154b04","278bee47cd45eccaf00a839b10f2e01146092ada4f32ea3a0afa4a9b2b55b53f","MFCL dependent-variable gradients; annual log-scale delta method retaining full within-year covariance"
2023,"spawning_potential",270.23825,0.0475082326887525,261.716056253007,279.037949786558,254.275856608925,287.202696854465,246.211162597602,296.61007645871,"21dcaea9db8c89ddc8c29fa3c3a5e514b50bef6e26587c168c00c05f35fbebc3","e289a150c45930c2f4f164fb43432d5c034d8caec7bda7ce664caca9e4ad20c5","2a1d8aca95b935951cb371014dc53250bca5ead96b6750c991b6e3b51a154b04","278bee47cd45eccaf00a839b10f2e01146092ada4f32ea3a0afa4a9b2b55b53f","MFCL dependent-variable gradients; annual log-scale delta method retaining full within-year covariance"
2024,"spawning_potential",233.5975,0.0540316673620638,225.237577023887,242.267710065373,217.969507890722,250.345988915144,210.124334967812,259.692871911333,"21dcaea9db8c89ddc8c29fa3c3a5e514b50bef6e26587c168c00c05f35fbebc3","e289a150c45930c2f4f164fb43432d5c034d8caec7bda7ce664caca9e4ad20c5","2a1d8aca95b935951cb371014dc53250bca5ead96b6750c991b6e3b51a154b04","278bee47cd45eccaf00a839b10f2e01146092ada4f32ea3a0afa4a9b2b55b53f","MFCL dependent-variable gradients; annual log-scale delta method retaining full within-year covariance"
1952,"recruitment",82.437,0.0546822540429301,79.4518950962524,85.5342589470915,76.8577443339303,88.4212648692038,74.0587810753875,91.7630410643974,"21dcaea9db8c89ddc8c29fa3c3a5e514b50bef6e26587c168c00c05f35fbebc3","e289a150c45930c2f4f164fb43432d5c034d8caec7bda7ce664caca9e4ad20c5","2a1d8aca95b935951cb371014dc53250bca5ead96b6750c991b6e3b51a154b04","278bee47cd45eccaf00a839b10f2e01146092ada4f32ea3a0afa4a9b2b55b53f","MFCL dependent-variable gradients; annual log-scale delta method retaining full within-year covariance"
1953,"recruitment",68.3822,0.256013368024388,57.5373420629247,81.271138171903,49.2553614810137,94.9363711124623,41.4022644400511,112.943708274963,"21dcaea9db8c89ddc8c29fa3c3a5e514b50bef6e26587c168c00c05f35fbebc3","e289a150c45930c2f4f164fb43432d5c034d8caec7bda7ce664caca9e4ad20c5","2a1d8aca95b935951cb371014dc53250bca5ead96b6750c991b6e3b51a154b04","278bee47cd45eccaf00a839b10f2e01146092ada4f32ea3a0afa4a9b2b55b53f","MFCL dependent-variable gradients; annual log-scale delta method retaining full within-year covariance"
1954,"recruitment",96.5854,0.170788792947418,86.076144078934,108.37775777462,77.5988762756378,120.217455985104,69.1091893331344,134.985514707627,"21dcaea9db8c89ddc8c29fa3c3a5e514b50bef6e26587c168c00c05f35fbebc3","e289a150c45930c2f4f164fb43432d5c034d8caec7bda7ce664caca9e4ad20c5","2a1d8aca95b935951cb371014dc53250bca5ead96b6750c991b6e3b51a154b04","278bee47cd45eccaf00a839b10f2e01146092ada4f32ea3a0afa4a9b2b55b53f","MFCL dependent-variable gradients; annual log-scale delta method retaining full within-year covariance"
1955,"recruitment",107.04986,0.108451313575547,99.4987824924337,115.173997499829,93.1590974256213,123.011845785314,86.5510175681341,132.403671822788,"21dcaea9db8c89ddc8c29fa3c3a5e514b50bef6e26587c168c00c05f35fbebc3","e289a150c45930c2f4f164fb43432d5c034d8caec7bda7ce664caca9e4ad20c5","2a1d8aca95b935951cb371014dc53250bca5ead96b6750c991b6e3b51a154b04","278bee47cd45eccaf00a839b10f2e01146092ada4f32ea3a0afa4a9b2b55b53f","MFCL dependent-variable gradients; annual log-scale delta method retaining full within-year covariance"
1956,"recruitment",56.4729,0.124324012688075,51.9304646172006,61.4126689972587,48.1553981934022,66.227018237946,44.2603963572766,72.0551259565411,"21dcaea9db8c89ddc8c29fa3c3a5e514b50bef6e26587c168c00c05f35fbebc3","e289a150c45930c2f4f164fb43432d5c034d8caec7bda7ce664caca9e4ad20c5","2a1d8aca95b935951cb371014dc53250bca5ead96b6750c991b6e3b51a154b04","278bee47cd45eccaf00a839b10f2e01146092ada4f32ea3a0afa4a9b2b55b53f","MFCL dependent-variable gradients; annual log-scale delta method retaining full within-year covariance"
1957,"recruitment",43.07299,0.144431865220691,39.0748214091837,47.4802545637241,35.7946784439184,51.8312371613249,32.4537131844327,57.167032228227,"21dcaea9db8c89ddc8c29fa3c3a5e514b50bef6e26587c168c00c05f35fbebc3","e289a150c45930c2f4f164fb43432d5c034d8caec7bda7ce664caca9e4ad20c5","2a1d8aca95b935951cb371014dc53250bca5ead96b6750c991b6e3b51a154b04","278bee47cd45eccaf00a839b10f2e01146092ada4f32ea3a0afa4a9b2b55b53f","MFCL dependent-variable gradients; annual log-scale delta method retaining full within-year covariance"
1958,"recruitment",89.7189,0.13286949852103,82.0281379672431,98.1307294872944,75.6715553872651,106.373933719415,69.1488907983209,116.407955706579,"21dcaea9db8c89ddc8c29fa3c3a5e514b50bef6e26587c168c00c05f35fbebc3","e289a150c45930c2f4f164fb43432d5c034d8caec7bda7ce664caca9e4ad20c5","2a1d8aca95b935951cb371014dc53250bca5ead96b6750c991b6e3b51a154b04","278bee47cd45eccaf00a839b10f2e01146092ada4f32ea3a0afa4a9b2b55b53f","MFCL dependent-variable gradients; annual log-scale delta method retaining full within-year covariance"
1959,"recruitment",42.8207,0.246361581131043,36.2650065421602,50.5614784974137,31.2274201727013,58.7180221212423,26.4210701702127,69.3996244920174,"21dcaea9db8c89ddc8c29fa3c3a5e514b50bef6e26587c168c00c05f35fbebc3","e289a150c45930c2f4f164fb43432d5c034d8caec7bda7ce664caca9e4ad20c5","2a1d8aca95b935951cb371014dc53250bca5ead96b6750c991b6e3b51a154b04","278bee47cd45eccaf00a839b10f2e01146092ada4f32ea3a0afa4a9b2b55b53f","MFCL dependent-variable gradients; annual log-scale delta method retaining full within-year covariance"
1960,"recruitment",54.32561,0.11473841681664,50.2799238246971,58.6968252410609,46.8969460485297,62.9310040533999,43.3849492806349,68.0252472529549,"21dcaea9db8c89ddc8c29fa3c3a5e514b50bef6e26587c168c00c05f35fbebc3","e289a150c45930c2f4f164fb43432d5c034d8caec7bda7ce664caca9e4ad20c5","2a1d8aca95b935951cb371014dc53250bca5ead96b6750c991b6e3b51a154b04","278bee47cd45eccaf00a839b10f2e01146092ada4f32ea3a0afa4a9b2b55b53f","MFCL dependent-variable gradients; annual log-scale delta method retaining full within-year covariance"
1961,"recruitment",55.37976,0.108991139337032,51.4546469378856,59.6042923267919,48.1603668741889,63.6813632601558,44.7278109163596,68.5684757385667,"21dcaea9db8c89ddc8c29fa3c3a5e514b50bef6e26587c168c00c05f35fbebc3","e289a150c45930c2f4f164fb43432d5c034d8caec7bda7ce664caca9e4ad20c5","2a1d8aca95b935951cb371014dc53250bca5ead96b6750c991b6e3b51a154b04","278bee47cd45eccaf00a839b10f2e01146092ada4f32ea3a0afa4a9b2b55b53f","MFCL dependent-variable gradients; annual log-scale delta method retaining full within-year covariance"
1962,"recruitment",59.0718,0.109447332862824,54.8681233630132,63.5975379028959,51.3410821024181,67.9665759338495,47.6670709279007,73.2052019835253,"21dcaea9db8c89ddc8c29fa3c3a5e514b50bef6e26587c168c00c05f35fbebc3","e289a150c45930c2f4f164fb43432d5c034d8caec7bda7ce664caca9e4ad20c5","2a1d8aca95b935951cb371014dc53250bca5ead96b6750c991b6e3b51a154b04","278bee47cd45eccaf00a839b10f2e01146092ada4f32ea3a0afa4a9b2b55b53f","MFCL dependent-variable gradients; annual log-scale delta method retaining full within-year covariance"
1963,"recruitment",63.3408,0.125704133861431,58.1917458870737,68.9454644035901,53.9163268321595,74.4126534644961,49.5089814328627,81.0369518524756,"21dcaea9db8c89ddc8c29fa3c3a5e514b50bef6e26587c168c00c05f35fbebc3","e289a150c45930c2f4f164fb43432d5c034d8caec7bda7ce664caca9e4ad20c5","2a1d8aca95b935951cb371014dc53250bca5ead96b6750c991b6e3b51a154b04","278bee47cd45eccaf00a839b10f2e01146092ada4f32ea3a0afa4a9b2b55b53f","MFCL dependent-variable gradients; annual log-scale delta method retaining full within-year covariance"
1964,"recruitment",48.77267,0.131011262838094,44.6477699545987,53.2786596362556,41.2343821276172,57.6890744128718,37.7276315466512,63.0512237691752,"21dcaea9db8c89ddc8c29fa3c3a5e514b50bef6e26587c168c00c05f35fbebc3","e289a150c45930c2f4f164fb43432d5c034d8caec7bda7ce664caca9e4ad20c5","2a1d8aca95b935951cb371014dc53250bca5ead96b6750c991b6e3b51a154b04","278bee47cd45eccaf00a839b10f2e01146092ada4f32ea3a0afa4a9b2b55b53f","MFCL dependent-variable gradients; annual log-scale delta method retaining full within-year covariance"
1965,"recruitment",41.73903,0.120601673609994,38.4782085581982,45.2761885394406,35.7617683167994,48.7153378409007,32.9523218897313,52.8687062226044,"21dcaea9db8c89ddc8c29fa3c3a5e514b50bef6e26587c168c00c05f35fbebc3","e289a150c45930c2f4f164fb43432d5c034d8caec7bda7ce664caca9e4ad20c5","2a1d8aca95b935951cb371014dc53250bca5ead96b6750c991b6e3b51a154b04","278bee47cd45eccaf00a839b10f2e01146092ada4f32ea3a0afa4a9b2b55b53f","MFCL dependent-variable gradients; annual log-scale delta method retaining full within-year covariance"
1966,"recruitment",78.48607,0.0964209771107682,73.5441713199176,83.7600461530606,69.3629388574326,88.8091434059072,64.9709024024591,94.8126462194827,"21dcaea9db8c89ddc8c29fa3c3a5e514b50bef6e26587c168c00c05f35fbebc3","e289a150c45930c2f4f164fb43432d5c034d8caec7bda7ce664caca9e4ad20c5","2a1d8aca95b935951cb371014dc53250bca5ead96b6750c991b6e3b51a154b04","278bee47cd45eccaf00a839b10f2e01146092ada4f32ea3a0afa4a9b2b55b53f","MFCL dependent-variable gradients; annual log-scale delta method retaining full within-year covariance"
1967,"recruitment",34.78,0.20612075988566,30.2657336245311,39.9675889243785,26.7059964518853,45.2950108856398,23.2209117933335,52.0930620970396,"21dcaea9db8c89ddc8c29fa3c3a5e514b50bef6e26587c168c00c05f35fbebc3","e289a150c45930c2f4f164fb43432d5c034d8caec7bda7ce664caca9e4ad20c5","2a1d8aca95b935951cb371014dc53250bca5ead96b6750c991b6e3b51a154b04","278bee47cd45eccaf00a839b10f2e01146092ada4f32ea3a0afa4a9b2b55b53f","MFCL dependent-variable gradients; annual log-scale delta method retaining full within-year covariance"
1968,"recruitment",51.4679,0.119731053549533,47.4748902031906,55.7967531693623,44.1466388204753,60.0033162475195,40.7025099295534,65.0806236518266,"21dcaea9db8c89ddc8c29fa3c3a5e514b50bef6e26587c168c00c05f35fbebc3","e289a150c45930c2f4f164fb43432d5c034d8caec7bda7ce664caca9e4ad20c5","2a1d8aca95b935951cb371014dc53250bca5ead96b6750c991b6e3b51a154b04","278bee47cd45eccaf00a839b10f2e01146092ada4f32ea3a0afa4a9b2b55b53f","MFCL dependent-variable gradients; annual log-scale delta method retaining full within-year covariance"
1969,"recruitment",55.8587,0.14563317043834,50.632679463575,61.6241209974806,46.3484972737916,67.3202919019849,41.9882374676793,74.3111536437267,"21dcaea9db8c89ddc8c29fa3c3a5e514b50bef6e26587c168c00c05f35fbebc3","e289a150c45930c2f4f164fb43432d5c034d8caec7bda7ce664caca9e4ad20c5","2a1d8aca95b935951cb371014dc53250bca5ead96b6750c991b6e3b51a154b04","278bee47cd45eccaf00a839b10f2e01146092ada4f32ea3a0afa4a9b2b55b53f","MFCL dependent-variable gradients; annual log-scale delta method retaining full within-year covariance"
1970,"recruitment",52.35582,0.132545726126144,47.8782998845467,57.2520723267606,44.1767628338307,62.0491795241554,40.3777243896848,67.8872306279021,"21dcaea9db8c89ddc8c29fa3c3a5e514b50bef6e26587c168c00c05f35fbebc3","e289a150c45930c2f4f164fb43432d5c034d8caec7bda7ce664caca9e4ad20c5","2a1d8aca95b935951cb371014dc53250bca5ead96b6750c991b6e3b51a154b04","278bee47cd45eccaf00a839b10f2e01146092ada4f32ea3a0afa4a9b2b55b53f","MFCL dependent-variable gradients; annual log-scale delta method retaining full within-year covariance"
1971,"recruitment",36.8581,0.108127225609263,34.2656946988385,39.6466363092896,32.088727147863,42.3363485048821,29.8191241172314,45.5586666553013,"21dcaea9db8c89ddc8c29fa3c3a5e514b50bef6e26587c168c00c05f35fbebc3","e289a150c45930c2f4f164fb43432d5c034d8caec7bda7ce664caca9e4ad20c5","2a1d8aca95b935951cb371014dc53250bca5ead96b6750c991b6e3b51a154b04","278bee47cd45eccaf00a839b10f2e01146092ada4f32ea3a0afa4a9b2b55b53f","MFCL dependent-variable gradients; annual log-scale delta method retaining full within-year covariance"
1972,"recruitment",39.9613,0.132831038368952,36.536739350461,43.7068421013833,33.7061954129634,47.3772099794992,30.8016245756604,51.8448464874765,"21dcaea9db8c89ddc8c29fa3c3a5e514b50bef6e26587c168c00c05f35fbebc3","e289a150c45930c2f4f164fb43432d5c034d8caec7bda7ce664caca9e4ad20c5","2a1d8aca95b935951cb371014dc53250bca5ead96b6750c991b6e3b51a154b04","278bee47cd45eccaf00a839b10f2e01146092ada4f32ea3a0afa4a9b2b55b53f","MFCL dependent-variable gradients; annual log-scale delta method retaining full within-year covariance"
1973,"recruitment",61.7086,0.0930374950378077,57.9552098662925,65.7050733272343,54.7726486919119,69.5228623209217,51.4223635227508,74.0524365877357,"21dcaea9db8c89ddc8c29fa3c3a5e514b50bef6e26587c168c00c05f35fbebc3","e289a150c45930c2f4f164fb43432d5c034d8caec7bda7ce664caca9e4ad20c5","2a1d8aca95b935951cb371014dc53250bca5ead96b6750c991b6e3b51a154b04","278bee47cd45eccaf00a839b10f2e01146092ada4f32ea3a0afa4a9b2b55b53f","MFCL dependent-variable gradients; annual log-scale delta method retaining full within-year covariance"
1974,"recruitment",28.34834,0.18035692716741,25.1012984510248,32.0154107694294,22.4981204980064,35.7198007196562,19.9070789191746,40.3689754794482,"21dcaea9db8c89ddc8c29fa3c3a5e514b50bef6e26587c168c00c05f35fbebc3","e289a150c45930c2f4f164fb43432d5c034d8caec7bda7ce664caca9e4ad20c5","2a1d8aca95b935951cb371014dc53250bca5ead96b6750c991b6e3b51a154b04","278bee47cd45eccaf00a839b10f2e01146092ada4f32ea3a0afa4a9b2b55b53f","MFCL dependent-variable gradients; annual log-scale delta method retaining full within-year covariance"
1975,"recruitment",88.2075,0.0670434924297986,84.3075856503927,92.2878172376386,80.9451933806455,96.1213721445056,77.3460232163299,100.594222336273,"21dcaea9db8c89ddc8c29fa3c3a5e514b50bef6e26587c168c00c05f35fbebc3","e289a150c45930c2f4f164fb43432d5c034d8caec7bda7ce664caca9e4ad20c5","2a1d8aca95b935951cb371014dc53250bca5ead96b6750c991b6e3b51a154b04","278bee47cd45eccaf00a839b10f2e01146092ada4f32ea3a0afa4a9b2b55b53f","MFCL dependent-variable gradients; annual log-scale delta method retaining full within-year covariance"
1976,"recruitment",31.8923,0.151079206584044,28.8025298424301,35.3135229736536,26.2784393824794,38.705449151145,23.7184872695792,42.8829540320025,"21dcaea9db8c89ddc8c29fa3c3a5e514b50bef6e26587c168c00c05f35fbebc3","e289a150c45930c2f4f164fb43432d5c034d8caec7bda7ce664caca9e4ad20c5","2a1d8aca95b935951cb371014dc53250bca5ead96b6750c991b6e3b51a154b04","278bee47cd45eccaf00a839b10f2e01146092ada4f32ea3a0afa4a9b2b55b53f","MFCL dependent-variable gradients; annual log-scale delta method retaining full within-year covariance"
1977,"recruitment",70.14707,0.0752435782518747,66.6758631580252,73.7989910670192,63.6987865234641,77.2481188126299,60.5288030123342,81.293717778992,"21dcaea9db8c89ddc8c29fa3c3a5e514b50bef6e26587c168c00c05f35fbebc3","e289a150c45930c2f4f164fb43432d5c034d8caec7bda7ce664caca9e4ad20c5","2a1d8aca95b935951cb371014dc53250bca5ead96b6750c991b6e3b51a154b04","278bee47cd45eccaf00a839b10f2e01146092ada4f32ea3a0afa4a9b2b55b53f","MFCL dependent-variable gradients; annual log-scale delta method retaining full within-year covariance"
1978,"recruitment",9.42608,0.362155706580938,7.38322107608029,12.0341763101547,5.92605720832518,14.9932714185713,4.63514820610776,19.168962936141,"21dcaea9db8c89ddc8c29fa3c3a5e514b50bef6e26587c168c00c05f35fbebc3","e289a150c45930c2f4f164fb43432d5c034d8caec7bda7ce664caca9e4ad20c5","2a1d8aca95b935951cb371014dc53250bca5ead96b6750c991b6e3b51a154b04","278bee47cd45eccaf00a839b10f2e01146092ada4f32ea3a0afa4a9b2b55b53f","MFCL dependent-variable gradients; annual log-scale delta method retaining full within-year covariance"
1979,"recruitment",37.79623,0.137354249432437,34.4519406698111,41.4651533248659,31.6957565392477,45.0708598939411,28.8756875608833,49.4725882873211,"21dcaea9db8c89ddc8c29fa3c3a5e514b50bef6e26587c168c00c05f35fbebc3","e289a150c45930c2f4f164fb43432d5c034d8caec7bda7ce664caca9e4ad20c5","2a1d8aca95b935951cb371014dc53250bca5ead96b6750c991b6e3b51a154b04","278bee47cd45eccaf00a839b10f2e01146092ada4f32ea3a0afa4a9b2b55b53f","MFCL dependent-variable gradients; annual log-scale delta method retaining full within-year covariance"
1980,"recruitment",54.8899,0.116775015663633,50.7324532612638,59.3880431228912,47.2605616806721,63.7508530340249,43.660968591168,69.00674032732,"21dcaea9db8c89ddc8c29fa3c3a5e514b50bef6e26587c168c00c05f35fbebc3","e289a150c45930c2f4f164fb43432d5c034d8caec7bda7ce664caca9e4ad20c5","2a1d8aca95b935951cb371014dc53250bca5ead96b6750c991b6e3b51a154b04","278bee47cd45eccaf00a839b10f2e01146092ada4f32ea3a0afa4a9b2b55b53f","MFCL dependent-variable gradients; annual log-scale delta method retaining full within-year covariance"
1981,"recruitment",68.4118,0.0915239325540583,64.3163174698294,72.7680713597363,60.840317459623,76.9255417239731,57.1775713851611,81.8533258034567,"21dcaea9db8c89ddc8c29fa3c3a5e514b50bef6e26587c168c00c05f35fbebc3","e289a150c45930c2f4f164fb43432d5c034d8caec7bda7ce664caca9e4ad20c5","2a1d8aca95b935951cb371014dc53250bca5ead96b6750c991b6e3b51a154b04","278bee47cd45eccaf00a839b10f2e01146092ada4f32ea3a0afa4a9b2b55b53f","MFCL dependent-variable gradients; annual log-scale delta method retaining full within-year covariance"
1982,"recruitment",71.99578,0.0804584527381218,68.1928079833273,76.0108359092018,64.9420835323227,79.8156150199361,61.4922921810609,84.2933667612547,"21dcaea9db8c89ddc8c29fa3c3a5e514b50bef6e26587c168c00c05f35fbebc3","e289a150c45930c2f4f164fb43432d5c034d8caec7bda7ce664caca9e4ad20c5","2a1d8aca95b935951cb371014dc53250bca5ead96b6750c991b6e3b51a154b04","278bee47cd45eccaf00a839b10f2e01146092ada4f32ea3a0afa4a9b2b55b53f","MFCL dependent-variable gradients; annual log-scale delta method retaining full within-year covariance"
1983,"recruitment",60.8232,0.083106726825222,57.5075739340337,64.3299900372012,54.6782353633006,67.6587609980376,51.6807361461174,71.5829907643049,"21dcaea9db8c89ddc8c29fa3c3a5e514b50bef6e26587c168c00c05f35fbebc3","e289a150c45930c2f4f164fb43432d5c034d8caec7bda7ce664caca9e4ad20c5","2a1d8aca95b935951cb371014dc53250bca5ead96b6750c991b6e3b51a154b04","278bee47cd45eccaf00a839b10f2e01146092ada4f32ea3a0afa4a9b2b55b53f","MFCL dependent-variable gradients; annual log-scale delta method retaining full within-year covariance"
1984,"recruitment",59.4603,0.117460277160658,54.9312888163591,64.36272208922,51.1507656436726,69.1197332356519,47.2329125848492,74.8530438333393,"21dcaea9db8c89ddc8c29fa3c3a5e514b50bef6e26587c168c00c05f35fbebc3","e289a150c45930c2f4f164fb43432d5c034d8caec7bda7ce664caca9e4ad20c5","2a1d8aca95b935951cb371014dc53250bca5ead96b6750c991b6e3b51a154b04","278bee47cd45eccaf00a839b10f2e01146092ada4f32ea3a0afa4a9b2b55b53f","MFCL dependent-variable gradients; annual log-scale delta method retaining full within-year covariance"
1985,"recruitment",70.39451,0.107361446168307,65.4771405285047,75.6811766387818,61.3457594257017,80.7779883162383,57.0364598221348,86.8810415932759,"21dcaea9db8c89ddc8c29fa3c3a5e514b50bef6e26587c168c00c05f35fbebc3","e289a150c45930c2f4f164fb43432d5c034d8caec7bda7ce664caca9e4ad20c5","2a1d8aca95b935951cb371014dc53250bca5ead96b6750c991b6e3b51a154b04","278bee47cd45eccaf00a839b10f2e01146092ada4f32ea3a0afa4a9b2b55b53f","MFCL dependent-variable gradients; annual log-scale delta method retaining full within-year covariance"
1986,"recruitment",53.6439,0.113651084398874,49.6854071452289,57.9177704793415,46.3730298760644,62.0547765565631,42.9319253782636,67.0286268751171,"21dcaea9db8c89ddc8c29fa3c3a5e514b50bef6e26587c168c00c05f35fbebc3","e289a150c45930c2f4f164fb43432d5c034d8caec7bda7ce664caca9e4ad20c5","2a1d8aca95b935951cb371014dc53250bca5ead96b6750c991b6e3b51a154b04","278bee47cd45eccaf00a839b10f2e01146092ada4f32ea3a0afa4a9b2b55b53f","MFCL dependent-variable gradients; annual log-scale delta method retaining full within-year covariance"
1987,"recruitment",91.19552,0.106501876846323,84.8743008771796,97.9875272269431,79.5605308320649,104.53201833991,74.0148634273915,112.364226358791,"21dcaea9db8c89ddc8c29fa3c3a5e514b50bef6e26587c168c00c05f35fbebc3","e289a150c45930c2f4f164fb43432d5c034d8caec7bda7ce664caca9e4ad20c5","2a1d8aca95b935951cb371014dc53250bca5ead96b6750c991b6e3b51a154b04","278bee47cd45eccaf00a839b10f2e01146092ada4f32ea3a0afa4a9b2b55b53f","MFCL dependent-variable gradients; annual log-scale delta method retaining full within-year covariance"
1988,"recruitment",84.8704,0.131076706151993,77.6891410104853,92.7154645098708,71.7468412360228,100.394451826313,65.6422644594981,109.730900593844,"21dcaea9db8c89ddc8c29fa3c3a5e514b50bef6e26587c168c00c05f35fbebc3","e289a150c45930c2f4f164fb43432d5c034d8caec7bda7ce664caca9e4ad20c5","2a1d8aca95b935951cb371014dc53250bca5ead96b6750c991b6e3b51a154b04","278bee47cd45eccaf00a839b10f2e01146092ada4f32ea3a0afa4a9b2b55b53f","MFCL dependent-variable gradients; annual log-scale delta method retaining full within-year covariance"
1989,"recruitment",75.9674,0.108920124025441,70.5864919223679,81.7585023081624,66.0701823130009,87.3472065722514,61.3640881574048,94.0459808993936,"21dcaea9db8c89ddc8c29fa3c3a5e514b50bef6e26587c168c00c05f35fbebc3","e289a150c45930c2f4f164fb43432d5c034d8caec7bda7ce664caca9e4ad20c5","2a1d8aca95b935951cb371014dc53250bca5ead96b6750c991b6e3b51a154b04","278bee47cd45eccaf00a839b10f2e01146092ada4f32ea3a0afa4a9b2b55b53f","MFCL dependent-variable gradients; annual log-scale delta method retaining full within-year covariance"
1990,"recruitment",71.9246,0.0822469762566479,68.0432549805552,76.027345938085,64.7293419797252,79.9196767175597,61.216529123721,84.5057398583455,"21dcaea9db8c89ddc8c29fa3c3a5e514b50bef6e26587c168c00c05f35fbebc3","e289a150c45930c2f4f164fb43432d5c034d8caec7bda7ce664caca9e4ad20c5","2a1d8aca95b935951cb371014dc53250bca5ead96b6750c991b6e3b51a154b04","278bee47cd45eccaf00a839b10f2e01146092ada4f32ea3a0afa4a9b2b55b53f","MFCL dependent-variable gradients; annual log-scale delta method retaining full within-year covariance"
1991,"recruitment",70.89302,0.242566717161747,60.1934303347956,83.4944985983821,51.9514809337716,96.7406548261325,44.0687075266613,114.04510290391,"21dcaea9db8c89ddc8c29fa3c3a5e514b50bef6e26587c168c00c05f35fbebc3","e289a150c45930c2f4f164fb43432d5c034d8caec7bda7ce664caca9e4ad20c5","2a1d8aca95b935951cb371014dc53250bca5ead96b6750c991b6e3b51a154b04","278bee47cd45eccaf00a839b10f2e01146092ada4f32ea3a0afa4a9b2b55b53f","MFCL dependent-variable gradients; annual log-scale delta method retaining full within-year covariance"
1992,"recruitment",89.7653,0.168446988995278,80.1245836401319,100.566002567708,72.3362208686642,111.393835444072,64.5247231262318,124.879405810487,"21dcaea9db8c89ddc8c29fa3c3a5e514b50bef6e26587c168c00c05f35fbebc3","e289a150c45930c2f4f164fb43432d5c034d8caec7bda7ce664caca9e4ad20c5","2a1d8aca95b935951cb371014dc53250bca5ead96b6750c991b6e3b51a154b04","278bee47cd45eccaf00a839b10f2e01146092ada4f32ea3a0afa4a9b2b55b53f","MFCL dependent-variable gradients; annual log-scale delta method retaining full within-year covariance"
1993,"recruitment",50.5303,0.197257787301764,44.2353746603822,57.7210261627281,39.243158771481,65.0638556635649,34.3277820138599,74.3803143779897,"21dcaea9db8c89ddc8c29fa3c3a5e514b50bef6e26587c168c00c05f35fbebc3","e289a150c45930c2f4f164fb43432d5c034d8caec7bda7ce664caca9e4ad20c5","2a1d8aca95b935951cb371014dc53250bca5ead96b6750c991b6e3b51a154b04","278bee47cd45eccaf00a839b10f2e01146092ada4f32ea3a0afa4a9b2b55b53f","MFCL dependent-variable gradients; annual log-scale delta method retaining full within-year covariance"
1994,"recruitment",101.3733,0.0880218684180019,95.5299580194971,107.574065412994,90.5593267021588,113.478603774171,85.3098609450428,120.461407849559,"21dcaea9db8c89ddc8c29fa3c3a5e514b50bef6e26587c168c00c05f35fbebc3","e289a150c45930c2f4f164fb43432d5c034d8caec7bda7ce664caca9e4ad20c5","2a1d8aca95b935951cb371014dc53250bca5ead96b6750c991b6e3b51a154b04","278bee47cd45eccaf00a839b10f2e01146092ada4f32ea3a0afa4a9b2b55b53f","MFCL dependent-variable gradients; annual log-scale delta method retaining full within-year covariance"
1995,"recruitment",38.3537,0.138859258006557,34.924614135452,42.1194718998135,32.101273539032,45.8239235244484,29.2152799491583,50.3505804582366,"21dcaea9db8c89ddc8c29fa3c3a5e514b50bef6e26587c168c00c05f35fbebc3","e289a150c45930c2f4f164fb43432d5c034d8caec7bda7ce664caca9e4ad20c5","2a1d8aca95b935951cb371014dc53250bca5ead96b6750c991b6e3b51a154b04","278bee47cd45eccaf00a839b10f2e01146092ada4f32ea3a0afa4a9b2b55b53f","MFCL dependent-variable gradients; annual log-scale delta method retaining full within-year covariance"
1996,"recruitment",113.4795,0.0700832050709343,108.240088380641,118.972527765907,103.731617500166,124.143411918062,98.915074238503,130.188416875669,"21dcaea9db8c89ddc8c29fa3c3a5e514b50bef6e26587c168c00c05f35fbebc3","e289a150c45930c2f4f164fb43432d5c034d8caec7bda7ce664caca9e4ad20c5","2a1d8aca95b935951cb371014dc53250bca5ead96b6750c991b6e3b51a154b04","278bee47cd45eccaf00a839b10f2e01146092ada4f32ea3a0afa4a9b2b55b53f","MFCL dependent-variable gradients; annual log-scale delta method retaining full within-year covariance"
1997,"recruitment",44.3208,0.211754793586114,38.4219017467211,51.1253535962111,33.7871112426943,58.1385398275132,29.2658797510791,67.1202550324006,"21dcaea9db8c89ddc8c29fa3c3a5e514b50bef6e26587c168c00c05f35fbebc3","e289a150c45930c2f4f164fb43432d5c034d8caec7bda7ce664caca9e4ad20c5","2a1d8aca95b935951cb371014dc53250bca5ead96b6750c991b6e3b51a154b04","278bee47cd45eccaf00a839b10f2e01146092ada4f32ea3a0afa4a9b2b55b53f","MFCL dependent-variable gradients; annual log-scale delta method retaining full within-year covariance"
1998,"recruitment",110.7434,0.0745887028791696,105.309801649337,116.457352036397,100.647724574553,121.851742753267,95.6814688878566,128.176341627177,"21dcaea9db8c89ddc8c29fa3c3a5e514b50bef6e26587c168c00c05f35fbebc3","e289a150c45930c2f4f164fb43432d5c034d8caec7bda7ce664caca9e4ad20c5","2a1d8aca95b935951cb371014dc53250bca5ead96b6750c991b6e3b51a154b04","278bee47cd45eccaf00a839b10f2e01146092ada4f32ea3a0afa4a9b2b55b53f","MFCL dependent-variable gradients; annual log-scale delta method retaining full within-year covariance"
1999,"recruitment",74.4716,0.106107278616826,69.3280490709137,79.9967586119023,65.0031607493517,85.3192235981434,60.4883872339867,91.6873380192199,"21dcaea9db8c89ddc8c29fa3c3a5e514b50bef6e26587c168c00c05f35fbebc3","e289a150c45930c2f4f164fb43432d5c034d8caec7bda7ce664caca9e4ad20c5","2a1d8aca95b935951cb371014dc53250bca5ead96b6750c991b6e3b51a154b04","278bee47cd45eccaf00a839b10f2e01146092ada4f32ea3a0afa4a9b2b55b53f","MFCL dependent-variable gradients; annual log-scale delta method retaining full within-year covariance"
2000,"recruitment",118.3027,0.0670536975130525,113.071409587116,123.776017990711,108.561173269016,128.918363774578,103.733360123762,134.918302179667,"21dcaea9db8c89ddc8c29fa3c3a5e514b50bef6e26587c168c00c05f35fbebc3","e289a150c45930c2f4f164fb43432d5c034d8caec7bda7ce664caca9e4ad20c5","2a1d8aca95b935951cb371014dc53250bca5ead96b6750c991b6e3b51a154b04","278bee47cd45eccaf00a839b10f2e01146092ada4f32ea3a0afa4a9b2b55b53f","MFCL dependent-variable gradients; annual log-scale delta method retaining full within-year covariance"
2001,"recruitment",54.5888,0.110977773275987,50.6518301307726,58.8317752339138,47.3518076107843,62.9318548920892,43.9176502373374,67.8528352344896,"21dcaea9db8c89ddc8c29fa3c3a5e514b50bef6e26587c168c00c05f35fbebc3","e289a150c45930c2f4f164fb43432d5c034d8caec7bda7ce664caca9e4ad20c5","2a1d8aca95b935951cb371014dc53250bca5ead96b6750c991b6e3b51a154b04","278bee47cd45eccaf00a839b10f2e01146092ada4f32ea3a0afa4a9b2b55b53f","MFCL dependent-variable gradients; annual log-scale delta method retaining full within-year covariance"
2002,"recruitment",96.7853,0.0588030961633197,93.0217221704246,100.70114890937,89.7596841822592,104.360820578081,86.24940631531,108.608217682621,"21dcaea9db8c89ddc8c29fa3c3a5e514b50bef6e26587c168c00c05f35fbebc3","e289a150c45930c2f4f164fb43432d5c034d8caec7bda7ce664caca9e4ad20c5","2a1d8aca95b935951cb371014dc53250bca5ead96b6750c991b6e3b51a154b04","278bee47cd45eccaf00a839b10f2e01146092ada4f32ea3a0afa4a9b2b55b53f","MFCL dependent-variable gradients; annual log-scale delta method retaining full within-year covariance"
2003,"recruitment",66.344,0.103971807861889,61.8508232041272,71.1635853491161,58.0676142214027,75.8000202869997,54.1128850423259,81.3397092496033,"21dcaea9db8c89ddc8c29fa3c3a5e514b50bef6e26587c168c00c05f35fbebc3","e289a150c45930c2f4f164fb43432d5c034d8caec7bda7ce664caca9e4ad20c5","2a1d8aca95b935951cb371014dc53250bca5ead96b6750c991b6e3b51a154b04","278bee47cd45eccaf00a839b10f2e01146092ada4f32ea3a0afa4a9b2b55b53f","MFCL dependent-variable gradients; annual log-scale delta method retaining full within-year covariance"
2004,"recruitment",111.6373,0.0651027715072654,106.841248236418,116.648644198841,102.701083266288,121.351073960687,98.2638429556735,126.830850253963,"21dcaea9db8c89ddc8c29fa3c3a5e514b50bef6e26587c168c00c05f35fbebc3","e289a150c45930c2f4f164fb43432d5c034d8caec7bda7ce664caca9e4ad20c5","2a1d8aca95b935951cb371014dc53250bca5ead96b6750c991b6e3b51a154b04","278bee47cd45eccaf00a839b10f2e01146092ada4f32ea3a0afa4a9b2b55b53f","MFCL dependent-variable gradients; annual log-scale delta method retaining full within-year covariance"
2005,"recruitment",68.6761,0.0770984536905377,65.1960661869506,72.3418909614215,62.2149674659743,75.8082323805671,59.0444799207185,79.8788763580087,"21dcaea9db8c89ddc8c29fa3c3a5e514b50bef6e26587c168c00c05f35fbebc3","e289a150c45930c2f4f164fb43432d5c034d8caec7bda7ce664caca9e4ad20c5","2a1d8aca95b935951cb371014dc53250bca5ead96b6750c991b6e3b51a154b04","278bee47cd45eccaf00a839b10f2e01146092ada4f32ea3a0afa4a9b2b55b53f","MFCL dependent-variable gradients; annual log-scale delta method retaining full within-year covariance"
2006,"recruitment",79.2432,0.0574570752649966,76.2309384212341,82.3744909388502,73.6178409007109,85.2984095894527,70.8034555337963,88.6889587365216,"21dcaea9db8c89ddc8c29fa3c3a5e514b50bef6e26587c168c00c05f35fbebc3","e289a150c45930c2f4f164fb43432d5c034d8caec7bda7ce664caca9e4ad20c5","2a1d8aca95b935951cb371014dc53250bca5ead96b6750c991b6e3b51a154b04","278bee47cd45eccaf00a839b10f2e01146092ada4f32ea3a0afa4a9b2b55b53f","MFCL dependent-variable gradients; annual log-scale delta method retaining full within-year covariance"
2007,"recruitment",86.2178,0.0546942257708482,83.0951185446632,89.4578305805596,80.3814302291725,92.4779394400746,77.4535142445878,95.97381228392,"21dcaea9db8c89ddc8c29fa3c3a5e514b50bef6e26587c168c00c05f35fbebc3","e289a150c45930c2f4f164fb43432d5c034d8caec7bda7ce664caca9e4ad20c5","2a1d8aca95b935951cb371014dc53250bca5ead96b6750c991b6e3b51a154b04","278bee47cd45eccaf00a839b10f2e01146092ada4f32ea3a0afa4a9b2b55b53f","MFCL dependent-variable gradients; annual log-scale delta method retaining full within-year covariance"
2008,"recruitment",82.9738,0.0558999562571273,79.9036031725396,86.1619653318217,77.2375871603867,89.1360248235586,74.3633337420544,92.5812647173798,"21dcaea9db8c89ddc8c29fa3c3a5e514b50bef6e26587c168c00c05f35fbebc3","e289a150c45930c2f4f164fb43432d5c034d8caec7bda7ce664caca9e4ad20c5","2a1d8aca95b935951cb371014dc53250bca5ead96b6750c991b6e3b51a154b04","278bee47cd45eccaf00a839b10f2e01146092ada4f32ea3a0afa4a9b2b55b53f","MFCL dependent-variable gradients; annual log-scale delta method retaining full within-year covariance"
2009,"recruitment",90.9274,0.0412347960480516,88.4333303393422,93.4918094686051,86.2471376311208,95.8616401407009,83.8678772557897,98.5811533722733,"21dcaea9db8c89ddc8c29fa3c3a5e514b50bef6e26587c168c00c05f35fbebc3","e289a150c45930c2f4f164fb43432d5c034d8caec7bda7ce664caca9e4ad20c5","2a1d8aca95b935951cb371014dc53250bca5ead96b6750c991b6e3b51a154b04","278bee47cd45eccaf00a839b10f2e01146092ada4f32ea3a0afa4a9b2b55b53f","MFCL dependent-variable gradients; annual log-scale delta method retaining full within-year covariance"
2010,"recruitment",66.694,0.0451438620625789,64.6938356841788,68.7560041688454,62.9449671133638,70.6663271106171,61.0464255984784,72.8640471967432,"21dcaea9db8c89ddc8c29fa3c3a5e514b50bef6e26587c168c00c05f35fbebc3","e289a150c45930c2f4f164fb43432d5c034d8caec7bda7ce664caca9e4ad20c5","2a1d8aca95b935951cb371014dc53250bca5ead96b6750c991b6e3b51a154b04","278bee47cd45eccaf00a839b10f2e01146092ada4f32ea3a0afa4a9b2b55b53f","MFCL dependent-variable gradients; annual log-scale delta method retaining full within-year covariance"
2011,"recruitment",72.5121,0.0386722217931986,70.6451477931738,74.4283904933392,69.0059683101067,76.196375113251,67.2190898657058,78.2218958470689,"21dcaea9db8c89ddc8c29fa3c3a5e514b50bef6e26587c168c00c05f35fbebc3","e289a150c45930c2f4f164fb43432d5c034d8caec7bda7ce664caca9e4ad20c5","2a1d8aca95b935951cb371014dc53250bca5ead96b6750c991b6e3b51a154b04","278bee47cd45eccaf00a839b10f2e01146092ada4f32ea3a0afa4a9b2b55b53f","MFCL dependent-variable gradients; annual log-scale delta method retaining full within-year covariance"
2012,"recruitment",107.713,0.0311251764221733,105.475286055093,109.99818822904,103.501050661236,112.096353562382,101.338465490349,114.48851443389,"21dcaea9db8c89ddc8c29fa3c3a5e514b50bef6e26587c168c00c05f35fbebc3","e289a150c45930c2f4f164fb43432d5c034d8caec7bda7ce664caca9e4ad20c5","2a1d8aca95b935951cb371014dc53250bca5ead96b6750c991b6e3b51a154b04","278bee47cd45eccaf00a839b10f2e01146092ada4f32ea3a0afa4a9b2b55b53f","MFCL dependent-variable gradients; annual log-scale delta method retaining full within-year covariance"
2013,"recruitment",102.0746,0.0311384714483908,99.9531262585641,104.24110135592,98.0814603719992,106.230310250708,96.0312477535879,108.49826706298,"21dcaea9db8c89ddc8c29fa3c3a5e514b50bef6e26587c168c00c05f35fbebc3","e289a150c45930c2f4f164fb43432d5c034d8caec7bda7ce664caca9e4ad20c5","2a1d8aca95b935951cb371014dc53250bca5ead96b6750c991b6e3b51a154b04","278bee47cd45eccaf00a839b10f2e01146092ada4f32ea3a0afa4a9b2b55b53f","MFCL dependent-variable gradients; annual log-scale delta method retaining full within-year covariance"
2014,"recruitment",61.0995,0.0450552306363673,59.2706588360202,62.9847714461591,57.6714979315375,64.7312630006882,55.9353776283429,66.7403896878025,"21dcaea9db8c89ddc8c29fa3c3a5e514b50bef6e26587c168c00c05f35fbebc3","e289a150c45930c2f4f164fb43432d5c034d8caec7bda7ce664caca9e4ad20c5","2a1d8aca95b935951cb371014dc53250bca5ead96b6750c991b6e3b51a154b04","278bee47cd45eccaf00a839b10f2e01146092ada4f32ea3a0afa4a9b2b55b53f","MFCL dependent-variable gradients; annual log-scale delta method retaining full within-year covariance"
2015,"recruitment",81.8375,0.0401441194491537,79.6513333770154,84.0836696926235,77.7336947033427,86.157958036208,75.6452421596244,88.5366510178841,"21dcaea9db8c89ddc8c29fa3c3a5e514b50bef6e26587c168c00c05f35fbebc3","e289a150c45930c2f4f164fb43432d5c034d8caec7bda7ce664caca9e4ad20c5","2a1d8aca95b935951cb371014dc53250bca5ead96b6750c991b6e3b51a154b04","278bee47cd45eccaf00a839b10f2e01146092ada4f32ea3a0afa4a9b2b55b53f","MFCL dependent-variable gradients; annual log-scale delta method retaining full within-year covariance"
2016,"recruitment",82.6231,0.0443491884076878,80.188188577804,85.1319474187448,78.058108540054,87.4550611242017,75.7445496831563,90.1263085220779,"21dcaea9db8c89ddc8c29fa3c3a5e514b50bef6e26587c168c00c05f35fbebc3","e289a150c45930c2f4f164fb43432d5c034d8caec7bda7ce664caca9e4ad20c5","2a1d8aca95b935951cb371014dc53250bca5ead96b6750c991b6e3b51a154b04","278bee47cd45eccaf00a839b10f2e01146092ada4f32ea3a0afa4a9b2b55b53f","MFCL dependent-variable gradients; annual log-scale delta method retaining full within-year covariance"
2017,"recruitment",86.3426,0.0391399752819823,84.0930220120401,88.6523565973478,82.1184901908664,90.7839946573834,79.9666890647466,93.2268756147185,"21dcaea9db8c89ddc8c29fa3c3a5e514b50bef6e26587c168c00c05f35fbebc3","e289a150c45930c2f4f164fb43432d5c034d8caec7bda7ce664caca9e4ad20c5","2a1d8aca95b935951cb371014dc53250bca5ead96b6750c991b6e3b51a154b04","278bee47cd45eccaf00a839b10f2e01146092ada4f32ea3a0afa4a9b2b55b53f","MFCL dependent-variable gradients; annual log-scale delta method retaining full within-year covariance"
2018,"recruitment",66.529,0.0530717060192213,64.189626785571,68.9536310249264,62.1545369251543,71.2113396698597,59.9565006684783,73.8219841326896,"21dcaea9db8c89ddc8c29fa3c3a5e514b50bef6e26587c168c00c05f35fbebc3","e289a150c45930c2f4f164fb43432d5c034d8caec7bda7ce664caca9e4ad20c5","2a1d8aca95b935951cb371014dc53250bca5ead96b6750c991b6e3b51a154b04","278bee47cd45eccaf00a839b10f2e01146092ada4f32ea3a0afa4a9b2b55b53f","MFCL dependent-variable gradients; annual log-scale delta method retaining full within-year covariance"
2019,"recruitment",72.0097,0.0601450601553802,69.1469261747336,74.990996432532,66.6677838948431,77.7796499471029,64.0022782518672,81.0189423833318,"21dcaea9db8c89ddc8c29fa3c3a5e514b50bef6e26587c168c00c05f35fbebc3","e289a150c45930c2f4f164fb43432d5c034d8caec7bda7ce664caca9e4ad20c5","2a1d8aca95b935951cb371014dc53250bca5ead96b6750c991b6e3b51a154b04","278bee47cd45eccaf00a839b10f2e01146092ada4f32ea3a0afa4a9b2b55b53f","MFCL dependent-variable gradients; annual log-scale delta method retaining full within-year covariance"
2020,"recruitment",82.4152,0.0665131744458029,78.7995614510531,86.1967384838691,75.6812031958672,89.7483774598725,72.3421147452564,93.8908852050856,"21dcaea9db8c89ddc8c29fa3c3a5e514b50bef6e26587c168c00c05f35fbebc3","e289a150c45930c2f4f164fb43432d5c034d8caec7bda7ce664caca9e4ad20c5","2a1d8aca95b935951cb371014dc53250bca5ead96b6750c991b6e3b51a154b04","278bee47cd45eccaf00a839b10f2e01146092ada4f32ea3a0afa4a9b2b55b53f","MFCL dependent-variable gradients; annual log-scale delta method retaining full within-year covariance"
2021,"recruitment",72.0896,0.0746410658214832,68.5501199579907,75.8118356517071,65.5133156943753,79.3260175138134,62.278483004585,83.4463233116548,"21dcaea9db8c89ddc8c29fa3c3a5e514b50bef6e26587c168c00c05f35fbebc3","e289a150c45930c2f4f164fb43432d5c034d8caec7bda7ce664caca9e4ad20c5","2a1d8aca95b935951cb371014dc53250bca5ead96b6750c991b6e3b51a154b04","278bee47cd45eccaf00a839b10f2e01146092ada4f32ea3a0afa4a9b2b55b53f","MFCL dependent-variable gradients; annual log-scale delta method retaining full within-year covariance"
2022,"recruitment",59.8601,0.0884224006344967,56.3944173287551,63.5387639723505,53.4470961165682,67.0425866392248,50.3352412127554,71.1873328840227,"21dcaea9db8c89ddc8c29fa3c3a5e514b50bef6e26587c168c00c05f35fbebc3","e289a150c45930c2f4f164fb43432d5c034d8caec7bda7ce664caca9e4ad20c5","2a1d8aca95b935951cb371014dc53250bca5ead96b6750c991b6e3b51a154b04","278bee47cd45eccaf00a839b10f2e01146092ada4f32ea3a0afa4a9b2b55b53f","MFCL dependent-variable gradients; annual log-scale delta method retaining full within-year covariance"
2023,"recruitment",81.0462,0.0821326014445043,76.6785313186821,85.6626544807026,72.9491190254619,90.0420268563813,68.995578418704,95.201557621254,"21dcaea9db8c89ddc8c29fa3c3a5e514b50bef6e26587c168c00c05f35fbebc3","e289a150c45930c2f4f164fb43432d5c034d8caec7bda7ce664caca9e4ad20c5","2a1d8aca95b935951cb371014dc53250bca5ead96b6750c991b6e3b51a154b04","278bee47cd45eccaf00a839b10f2e01146092ada4f32ea3a0afa4a9b2b55b53f","MFCL dependent-variable gradients; annual log-scale delta method retaining full within-year covariance"
2024,"recruitment",69.3326,0.0182160276593511,68.4859551616064,70.1897113271895,67.7327920278419,70.9701944780906,66.9009024045515,71.8526843433574,"21dcaea9db8c89ddc8c29fa3c3a5e514b50bef6e26587c168c00c05f35fbebc3","e289a150c45930c2f4f164fb43432d5c034d8caec7bda7ce664caca9e4ad20c5","2a1d8aca95b935951cb371014dc53250bca5ead96b6750c991b6e3b51a154b04","278bee47cd45eccaf00a839b10f2e01146092ada4f32ea3a0afa4a9b2b55b53f","MFCL dependent-variable gradients; annual log-scale delta method retaining full within-year covariance"
