"year","quarter","period","quantity","estimate","se_log","lower_50","upper_50","lower_80","upper_80","lower_95","upper_95","final_par_sha256","hessian_sha256","gradient_sha256","noeff_gradient_sha256","method"
1952,1,1952,"depletion",1,0,1,1,1,1,1,1,"21dcaea9db8c89ddc8c29fa3c3a5e514b50bef6e26587c168c00c05f35fbebc3","e289a150c45930c2f4f164fb43432d5c034d8caec7bda7ce664caca9e4ad20c5","2a1d8aca95b935951cb371014dc53250bca5ead96b6750c991b6e3b51a154b04","278bee47cd45eccaf00a839b10f2e01146092ada4f32ea3a0afa4a9b2b55b53f","MFCL quarterly dependent-variable gradients; log-scale delta method"
1952,2,1952.25,"depletion",0.994017964053935,0.000368085887183907,0.993771209688988,0.994264779688233,0.993549175438628,0.994486973858864,0.993301103237794,0.994735342225215,"21dcaea9db8c89ddc8c29fa3c3a5e514b50bef6e26587c168c00c05f35fbebc3","e289a150c45930c2f4f164fb43432d5c034d8caec7bda7ce664caca9e4ad20c5","2a1d8aca95b935951cb371014dc53250bca5ead96b6750c991b6e3b51a154b04","278bee47cd45eccaf00a839b10f2e01146092ada4f32ea3a0afa4a9b2b55b53f","MFCL quarterly dependent-variable gradients; log-scale delta method"
1952,3,1952.5,"depletion",0.989653893009095,0.000628577015943821,0.989234399613056,0.990073564294933,0.988856994512081,0.990451433709399,0.988435401716865,0.990873886393446,"21dcaea9db8c89ddc8c29fa3c3a5e514b50bef6e26587c168c00c05f35fbebc3","e289a150c45930c2f4f164fb43432d5c034d8caec7bda7ce664caca9e4ad20c5","2a1d8aca95b935951cb371014dc53250bca5ead96b6750c991b6e3b51a154b04","278bee47cd45eccaf00a839b10f2e01146092ada4f32ea3a0afa4a9b2b55b53f","MFCL quarterly dependent-variable gradients; log-scale delta method"
1952,4,1952.75,"depletion",0.98738030468402,0.00076008271619473,0.986874236130282,0.987886632749427,0.986418980429382,0.988342565806601,0.985910465041072,0.988852335629983,"21dcaea9db8c89ddc8c29fa3c3a5e514b50bef6e26587c168c00c05f35fbebc3","e289a150c45930c2f4f164fb43432d5c034d8caec7bda7ce664caca9e4ad20c5","2a1d8aca95b935951cb371014dc53250bca5ead96b6750c991b6e3b51a154b04","278bee47cd45eccaf00a839b10f2e01146092ada4f32ea3a0afa4a9b2b55b53f","MFCL quarterly dependent-variable gradients; log-scale delta method"
1953,1,1953,"depletion",0.978435902664327,0.00129735024846134,0.977580097361317,0.979292457167038,0.976810485949254,0.98006402407958,0.975951135642623,0.980926995891234,"21dcaea9db8c89ddc8c29fa3c3a5e514b50bef6e26587c168c00c05f35fbebc3","e289a150c45930c2f4f164fb43432d5c034d8caec7bda7ce664caca9e4ad20c5","2a1d8aca95b935951cb371014dc53250bca5ead96b6750c991b6e3b51a154b04","278bee47cd45eccaf00a839b10f2e01146092ada4f32ea3a0afa4a9b2b55b53f","MFCL quarterly dependent-variable gradients; log-scale delta method"
1953,2,1953.25,"depletion",0.969766459378713,0.00183874605894663,0.96856448561774,0.970969924770799,0.96748394561982,0.972054358104543,0.966277831326863,0.973267682695909,"21dcaea9db8c89ddc8c29fa3c3a5e514b50bef6e26587c168c00c05f35fbebc3","e289a150c45930c2f4f164fb43432d5c034d8caec7bda7ce664caca9e4ad20c5","2a1d8aca95b935951cb371014dc53250bca5ead96b6750c991b6e3b51a154b04","278bee47cd45eccaf00a839b10f2e01146092ada4f32ea3a0afa4a9b2b55b53f","MFCL quarterly dependent-variable gradients; log-scale delta method"
1953,3,1953.5,"depletion",0.967345071226595,0.00196325428637211,0.966064965565072,0.96862687312032,0.96491427903505,0.969781987019797,0.963629968953726,0.971074496409027,"21dcaea9db8c89ddc8c29fa3c3a5e514b50bef6e26587c168c00c05f35fbebc3","e289a150c45930c2f4f164fb43432d5c034d8caec7bda7ce664caca9e4ad20c5","2a1d8aca95b935951cb371014dc53250bca5ead96b6750c991b6e3b51a154b04","278bee47cd45eccaf00a839b10f2e01146092ada4f32ea3a0afa4a9b2b55b53f","MFCL quarterly dependent-variable gradients; log-scale delta method"
1953,4,1953.75,"depletion",0.965026226782028,0.00208096854187484,0.96367267387687,0.966381680857071,0.962456057418347,0.9676032595973,0.961098264022248,0.96897024293824,"21dcaea9db8c89ddc8c29fa3c3a5e514b50bef6e26587c168c00c05f35fbebc3","e289a150c45930c2f4f164fb43432d5c034d8caec7bda7ce664caca9e4ad20c5","2a1d8aca95b935951cb371014dc53250bca5ead96b6750c991b6e3b51a154b04","278bee47cd45eccaf00a839b10f2e01146092ada4f32ea3a0afa4a9b2b55b53f","MFCL quarterly dependent-variable gradients; log-scale delta method"
1954,1,1954,"depletion",0.960309164511415,0.00235497523526679,0.958785013846609,0.961835738071047,0.957415299205885,0.963211776759273,0.95588691120596,0.96475187664319,"21dcaea9db8c89ddc8c29fa3c3a5e514b50bef6e26587c168c00c05f35fbebc3","e289a150c45930c2f4f164fb43432d5c034d8caec7bda7ce664caca9e4ad20c5","2a1d8aca95b935951cb371014dc53250bca5ead96b6750c991b6e3b51a154b04","278bee47cd45eccaf00a839b10f2e01146092ada4f32ea3a0afa4a9b2b55b53f","MFCL quarterly dependent-variable gradients; log-scale delta method"
1954,2,1954.25,"depletion",0.956571252436168,0.00256233031555842,0.954919471078864,0.958225890978538,0.953435255271155,0.959717564384659,0.951779322522027,0.96138730831287,"21dcaea9db8c89ddc8c29fa3c3a5e514b50bef6e26587c168c00c05f35fbebc3","e289a150c45930c2f4f164fb43432d5c034d8caec7bda7ce664caca9e4ad20c5","2a1d8aca95b935951cb371014dc53250bca5ead96b6750c991b6e3b51a154b04","278bee47cd45eccaf00a839b10f2e01146092ada4f32ea3a0afa4a9b2b55b53f","MFCL quarterly dependent-variable gradients; log-scale delta method"
1954,3,1954.5,"depletion",0.954755492574646,0.00258972241280767,0.953089237479493,0.956424660729703,0.951592042507486,0.957929459140349,0.949921658372458,0.959613924545385,"21dcaea9db8c89ddc8c29fa3c3a5e514b50bef6e26587c168c00c05f35fbebc3","e289a150c45930c2f4f164fb43432d5c034d8caec7bda7ce664caca9e4ad20c5","2a1d8aca95b935951cb371014dc53250bca5ead96b6750c991b6e3b51a154b04","278bee47cd45eccaf00a839b10f2e01146092ada4f32ea3a0afa4a9b2b55b53f","MFCL quarterly dependent-variable gradients; log-scale delta method"
1954,4,1954.75,"depletion",0.954373666747874,0.00252998511392176,0.952746465495251,0.956003647107018,0.951284305949424,0.957473060456656,0.949652947356529,0.959117852808419,"21dcaea9db8c89ddc8c29fa3c3a5e514b50bef6e26587c168c00c05f35fbebc3","e289a150c45930c2f4f164fb43432d5c034d8caec7bda7ce664caca9e4ad20c5","2a1d8aca95b935951cb371014dc53250bca5ead96b6750c991b6e3b51a154b04","278bee47cd45eccaf00a839b10f2e01146092ada4f32ea3a0afa4a9b2b55b53f","MFCL quarterly dependent-variable gradients; log-scale delta method"
1955,1,1955,"depletion",0.951514836137668,0.00257450524169991,0.949863985878375,0.953168555551513,0.948380618285826,0.954659411984341,0.946725644836732,0.956328254471474,"21dcaea9db8c89ddc8c29fa3c3a5e514b50bef6e26587c168c00c05f35fbebc3","e289a150c45930c2f4f164fb43432d5c034d8caec7bda7ce664caca9e4ad20c5","2a1d8aca95b935951cb371014dc53250bca5ead96b6750c991b6e3b51a154b04","278bee47cd45eccaf00a839b10f2e01146092ada4f32ea3a0afa4a9b2b55b53f","MFCL quarterly dependent-variable gradients; log-scale delta method"
1955,2,1955.25,"depletion",0.945255516694636,0.00283824468408223,0.943447681757935,0.947066815805579,0.941823530464737,0.948700009014159,0.940011793650479,0.950528491107285,"21dcaea9db8c89ddc8c29fa3c3a5e514b50bef6e26587c168c00c05f35fbebc3","e289a150c45930c2f4f164fb43432d5c034d8caec7bda7ce664caca9e4ad20c5","2a1d8aca95b935951cb371014dc53250bca5ead96b6750c991b6e3b51a154b04","278bee47cd45eccaf00a839b10f2e01146092ada4f32ea3a0afa4a9b2b55b53f","MFCL quarterly dependent-variable gradients; log-scale delta method"
1955,3,1955.5,"depletion",0.942706769157099,0.0029157355575527,0.940854632045173,0.944562552328432,0.939190762487296,0.946235938544632,0.937334812482535,0.948109513036116,"21dcaea9db8c89ddc8c29fa3c3a5e514b50bef6e26587c168c00c05f35fbebc3","e289a150c45930c2f4f164fb43432d5c034d8caec7bda7ce664caca9e4ad20c5","2a1d8aca95b935951cb371014dc53250bca5ead96b6750c991b6e3b51a154b04","278bee47cd45eccaf00a839b10f2e01146092ada4f32ea3a0afa4a9b2b55b53f","MFCL quarterly dependent-variable gradients; log-scale delta method"
1955,4,1955.75,"depletion",0.942141314748892,0.00290947799713035,0.940294257240244,0.943992000506265,0.93863494429642,0.945660783620323,0.936784069486515,0.947529196822606,"21dcaea9db8c89ddc8c29fa3c3a5e514b50bef6e26587c168c00c05f35fbebc3","e289a150c45930c2f4f164fb43432d5c034d8caec7bda7ce664caca9e4ad20c5","2a1d8aca95b935951cb371014dc53250bca5ead96b6750c991b6e3b51a154b04","278bee47cd45eccaf00a839b10f2e01146092ada4f32ea3a0afa4a9b2b55b53f","MFCL quarterly dependent-variable gradients; log-scale delta method"
1956,1,1956,"depletion",0.936973761316246,0.00316361442757884,0.934976554410184,0.938975234463431,0.933182646199106,0.940780278084809,0.931181964381981,0.942801582264088,"21dcaea9db8c89ddc8c29fa3c3a5e514b50bef6e26587c168c00c05f35fbebc3","e289a150c45930c2f4f164fb43432d5c034d8caec7bda7ce664caca9e4ad20c5","2a1d8aca95b935951cb371014dc53250bca5ead96b6750c991b6e3b51a154b04","278bee47cd45eccaf00a839b10f2e01146092ada4f32ea3a0afa4a9b2b55b53f","MFCL quarterly dependent-variable gradients; log-scale delta method"
1956,2,1956.25,"depletion",0.929414928450565,0.00349697361783028,0.927225325974447,0.931609701578161,0.925259026506633,0.933589497081849,0.923066552668441,0.935806965087862,"21dcaea9db8c89ddc8c29fa3c3a5e514b50bef6e26587c168c00c05f35fbebc3","e289a150c45930c2f4f164fb43432d5c034d8caec7bda7ce664caca9e4ad20c5","2a1d8aca95b935951cb371014dc53250bca5ead96b6750c991b6e3b51a154b04","278bee47cd45eccaf00a839b10f2e01146092ada4f32ea3a0afa4a9b2b55b53f","MFCL quarterly dependent-variable gradients; log-scale delta method"
1956,3,1956.5,"depletion",0.928578831315106,0.00342607674815754,0.926435498950932,0.930727122333853,0.924510663369007,0.932664900612798,0.922364325018305,0.934835208364564,"21dcaea9db8c89ddc8c29fa3c3a5e514b50bef6e26587c168c00c05f35fbebc3","e289a150c45930c2f4f164fb43432d5c034d8caec7bda7ce664caca9e4ad20c5","2a1d8aca95b935951cb371014dc53250bca5ead96b6750c991b6e3b51a154b04","278bee47cd45eccaf00a839b10f2e01146092ada4f32ea3a0afa4a9b2b55b53f","MFCL quarterly dependent-variable gradients; log-scale delta method"
1956,4,1956.75,"depletion",0.928857446754729,0.00331645266640285,0.926781995317868,0.930937545993002,0.924917989771519,0.932813682870245,0.922839335096003,0.934914804321772,"21dcaea9db8c89ddc8c29fa3c3a5e514b50bef6e26587c168c00c05f35fbebc3","e289a150c45930c2f4f164fb43432d5c034d8caec7bda7ce664caca9e4ad20c5","2a1d8aca95b935951cb371014dc53250bca5ead96b6750c991b6e3b51a154b04","278bee47cd45eccaf00a839b10f2e01146092ada4f32ea3a0afa4a9b2b55b53f","MFCL quarterly dependent-variable gradients; log-scale delta method"
1957,1,1957,"depletion",0.924224750912005,0.00348897980248435,0.922052347399915,0.926402272720288,0.920101482894891,0.928366496607351,0.917926208256263,0.930566512335475,"21dcaea9db8c89ddc8c29fa3c3a5e514b50bef6e26587c168c00c05f35fbebc3","e289a150c45930c2f4f164fb43432d5c034d8caec7bda7ce664caca9e4ad20c5","2a1d8aca95b935951cb371014dc53250bca5ead96b6750c991b6e3b51a154b04","278bee47cd45eccaf00a839b10f2e01146092ada4f32ea3a0afa4a9b2b55b53f","MFCL quarterly dependent-variable gradients; log-scale delta method"
1957,2,1957.25,"depletion",0.916585432506822,0.00382992800679829,0.91422072140054,0.918956260143265,0.912097624496096,0.921095321948527,0.909730824066895,0.923491688814032,"21dcaea9db8c89ddc8c29fa3c3a5e514b50bef6e26587c168c00c05f35fbebc3","e289a150c45930c2f4f164fb43432d5c034d8caec7bda7ce664caca9e4ad20c5","2a1d8aca95b935951cb371014dc53250bca5ead96b6750c991b6e3b51a154b04","278bee47cd45eccaf00a839b10f2e01146092ada4f32ea3a0afa4a9b2b55b53f","MFCL quarterly dependent-variable gradients; log-scale delta method"
1957,3,1957.5,"depletion",0.915028560987296,0.00381474666336172,0.91267721193181,0.917385967871671,0.91056609127408,0.919512900212381,0.908212618843653,0.921895655324094,"21dcaea9db8c89ddc8c29fa3c3a5e514b50bef6e26587c168c00c05f35fbebc3","e289a150c45930c2f4f164fb43432d5c034d8caec7bda7ce664caca9e4ad20c5","2a1d8aca95b935951cb371014dc53250bca5ead96b6750c991b6e3b51a154b04","278bee47cd45eccaf00a839b10f2e01146092ada4f32ea3a0afa4a9b2b55b53f","MFCL quarterly dependent-variable gradients; log-scale delta method"
1957,4,1957.75,"depletion",0.914479708522909,0.00377543876965599,0.912153953262363,0.916811393854266,0.91006575898073,0.918915066353851,0.907737786009386,0.921271704438553,"21dcaea9db8c89ddc8c29fa3c3a5e514b50bef6e26587c168c00c05f35fbebc3","e289a150c45930c2f4f164fb43432d5c034d8caec7bda7ce664caca9e4ad20c5","2a1d8aca95b935951cb371014dc53250bca5ead96b6750c991b6e3b51a154b04","278bee47cd45eccaf00a839b10f2e01146092ada4f32ea3a0afa4a9b2b55b53f","MFCL quarterly dependent-variable gradients; log-scale delta method"
1958,1,1958,"depletion",0.906648903753922,0.00414200093160253,0.904119499897988,0.909185383979592,0.901848991811218,0.911474362273566,0.899318366961786,0.914039193322867,"21dcaea9db8c89ddc8c29fa3c3a5e514b50bef6e26587c168c00c05f35fbebc3","e289a150c45930c2f4f164fb43432d5c034d8caec7bda7ce664caca9e4ad20c5","2a1d8aca95b935951cb371014dc53250bca5ead96b6750c991b6e3b51a154b04","278bee47cd45eccaf00a839b10f2e01146092ada4f32ea3a0afa4a9b2b55b53f","MFCL quarterly dependent-variable gradients; log-scale delta method"
1958,2,1958.25,"depletion",0.893507991841642,0.00481264817180835,0.890612294133295,0.896413104494374,0.888014100833536,0.899035871992917,0.885119498012115,0.901975985477564,"21dcaea9db8c89ddc8c29fa3c3a5e514b50bef6e26587c168c00c05f35fbebc3","e289a150c45930c2f4f164fb43432d5c034d8caec7bda7ce664caca9e4ad20c5","2a1d8aca95b935951cb371014dc53250bca5ead96b6750c991b6e3b51a154b04","278bee47cd45eccaf00a839b10f2e01146092ada4f32ea3a0afa4a9b2b55b53f","MFCL quarterly dependent-variable gradients; log-scale delta method"
1958,3,1958.5,"depletion",0.888518331176829,0.00500903277957437,0.885521500635827,0.891525303756489,0.882832903274542,0.8942403731318,0.879837960865193,0.897284340926747,"21dcaea9db8c89ddc8c29fa3c3a5e514b50bef6e26587c168c00c05f35fbebc3","e289a150c45930c2f4f164fb43432d5c034d8caec7bda7ce664caca9e4ad20c5","2a1d8aca95b935951cb371014dc53250bca5ead96b6750c991b6e3b51a154b04","278bee47cd45eccaf00a839b10f2e01146092ada4f32ea3a0afa4a9b2b55b53f","MFCL quarterly dependent-variable gradients; log-scale delta method"
1958,4,1958.75,"depletion",0.884971356530714,0.00514449404659801,0.881905908382593,0.888047459979202,0.879155989662529,0.890825190397031,0.876093005473138,0.893939681046598,"21dcaea9db8c89ddc8c29fa3c3a5e514b50bef6e26587c168c00c05f35fbebc3","e289a150c45930c2f4f164fb43432d5c034d8caec7bda7ce664caca9e4ad20c5","2a1d8aca95b935951cb371014dc53250bca5ead96b6750c991b6e3b51a154b04","278bee47cd45eccaf00a839b10f2e01146092ada4f32ea3a0afa4a9b2b55b53f","MFCL quarterly dependent-variable gradients; log-scale delta method"
1959,1,1959,"depletion",0.875290016598485,0.00563949205660738,0.871966930449705,0.878625767105473,0.868986838089004,0.881638915086199,0.865668531890733,0.885018439429284,"21dcaea9db8c89ddc8c29fa3c3a5e514b50bef6e26587c168c00c05f35fbebc3","e289a150c45930c2f4f164fb43432d5c034d8caec7bda7ce664caca9e4ad20c5","2a1d8aca95b935951cb371014dc53250bca5ead96b6750c991b6e3b51a154b04","278bee47cd45eccaf00a839b10f2e01146092ada4f32ea3a0afa4a9b2b55b53f","MFCL quarterly dependent-variable gradients; log-scale delta method"
1959,2,1959.25,"depletion",0.861052328481448,0.00640812904470334,0.857338704487037,0.864782038304132,0.854010023784862,0.868152705160867,0.850305398107985,0.871935088302436,"21dcaea9db8c89ddc8c29fa3c3a5e514b50bef6e26587c168c00c05f35fbebc3","e289a150c45930c2f4f164fb43432d5c034d8caec7bda7ce664caca9e4ad20c5","2a1d8aca95b935951cb371014dc53250bca5ead96b6750c991b6e3b51a154b04","278bee47cd45eccaf00a839b10f2e01146092ada4f32ea3a0afa4a9b2b55b53f","MFCL quarterly dependent-variable gradients; log-scale delta method"
1959,3,1959.5,"depletion",0.856843492142098,0.00660253263887588,0.853036160204299,0.860667817235827,0.849623910165832,0.864124421690258,0.845826751186509,0.868003724162627,"21dcaea9db8c89ddc8c29fa3c3a5e514b50bef6e26587c168c00c05f35fbebc3","e289a150c45930c2f4f164fb43432d5c034d8caec7bda7ce664caca9e4ad20c5","2a1d8aca95b935951cb371014dc53250bca5ead96b6750c991b6e3b51a154b04","278bee47cd45eccaf00a839b10f2e01146092ada4f32ea3a0afa4a9b2b55b53f","MFCL quarterly dependent-variable gradients; log-scale delta method"
1959,4,1959.75,"depletion",0.854960508500859,0.00667420204021574,0.851120399096358,0.858817943821005,0.847678930927877,0.862304634958821,0.843849434346671,0.866217883599071,"21dcaea9db8c89ddc8c29fa3c3a5e514b50bef6e26587c168c00c05f35fbebc3","e289a150c45930c2f4f164fb43432d5c034d8caec7bda7ce664caca9e4ad20c5","2a1d8aca95b935951cb371014dc53250bca5ead96b6750c991b6e3b51a154b04","278bee47cd45eccaf00a839b10f2e01146092ada4f32ea3a0afa4a9b2b55b53f","MFCL quarterly dependent-variable gradients; log-scale delta method"
1960,1,1960,"depletion",0.847130943048193,0.00707501972317191,0.843098040442106,0.851183136771862,0.839484721123234,0.854846808539324,0.835465032633267,0.85895974892911,"21dcaea9db8c89ddc8c29fa3c3a5e514b50bef6e26587c168c00c05f35fbebc3","e289a150c45930c2f4f164fb43432d5c034d8caec7bda7ce664caca9e4ad20c5","2a1d8aca95b935951cb371014dc53250bca5ead96b6750c991b6e3b51a154b04","278bee47cd45eccaf00a839b10f2e01146092ada4f32ea3a0afa4a9b2b55b53f","MFCL quarterly dependent-variable gradients; log-scale delta method"
1960,2,1960.25,"depletion",0.834685726856743,0.00774617728081818,0.830336102673117,0.839058136067394,0.826440689264726,0.843013021585633,0.822109050002659,0.847454802518129,"21dcaea9db8c89ddc8c29fa3c3a5e514b50bef6e26587c168c00c05f35fbebc3","e289a150c45930c2f4f164fb43432d5c034d8caec7bda7ce664caca9e4ad20c5","2a1d8aca95b935951cb371014dc53250bca5ead96b6750c991b6e3b51a154b04","278bee47cd45eccaf00a839b10f2e01146092ada4f32ea3a0afa4a9b2b55b53f","MFCL quarterly dependent-variable gradients; log-scale delta method"
1960,3,1960.5,"depletion",0.83268488308522,0.00781915391058178,0.828304913664139,0.837088013218996,0.824382507267128,0.84107087232744,0.820021056779363,0.845544280584498,"21dcaea9db8c89ddc8c29fa3c3a5e514b50bef6e26587c168c00c05f35fbebc3","e289a150c45930c2f4f164fb43432d5c034d8caec7bda7ce664caca9e4ad20c5","2a1d8aca95b935951cb371014dc53250bca5ead96b6750c991b6e3b51a154b04","278bee47cd45eccaf00a839b10f2e01146092ada4f32ea3a0afa4a9b2b55b53f","MFCL quarterly dependent-variable gradients; log-scale delta method"
1960,4,1960.75,"depletion",0.834185065634017,0.00770433810382049,0.829861468882042,0.838531188421451,0.825989261163457,0.842462192240442,0.82168331048668,0.846877032605994,"21dcaea9db8c89ddc8c29fa3c3a5e514b50bef6e26587c168c00c05f35fbebc3","e289a150c45930c2f4f164fb43432d5c034d8caec7bda7ce664caca9e4ad20c5","2a1d8aca95b935951cb371014dc53250bca5ead96b6750c991b6e3b51a154b04","278bee47cd45eccaf00a839b10f2e01146092ada4f32ea3a0afa4a9b2b55b53f","MFCL quarterly dependent-variable gradients; log-scale delta method"
1961,1,1961,"depletion",0.832185422008676,0.00780709381548506,0.827814813539159,0.836579105951211,0.823900759931936,0.840553389780792,0.819548563448529,0.845017131980188,"21dcaea9db8c89ddc8c29fa3c3a5e514b50bef6e26587c168c00c05f35fbebc3","e289a150c45930c2f4f164fb43432d5c034d8caec7bda7ce664caca9e4ad20c5","2a1d8aca95b935951cb371014dc53250bca5ead96b6750c991b6e3b51a154b04","278bee47cd45eccaf00a839b10f2e01146092ada4f32ea3a0afa4a9b2b55b53f","MFCL quarterly dependent-variable gradients; log-scale delta method"
1961,2,1961.25,"depletion",0.825554497694752,0.00820500482638654,0.820998339836233,0.830135940104317,0.816919159677816,0.834281116546252,0.812384512004214,0.838937988838098,"21dcaea9db8c89ddc8c29fa3c3a5e514b50bef6e26587c168c00c05f35fbebc3","e289a150c45930c2f4f164fb43432d5c034d8caec7bda7ce664caca9e4ad20c5","2a1d8aca95b935951cb371014dc53250bca5ead96b6750c991b6e3b51a154b04","278bee47cd45eccaf00a839b10f2e01146092ada4f32ea3a0afa4a9b2b55b53f","MFCL quarterly dependent-variable gradients; log-scale delta method"
1961,3,1961.5,"depletion",0.822752378704249,0.00836079115830433,0.81812571535095,0.827405206757401,0.813983824337647,0.831615391392234,0.809379924690918,0.836345770401952,"21dcaea9db8c89ddc8c29fa3c3a5e514b50bef6e26587c168c00c05f35fbebc3","e289a150c45930c2f4f164fb43432d5c034d8caec7bda7ce664caca9e4ad20c5","2a1d8aca95b935951cb371014dc53250bca5ead96b6750c991b6e3b51a154b04","278bee47cd45eccaf00a839b10f2e01146092ada4f32ea3a0afa4a9b2b55b53f","MFCL quarterly dependent-variable gradients; log-scale delta method"
1961,4,1961.75,"depletion",0.821601331295253,0.00842044342273042,0.816948270293666,0.826280894558333,0.812782906757539,0.830515432809785,0.808153093833564,0.835273356913179,"21dcaea9db8c89ddc8c29fa3c3a5e514b50bef6e26587c168c00c05f35fbebc3","e289a150c45930c2f4f164fb43432d5c034d8caec7bda7ce664caca9e4ad20c5","2a1d8aca95b935951cb371014dc53250bca5ead96b6750c991b6e3b51a154b04","278bee47cd45eccaf00a839b10f2e01146092ada4f32ea3a0afa4a9b2b55b53f","MFCL quarterly dependent-variable gradients; log-scale delta method"
1962,1,1962,"depletion",0.818730753077979,0.00858399459395107,0.814004148651304,0.823484803052007,0.809773393383956,0.827787195173751,0.805071391624837,0.832621868083973,"21dcaea9db8c89ddc8c29fa3c3a5e514b50bef6e26587c168c00c05f35fbebc3","e289a150c45930c2f4f164fb43432d5c034d8caec7bda7ce664caca9e4ad20c5","2a1d8aca95b935951cb371014dc53250bca5ead96b6750c991b6e3b51a154b04","278bee47cd45eccaf00a839b10f2e01146092ada4f32ea3a0afa4a9b2b55b53f","MFCL quarterly dependent-variable gradients; log-scale delta method"
1962,2,1962.25,"depletion",0.812207036711938,0.00898514990871584,0.807299629500859,0.817144275034855,0.8029081678303,0.821613600303807,0.798028817350122,0.826637154125429,"21dcaea9db8c89ddc8c29fa3c3a5e514b50bef6e26587c168c00c05f35fbebc3","e289a150c45930c2f4f164fb43432d5c034d8caec7bda7ce664caca9e4ad20c5","2a1d8aca95b935951cb371014dc53250bca5ead96b6750c991b6e3b51a154b04","278bee47cd45eccaf00a839b10f2e01146092ada4f32ea3a0afa4a9b2b55b53f","MFCL quarterly dependent-variable gradients; log-scale delta method"
1962,3,1962.5,"depletion",0.810827457723916,0.00903661716165458,0.805900409397052,0.815784628637804,0.80149151701841,0.820272145418012,0.796592961317845,0.825316313505193,"21dcaea9db8c89ddc8c29fa3c3a5e514b50bef6e26587c168c00c05f35fbebc3","e289a150c45930c2f4f164fb43432d5c034d8caec7bda7ce664caca9e4ad20c5","2a1d8aca95b935951cb371014dc53250bca5ead96b6750c991b6e3b51a154b04","278bee47cd45eccaf00a839b10f2e01146092ada4f32ea3a0afa4a9b2b55b53f","MFCL quarterly dependent-variable gradients; log-scale delta method"
1962,4,1962.75,"depletion",0.810908544523961,0.00899333202937618,0.806004534731232,0.815842392004953,0.801616136298127,0.82030867120346,0.796740215018847,0.825328827623459,"21dcaea9db8c89ddc8c29fa3c3a5e514b50bef6e26587c168c00c05f35fbebc3","e289a150c45930c2f4f164fb43432d5c034d8caec7bda7ce664caca9e4ad20c5","2a1d8aca95b935951cb371014dc53250bca5ead96b6750c991b6e3b51a154b04","278bee47cd45eccaf00a839b10f2e01146092ada4f32ea3a0afa4a9b2b55b53f","MFCL quarterly dependent-variable gradients; log-scale delta method"
1963,1,1963,"depletion",0.809774066881278,0.00901528961303706,0.804864997626788,0.814713077754568,0.800472133501416,0.819184093923595,0.795591319295992,0.824209645693086,"21dcaea9db8c89ddc8c29fa3c3a5e514b50bef6e26587c168c00c05f35fbebc3","e289a150c45930c2f4f164fb43432d5c034d8caec7bda7ce664caca9e4ad20c5","2a1d8aca95b935951cb371014dc53250bca5ead96b6750c991b6e3b51a154b04","278bee47cd45eccaf00a839b10f2e01146092ada4f32ea3a0afa4a9b2b55b53f","MFCL quarterly dependent-variable gradients; log-scale delta method"
1963,2,1963.25,"depletion",0.801476201359752,0.00951163337100737,0.796350790033728,0.806634600461502,0.791765791552552,0.811305702013803,0.786673125847408,0.816557830997595,"21dcaea9db8c89ddc8c29fa3c3a5e514b50bef6e26587c168c00c05f35fbebc3","e289a150c45930c2f4f164fb43432d5c034d8caec7bda7ce664caca9e4ad20c5","2a1d8aca95b935951cb371014dc53250bca5ead96b6750c991b6e3b51a154b04","278bee47cd45eccaf00a839b10f2e01146092ada4f32ea3a0afa4a9b2b55b53f","MFCL quarterly dependent-variable gradients; log-scale delta method"
1963,3,1963.5,"depletion",0.798037252732298,0.00970893449572484,0.792828318658712,0.803280409844523,0.78816919303142,0.808028862811853,0.782994848700234,0.813368641959399,"21dcaea9db8c89ddc8c29fa3c3a5e514b50bef6e26587c168c00c05f35fbebc3","e289a150c45930c2f4f164fb43432d5c034d8caec7bda7ce664caca9e4ad20c5","2a1d8aca95b935951cb371014dc53250bca5ead96b6750c991b6e3b51a154b04","278bee47cd45eccaf00a839b10f2e01146092ada4f32ea3a0afa4a9b2b55b53f","MFCL quarterly dependent-variable gradients; log-scale delta method"
1963,4,1963.75,"depletion",0.797797877464565,0.00969483232915716,0.79259804480874,0.803031823577805,0.787947017902442,0.807771891797132,0.782781621057236,0.81310219372208,"21dcaea9db8c89ddc8c29fa3c3a5e514b50bef6e26587c168c00c05f35fbebc3","e289a150c45930c2f4f164fb43432d5c034d8caec7bda7ce664caca9e4ad20c5","2a1d8aca95b935951cb371014dc53250bca5ead96b6750c991b6e3b51a154b04","278bee47cd45eccaf00a839b10f2e01146092ada4f32ea3a0afa4a9b2b55b53f","MFCL quarterly dependent-variable gradients; log-scale delta method"
1964,1,1964,"depletion",0.792232792842566,0.0100299042556595,0.786891372338233,0.797610470921968,0.782114726982692,0.802481754149377,0.776810961420996,0.807960789980387,"21dcaea9db8c89ddc8c29fa3c3a5e514b50bef6e26587c168c00c05f35fbebc3","e289a150c45930c2f4f164fb43432d5c034d8caec7bda7ce664caca9e4ad20c5","2a1d8aca95b935951cb371014dc53250bca5ead96b6750c991b6e3b51a154b04","278bee47cd45eccaf00a839b10f2e01146092ada4f32ea3a0afa4a9b2b55b53f","MFCL quarterly dependent-variable gradients; log-scale delta method"
1964,2,1964.25,"depletion",0.785291729736155,0.0104469667191823,0.779777721791658,0.790844728642771,0.77484805527975,0.795876167707945,0.769375849025886,0.801536858185489,"21dcaea9db8c89ddc8c29fa3c3a5e514b50bef6e26587c168c00c05f35fbebc3","e289a150c45930c2f4f164fb43432d5c034d8caec7bda7ce664caca9e4ad20c5","2a1d8aca95b935951cb371014dc53250bca5ead96b6750c991b6e3b51a154b04","278bee47cd45eccaf00a839b10f2e01146092ada4f32ea3a0afa4a9b2b55b53f","MFCL quarterly dependent-variable gradients; log-scale delta method"
1964,3,1964.5,"depletion",0.785056177551829,0.010405315182733,0.779565724010475,0.790585300161308,0.774656984723187,0.795594971795833,0.769207863003786,0.801231021619516,"21dcaea9db8c89ddc8c29fa3c3a5e514b50bef6e26587c168c00c05f35fbebc3","e289a150c45930c2f4f164fb43432d5c034d8caec7bda7ce664caca9e4ad20c5","2a1d8aca95b935951cb371014dc53250bca5ead96b6750c991b6e3b51a154b04","278bee47cd45eccaf00a839b10f2e01146092ada4f32ea3a0afa4a9b2b55b53f","MFCL quarterly dependent-variable gradients; log-scale delta method"
1964,4,1964.75,"depletion",0.788754626132261,0.0101018092318807,0.783398661143176,0.794147208953859,0.778609229867057,0.799032218448359,0.773291513151735,0.804526947036296,"21dcaea9db8c89ddc8c29fa3c3a5e514b50bef6e26587c168c00c05f35fbebc3","e289a150c45930c2f4f164fb43432d5c034d8caec7bda7ce664caca9e4ad20c5","2a1d8aca95b935951cb371014dc53250bca5ead96b6750c991b6e3b51a154b04","278bee47cd45eccaf00a839b10f2e01146092ada4f32ea3a0afa4a9b2b55b53f","MFCL quarterly dependent-variable gradients; log-scale delta method"
1965,1,1965,"depletion",0.791203559358585,0.00988008917520301,0.785948493278856,0.796493762244019,0.781248620455376,0.801285347520751,0.776029597089155,0.80667422310927,"21dcaea9db8c89ddc8c29fa3c3a5e514b50bef6e26587c168c00c05f35fbebc3","e289a150c45930c2f4f164fb43432d5c034d8caec7bda7ce664caca9e4ad20c5","2a1d8aca95b935951cb371014dc53250bca5ead96b6750c991b6e3b51a154b04","278bee47cd45eccaf00a839b10f2e01146092ada4f32ea3a0afa4a9b2b55b53f","MFCL quarterly dependent-variable gradients; log-scale delta method"
1965,2,1965.25,"depletion",0.790570849628736,0.00985805994652307,0.78533165467572,0.795844996902331,0.780645910058047,0.80062197243335,0.775442501841129,0.80599434103594,"21dcaea9db8c89ddc8c29fa3c3a5e514b50bef6e26587c168c00c05f35fbebc3","e289a150c45930c2f4f164fb43432d5c034d8caec7bda7ce664caca9e4ad20c5","2a1d8aca95b935951cb371014dc53250bca5ead96b6750c991b6e3b51a154b04","278bee47cd45eccaf00a839b10f2e01146092ada4f32ea3a0afa4a9b2b55b53f","MFCL quarterly dependent-variable gradients; log-scale delta method"
1965,3,1965.5,"depletion",0.792629008284595,0.00966535868325548,0.787478519591302,0.79781318365393,0.782871541723468,0.802508088863626,0.777754968506512,0.80778750405239,"21dcaea9db8c89ddc8c29fa3c3a5e514b50bef6e26587c168c00c05f35fbebc3","e289a150c45930c2f4f164fb43432d5c034d8caec7bda7ce664caca9e4ad20c5","2a1d8aca95b935951cb371014dc53250bca5ead96b6750c991b6e3b51a154b04","278bee47cd45eccaf00a839b10f2e01146092ada4f32ea3a0afa4a9b2b55b53f","MFCL quarterly dependent-variable gradients; log-scale delta method"
1965,4,1965.75,"depletion",0.795487615119426,0.00942377712036704,0.790447339637596,0.80056002984148,0.785938246587559,0.805153011137873,0.780929608040607,0.810317011025004,"21dcaea9db8c89ddc8c29fa3c3a5e514b50bef6e26587c168c00c05f35fbebc3","e289a150c45930c2f4f164fb43432d5c034d8caec7bda7ce664caca9e4ad20c5","2a1d8aca95b935951cb371014dc53250bca5ead96b6750c991b6e3b51a154b04","278bee47cd45eccaf00a839b10f2e01146092ada4f32ea3a0afa4a9b2b55b53f","MFCL quarterly dependent-variable gradients; log-scale delta method"
1966,1,1966,"depletion",0.797080182386075,0.00926279007501034,0.792115822789676,0.802075654687831,0.78767418682514,0.806598499455031,0.782739968208975,0.811683116944142,"21dcaea9db8c89ddc8c29fa3c3a5e514b50bef6e26587c168c00c05f35fbebc3","e289a150c45930c2f4f164fb43432d5c034d8caec7bda7ce664caca9e4ad20c5","2a1d8aca95b935951cb371014dc53250bca5ead96b6750c991b6e3b51a154b04","278bee47cd45eccaf00a839b10f2e01146092ada4f32ea3a0afa4a9b2b55b53f","MFCL quarterly dependent-variable gradients; log-scale delta method"
1966,2,1966.25,"depletion",0.796681741913302,0.00923327604813653,0.791735624728111,0.801658758396751,0.787310226634518,0.806164808262616,0.782393953438895,0.811230448686723,"21dcaea9db8c89ddc8c29fa3c3a5e514b50bef6e26587c168c00c05f35fbebc3","e289a150c45930c2f4f164fb43432d5c034d8caec7bda7ce664caca9e4ad20c5","2a1d8aca95b935951cb371014dc53250bca5ead96b6750c991b6e3b51a154b04","278bee47cd45eccaf00a839b10f2e01146092ada4f32ea3a0afa4a9b2b55b53f","MFCL quarterly dependent-variable gradients; log-scale delta method"
1966,3,1966.5,"depletion",0.797638333843966,0.00911314165688254,0.792750511263689,0.802556293029943,0.788376933918503,0.80700853138246,0.783517854407562,0.812013291130993,"21dcaea9db8c89ddc8c29fa3c3a5e514b50bef6e26587c168c00c05f35fbebc3","e289a150c45930c2f4f164fb43432d5c034d8caec7bda7ce664caca9e4ad20c5","2a1d8aca95b935951cb371014dc53250bca5ead96b6750c991b6e3b51a154b04","278bee47cd45eccaf00a839b10f2e01146092ada4f32ea3a0afa4a9b2b55b53f","MFCL quarterly dependent-variable gradients; log-scale delta method"
1966,4,1966.75,"depletion",0.799395069879513,0.00895917550881467,0.794578993875082,0.804240336925062,0.790269189468416,0.808626334246341,0.785480488389356,0.813556144542841,"21dcaea9db8c89ddc8c29fa3c3a5e514b50bef6e26587c168c00c05f35fbebc3","e289a150c45930c2f4f164fb43432d5c034d8caec7bda7ce664caca9e4ad20c5","2a1d8aca95b935951cb371014dc53250bca5ead96b6750c991b6e3b51a154b04","278bee47cd45eccaf00a839b10f2e01146092ada4f32ea3a0afa4a9b2b55b53f","MFCL quarterly dependent-variable gradients; log-scale delta method"
1967,1,1967,"depletion",0.797478822128898,0.0090406648414431,0.792630723717522,0.802356573766554,0.788292489692901,0.806772207092641,0.783472452389662,0.81173558790015,"21dcaea9db8c89ddc8c29fa3c3a5e514b50bef6e26587c168c00c05f35fbebc3","e289a150c45930c2f4f164fb43432d5c034d8caec7bda7ce664caca9e4ad20c5","2a1d8aca95b935951cb371014dc53250bca5ead96b6750c991b6e3b51a154b04","278bee47cd45eccaf00a839b10f2e01146092ada4f32ea3a0afa4a9b2b55b53f","MFCL quarterly dependent-variable gradients; log-scale delta method"
1967,2,1967.25,"depletion",0.792470498334459,0.00931743803529123,0.787505821087211,0.797466474423581,0.783064056475593,0.801989933693298,0.778129868238902,0.807075420651574,"21dcaea9db8c89ddc8c29fa3c3a5e514b50bef6e26587c168c00c05f35fbebc3","e289a150c45930c2f4f164fb43432d5c034d8caec7bda7ce664caca9e4ad20c5","2a1d8aca95b935951cb371014dc53250bca5ead96b6750c991b6e3b51a154b04","278bee47cd45eccaf00a839b10f2e01146092ada4f32ea3a0afa4a9b2b55b53f","MFCL quarterly dependent-variable gradients; log-scale delta method"
1967,3,1967.5,"depletion",0.79080805646287,0.0093846105762056,0.785818190077523,0.79582960799735,0.781354081585273,0.800376419481635,0.7763952864503,0.805488380829595,"21dcaea9db8c89ddc8c29fa3c3a5e514b50bef6e26587c168c00c05f35fbebc3","e289a150c45930c2f4f164fb43432d5c034d8caec7bda7ce664caca9e4ad20c5","2a1d8aca95b935951cb371014dc53250bca5ead96b6750c991b6e3b51a154b04","278bee47cd45eccaf00a839b10f2e01146092ada4f32ea3a0afa4a9b2b55b53f","MFCL quarterly dependent-variable gradients; log-scale delta method"
1967,4,1967.75,"depletion",0.790649910666685,0.00935304614238298,0.785677768967753,0.795653518437397,0.781229427618636,0.800183990947148,0.776288046613521,0.805277479106231,"21dcaea9db8c89ddc8c29fa3c3a5e514b50bef6e26587c168c00c05f35fbebc3","e289a150c45930c2f4f164fb43432d5c034d8caec7bda7ce664caca9e4ad20c5","2a1d8aca95b935951cb371014dc53250bca5ead96b6750c991b6e3b51a154b04","278bee47cd45eccaf00a839b10f2e01146092ada4f32ea3a0afa4a9b2b55b53f","MFCL quarterly dependent-variable gradients; log-scale delta method"
1968,1,1968,"depletion",0.78867575461329,0.00942993720653657,0.783675383533029,0.793708031392601,0.779202007115648,0.798264686480107,0.774233061784502,0.80338786421907,"21dcaea9db8c89ddc8c29fa3c3a5e514b50bef6e26587c168c00c05f35fbebc3","e289a150c45930c2f4f164fb43432d5c034d8caec7bda7ce664caca9e4ad20c5","2a1d8aca95b935951cb371014dc53250bca5ead96b6750c991b6e3b51a154b04","278bee47cd45eccaf00a839b10f2e01146092ada4f32ea3a0afa4a9b2b55b53f","MFCL quarterly dependent-variable gradients; log-scale delta method"
1968,2,1968.25,"depletion",0.78749362779813,0.0094443874530145,0.78249312501172,0.792526086172797,0.778019672194777,0.797082947881306,0.773050688145902,0.802206405520483,"21dcaea9db8c89ddc8c29fa3c3a5e514b50bef6e26587c168c00c05f35fbebc3","e289a150c45930c2f4f164fb43432d5c034d8caec7bda7ce664caca9e4ad20c5","2a1d8aca95b935951cb371014dc53250bca5ead96b6750c991b6e3b51a154b04","278bee47cd45eccaf00a839b10f2e01146092ada4f32ea3a0afa4a9b2b55b53f","MFCL quarterly dependent-variable gradients; log-scale delta method"
1968,3,1968.5,"depletion",0.788675754613293,0.00928923754862741,0.783749758229875,0.793632711695728,0.779342520710516,0.798120761263955,0.774446598583747,0.803166347495532,"21dcaea9db8c89ddc8c29fa3c3a5e514b50bef6e26587c168c00c05f35fbebc3","e289a150c45930c2f4f164fb43432d5c034d8caec7bda7ce664caca9e4ad20c5","2a1d8aca95b935951cb371014dc53250bca5ead96b6750c991b6e3b51a154b04","278bee47cd45eccaf00a839b10f2e01146092ada4f32ea3a0afa4a9b2b55b53f","MFCL quarterly dependent-variable gradients; log-scale delta method"
1968,4,1968.75,"depletion",0.793263365200155,0.00891972755711419,0.788505210241674,0.798050232763594,0.784247130510021,0.80238325661382,0.779515781698848,0.807253401845532,"21dcaea9db8c89ddc8c29fa3c3a5e514b50bef6e26587c168c00c05f35fbebc3","e289a150c45930c2f4f164fb43432d5c034d8caec7bda7ce664caca9e4ad20c5","2a1d8aca95b935951cb371014dc53250bca5ead96b6750c991b6e3b51a154b04","278bee47cd45eccaf00a839b10f2e01146092ada4f32ea3a0afa4a9b2b55b53f","MFCL quarterly dependent-variable gradients; log-scale delta method"
1969,1,1969,"depletion",0.79620387624219,0.00867890265539313,0.791556648714155,0.800878387633903,0.787397196221048,0.805109054979567,0.782774721314937,0.80986341955214,"21dcaea9db8c89ddc8c29fa3c3a5e514b50bef6e26587c168c00c05f35fbebc3","e289a150c45930c2f4f164fb43432d5c034d8caec7bda7ce664caca9e4ad20c5","2a1d8aca95b935951cb371014dc53250bca5ead96b6750c991b6e3b51a154b04","278bee47cd45eccaf00a839b10f2e01146092ada4f32ea3a0afa4a9b2b55b53f","MFCL quarterly dependent-variable gradients; log-scale delta method"
1969,2,1969.25,"depletion",0.792232792842566,0.00888252652702876,0.78750057895763,0.796993443339297,0.783265612970113,0.801302633055947,0.778559834402081,0.806145873858419,"21dcaea9db8c89ddc8c29fa3c3a5e514b50bef6e26587c168c00c05f35fbebc3","e289a150c45930c2f4f164fb43432d5c034d8caec7bda7ce664caca9e4ad20c5","2a1d8aca95b935951cb371014dc53250bca5ead96b6750c991b6e3b51a154b04","278bee47cd45eccaf00a839b10f2e01146092ada4f32ea3a0afa4a9b2b55b53f","MFCL quarterly dependent-variable gradients; log-scale delta method"
1969,3,1969.5,"depletion",0.792074362127597,0.00886656975497923,0.787351568557545,0.796825484566221,0.78312498980473,0.801126005819678,0.778428482740793,0.805959454272372,"21dcaea9db8c89ddc8c29fa3c3a5e514b50bef6e26587c168c00c05f35fbebc3","e289a150c45930c2f4f164fb43432d5c034d8caec7bda7ce664caca9e4ad20c5","2a1d8aca95b935951cb371014dc53250bca5ead96b6750c991b6e3b51a154b04","278bee47cd45eccaf00a839b10f2e01146092ada4f32ea3a0afa4a9b2b55b53f","MFCL quarterly dependent-variable gradients; log-scale delta method"
1969,4,1969.75,"depletion",0.793898229804296,0.00872651130209552,0.789239115619698,0.798584848131245,0.785069151323966,0.80282660224705,0.780435136248805,0.807593571857663,"21dcaea9db8c89ddc8c29fa3c3a5e514b50bef6e26587c168c00c05f35fbebc3","e289a150c45930c2f4f164fb43432d5c034d8caec7bda7ce664caca9e4ad20c5","2a1d8aca95b935951cb371014dc53250bca5ead96b6750c991b6e3b51a154b04","278bee47cd45eccaf00a839b10f2e01146092ada4f32ea3a0afa4a9b2b55b53f","MFCL quarterly dependent-variable gradients; log-scale delta method"
1970,1,1970,"depletion",0.791915963095603,0.00882836362131457,0.787214399964493,0.796645605865344,0.783006717989701,0.800926579807308,0.778331093921375,0.805737940451584,"21dcaea9db8c89ddc8c29fa3c3a5e514b50bef6e26587c168c00c05f35fbebc3","e289a150c45930c2f4f164fb43432d5c034d8caec7bda7ce664caca9e4ad20c5","2a1d8aca95b935951cb371014dc53250bca5ead96b6750c991b6e3b51a154b04","278bee47cd45eccaf00a839b10f2e01146092ada4f32ea3a0afa4a9b2b55b53f","MFCL quarterly dependent-variable gradients; log-scale delta method"
1970,2,1970.25,"depletion",0.787887473065143,0.00905365589791228,0.783090821432899,0.792713505538345,0.778798659370334,0.797082355938917,0.774029850585365,0.801993191533268,"21dcaea9db8c89ddc8c29fa3c3a5e514b50bef6e26587c168c00c05f35fbebc3","e289a150c45930c2f4f164fb43432d5c034d8caec7bda7ce664caca9e4ad20c5","2a1d8aca95b935951cb371014dc53250bca5ead96b6750c991b6e3b51a154b04","278bee47cd45eccaf00a839b10f2e01146092ada4f32ea3a0afa4a9b2b55b53f","MFCL quarterly dependent-variable gradients; log-scale delta method"
1970,3,1970.5,"depletion",0.787336144821393,0.00905073452316132,0.782544391623546,0.792157239356236,0.778256604773454,0.796521611432598,0.773492648126273,0.801427403924097,"21dcaea9db8c89ddc8c29fa3c3a5e514b50bef6e26587c168c00c05f35fbebc3","e289a150c45930c2f4f164fb43432d5c034d8caec7bda7ce664caca9e4ad20c5","2a1d8aca95b935951cb371014dc53250bca5ead96b6750c991b6e3b51a154b04","278bee47cd45eccaf00a839b10f2e01146092ada4f32ea3a0afa4a9b2b55b53f","MFCL quarterly dependent-variable gradients; log-scale delta method"
1970,4,1970.75,"depletion",0.788833505538779,0.00890457889340035,0.784109933474426,0.793585532966462,0.779882760987945,0.797886978130316,0.775185708914317,0.802721583105679,"21dcaea9db8c89ddc8c29fa3c3a5e514b50bef6e26587c168c00c05f35fbebc3","e289a150c45930c2f4f164fb43432d5c034d8caec7bda7ce664caca9e4ad20c5","2a1d8aca95b935951cb371014dc53250bca5ead96b6750c991b6e3b51a154b04","278bee47cd45eccaf00a839b10f2e01146092ada4f32ea3a0afa4a9b2b55b53f","MFCL quarterly dependent-variable gradients; log-scale delta method"
1971,1,1971,"depletion",0.787257415143461,0.00894996144528364,0.782519327447458,0.792024191555803,0.77827928808986,0.796339112684705,0.773568076311997,0.801189005437182,"21dcaea9db8c89ddc8c29fa3c3a5e514b50bef6e26587c168c00c05f35fbebc3","e289a150c45930c2f4f164fb43432d5c034d8caec7bda7ce664caca9e4ad20c5","2a1d8aca95b935951cb371014dc53250bca5ead96b6750c991b6e3b51a154b04","278bee47cd45eccaf00a839b10f2e01146092ada4f32ea3a0afa4a9b2b55b53f","MFCL quarterly dependent-variable gradients; log-scale delta method"
1971,2,1971.25,"depletion",0.783644347460512,0.0091122633891369,0.778842739557116,0.788475557538118,0.774546303869976,0.792849259287023,0.76977292666562,0.797765733288213,"21dcaea9db8c89ddc8c29fa3c3a5e514b50bef6e26587c168c00c05f35fbebc3","e289a150c45930c2f4f164fb43432d5c034d8caec7bda7ce664caca9e4ad20c5","2a1d8aca95b935951cb371014dc53250bca5ead96b6750c991b6e3b51a154b04","278bee47cd45eccaf00a839b10f2e01146092ada4f32ea3a0afa4a9b2b55b53f","MFCL quarterly dependent-variable gradients; log-scale delta method"
1971,3,1971.5,"depletion",0.784271513771558,0.00900155257998027,0.779524270526012,0.789047667365741,0.775276178464074,0.793371219701461,0.77055617562781,0.798230974934946,"21dcaea9db8c89ddc8c29fa3c3a5e514b50bef6e26587c168c00c05f35fbebc3","e289a150c45930c2f4f164fb43432d5c034d8caec7bda7ce664caca9e4ad20c5","2a1d8aca95b935951cb371014dc53250bca5ead96b6750c991b6e3b51a154b04","278bee47cd45eccaf00a839b10f2e01146092ada4f32ea3a0afa4a9b2b55b53f","MFCL quarterly dependent-variable gradients; log-scale delta method"
1971,4,1971.75,"depletion",0.787099979404531,0.00874610337495038,0.78247042165783,0.791756928352659,0.778326962759187,0.795971882282452,0.773722460687504,0.800708792954159,"21dcaea9db8c89ddc8c29fa3c3a5e514b50bef6e26587c168c00c05f35fbebc3","e289a150c45930c2f4f164fb43432d5c034d8caec7bda7ce664caca9e4ad20c5","2a1d8aca95b935951cb371014dc53250bca5ead96b6750c991b6e3b51a154b04","278bee47cd45eccaf00a839b10f2e01146092ada4f32ea3a0afa4a9b2b55b53f","MFCL quarterly dependent-variable gradients; log-scale delta method"
1972,1,1972,"depletion",0.787493627798133,0.00863861111810039,0.782918516127437,0.792095474877902,0.77882350444644,0.796260269858499,0.774272525939782,0.800940486774931,"21dcaea9db8c89ddc8c29fa3c3a5e514b50bef6e26587c168c00c05f35fbebc3","e289a150c45930c2f4f164fb43432d5c034d8caec7bda7ce664caca9e4ad20c5","2a1d8aca95b935951cb371014dc53250bca5ead96b6750c991b6e3b51a154b04","278bee47cd45eccaf00a839b10f2e01146092ada4f32ea3a0afa4a9b2b55b53f","MFCL quarterly dependent-variable gradients; log-scale delta method"
1972,2,1972.25,"depletion",0.782939384828569,0.00882805739375696,0.778291275921192,0.787615253158521,0.774131432192817,0.791847553043236,0.769508965618302,0.796604208273513,"21dcaea9db8c89ddc8c29fa3c3a5e514b50bef6e26587c168c00c05f35fbebc3","e289a150c45930c2f4f164fb43432d5c034d8caec7bda7ce664caca9e4ad20c5","2a1d8aca95b935951cb371014dc53250bca5ead96b6750c991b6e3b51a154b04","278bee47cd45eccaf00a839b10f2e01146092ada4f32ea3a0afa4a9b2b55b53f","MFCL quarterly dependent-variable gradients; log-scale delta method"
1972,3,1972.5,"depletion",0.778956558805073,0.0089977063466651,0.774243495880364,0.783698311621593,0.770025979837507,0.787990712512692,0.765339938056753,0.792815441000083,"21dcaea9db8c89ddc8c29fa3c3a5e514b50bef6e26587c168c00c05f35fbebc3","e289a150c45930c2f4f164fb43432d5c034d8caec7bda7ce664caca9e4ad20c5","2a1d8aca95b935951cb371014dc53250bca5ead96b6750c991b6e3b51a154b04","278bee47cd45eccaf00a839b10f2e01146092ada4f32ea3a0afa4a9b2b55b53f","MFCL quarterly dependent-variable gradients; log-scale delta method"
1972,4,1972.75,"depletion",0.775226526561852,0.00917420805104852,0.77044430636293,0.780038430450876,0.766165388482235,0.78439482717391,0.761411662960984,0.789292043607623,"21dcaea9db8c89ddc8c29fa3c3a5e514b50bef6e26587c168c00c05f35fbebc3","e289a150c45930c2f4f164fb43432d5c034d8caec7bda7ce664caca9e4ad20c5","2a1d8aca95b935951cb371014dc53250bca5ead96b6750c991b6e3b51a154b04","278bee47cd45eccaf00a839b10f2e01146092ada4f32ea3a0afa4a9b2b55b53f","MFCL quarterly dependent-variable gradients; log-scale delta method"
1973,1,1973,"depletion",0.769434076452632,0.00947797632767033,0.764530929029225,0.774368669110943,0.760144664795248,0.778837010144618,0.755272632513156,0.783861049004979,"21dcaea9db8c89ddc8c29fa3c3a5e514b50bef6e26587c168c00c05f35fbebc3","e289a150c45930c2f4f164fb43432d5c034d8caec7bda7ce664caca9e4ad20c5","2a1d8aca95b935951cb371014dc53250bca5ead96b6750c991b6e3b51a154b04","278bee47cd45eccaf00a839b10f2e01146092ada4f32ea3a0afa4a9b2b55b53f","MFCL quarterly dependent-variable gradients; log-scale delta method"
1973,2,1973.25,"depletion",0.760104009849826,0.00998998893671622,0.75499953536614,0.765242995162372,0.750434665775199,0.769897943337892,0.745365916182861,0.775133519317031,"21dcaea9db8c89ddc8c29fa3c3a5e514b50bef6e26587c168c00c05f35fbebc3","e289a150c45930c2f4f164fb43432d5c034d8caec7bda7ce664caca9e4ad20c5","2a1d8aca95b935951cb371014dc53250bca5ead96b6750c991b6e3b51a154b04","278bee47cd45eccaf00a839b10f2e01146092ada4f32ea3a0afa4a9b2b55b53f","MFCL quarterly dependent-variable gradients; log-scale delta method"
1973,3,1973.5,"depletion",0.756842579707596,0.0101204725390557,0.751693847965026,0.762026577720641,0.747089784653202,0.7667226914692,0.741977943733529,0.772005010790678,"21dcaea9db8c89ddc8c29fa3c3a5e514b50bef6e26587c168c00c05f35fbebc3","e289a150c45930c2f4f164fb43432d5c034d8caec7bda7ce664caca9e4ad20c5","2a1d8aca95b935951cb371014dc53250bca5ead96b6750c991b6e3b51a154b04","278bee47cd45eccaf00a839b10f2e01146092ada4f32ea3a0afa4a9b2b55b53f","MFCL quarterly dependent-variable gradients; log-scale delta method"
1973,4,1973.75,"depletion",0.756161727815167,0.0100879342052006,0.751034110440576,0.76132435353302,0.746448832261065,0.766001008911007,0.741357741808347,0.771261330889605,"21dcaea9db8c89ddc8c29fa3c3a5e514b50bef6e26587c168c00c05f35fbebc3","e289a150c45930c2f4f164fb43432d5c034d8caec7bda7ce664caca9e4ad20c5","2a1d8aca95b935951cb371014dc53250bca5ead96b6750c991b6e3b51a154b04","278bee47cd45eccaf00a839b10f2e01146092ada4f32ea3a0afa4a9b2b55b53f","MFCL quarterly dependent-variable gradients; log-scale delta method"
1974,1,1974,"depletion",0.754122844880651,0.0101431274648863,0.748981170342925,0.759299816456671,0.744383484427479,0.763989633123425,0.739278798582689,0.769264946135577,"21dcaea9db8c89ddc8c29fa3c3a5e514b50bef6e26587c168c00c05f35fbebc3","e289a150c45930c2f4f164fb43432d5c034d8caec7bda7ce664caca9e4ad20c5","2a1d8aca95b935951cb371014dc53250bca5ead96b6750c991b6e3b51a154b04","278bee47cd45eccaf00a839b10f2e01146092ada4f32ea3a0afa4a9b2b55b53f","MFCL quarterly dependent-variable gradients; log-scale delta method"
1974,2,1974.25,"depletion",0.748338397676766,0.0104362014660992,0.743089257005791,0.753624617981882,0.738396356349289,0.758414302321562,0.733186937430755,0.763802965993675,"21dcaea9db8c89ddc8c29fa3c3a5e514b50bef6e26587c168c00c05f35fbebc3","e289a150c45930c2f4f164fb43432d5c034d8caec7bda7ce664caca9e4ad20c5","2a1d8aca95b935951cb371014dc53250bca5ead96b6750c991b6e3b51a154b04","278bee47cd45eccaf00a839b10f2e01146092ada4f32ea3a0afa4a9b2b55b53f","MFCL quarterly dependent-variable gradients; log-scale delta method"
1974,3,1974.5,"depletion",0.744903946341604,0.0105887592916415,0.739602788193462,0.750243100936164,0.734863845573074,0.755081220307658,0.729603832868407,0.760524909927899,"21dcaea9db8c89ddc8c29fa3c3a5e514b50bef6e26587c168c00c05f35fbebc3","e289a150c45930c2f4f164fb43432d5c034d8caec7bda7ce664caca9e4ad20c5","2a1d8aca95b935951cb371014dc53250bca5ead96b6750c991b6e3b51a154b04","278bee47cd45eccaf00a839b10f2e01146092ada4f32ea3a0afa4a9b2b55b53f","MFCL quarterly dependent-variable gradients; log-scale delta method"
1974,4,1974.75,"depletion",0.743638685409331,0.0106012062861928,0.738340332907723,0.748975059048319,0.733603936161275,0.753810696996787,0.72834679131472,0.759251638136709,"21dcaea9db8c89ddc8c29fa3c3a5e514b50bef6e26587c168c00c05f35fbebc3","e289a150c45930c2f4f164fb43432d5c034d8caec7bda7ce664caca9e4ad20c5","2a1d8aca95b935951cb371014dc53250bca5ead96b6750c991b6e3b51a154b04","278bee47cd45eccaf00a839b10f2e01146092ada4f32ea3a0afa4a9b2b55b53f","MFCL quarterly dependent-variable gradients; log-scale delta method"
1975,1,1975,"depletion",0.740521952651002,0.0107295384034769,0.735182167398562,0.745900521905294,0.730409124917051,0.750774796824079,0.725111742192652,0.756259663786216,"21dcaea9db8c89ddc8c29fa3c3a5e514b50bef6e26587c168c00c05f35fbebc3","e289a150c45930c2f4f164fb43432d5c034d8caec7bda7ce664caca9e4ad20c5","2a1d8aca95b935951cb371014dc53250bca5ead96b6750c991b6e3b51a154b04","278bee47cd45eccaf00a839b10f2e01146092ada4f32ea3a0afa4a9b2b55b53f","MFCL quarterly dependent-variable gradients; log-scale delta method"
1975,2,1975.25,"depletion",0.733226955139236,0.011125471362546,0.727745400602709,0.738749798071557,0.722846878730026,0.743756089377194,0.717411615303885,0.749390944158364,"21dcaea9db8c89ddc8c29fa3c3a5e514b50bef6e26587c168c00c05f35fbebc3","e289a150c45930c2f4f164fb43432d5c034d8caec7bda7ce664caca9e4ad20c5","2a1d8aca95b935951cb371014dc53250bca5ead96b6750c991b6e3b51a154b04","278bee47cd45eccaf00a839b10f2e01146092ada4f32ea3a0afa4a9b2b55b53f","MFCL quarterly dependent-variable gradients; log-scale delta method"
1975,3,1975.5,"depletion",0.731835146561321,0.0111634632530515,0.7263453841493,0.737366400930197,0.721439646855578,0.742380438996925,0.71599651029809,0.748024151010808,"21dcaea9db8c89ddc8c29fa3c3a5e514b50bef6e26587c168c00c05f35fbebc3","e289a150c45930c2f4f164fb43432d5c034d8caec7bda7ce664caca9e4ad20c5","2a1d8aca95b935951cb371014dc53250bca5ead96b6750c991b6e3b51a154b04","278bee47cd45eccaf00a839b10f2e01146092ada4f32ea3a0afa4a9b2b55b53f","MFCL quarterly dependent-variable gradients; log-scale delta method"
1975,4,1975.75,"depletion",0.728622145701981,0.011296658037019,0.72309152079385,0.734195072049135,0.718149689983,0.73924731655865,0.712666975370439,0.744934519985869,"21dcaea9db8c89ddc8c29fa3c3a5e514b50bef6e26587c168c00c05f35fbebc3","e289a150c45930c2f4f164fb43432d5c034d8caec7bda7ce664caca9e4ad20c5","2a1d8aca95b935951cb371014dc53250bca5ead96b6750c991b6e3b51a154b04","278bee47cd45eccaf00a839b10f2e01146092ada4f32ea3a0afa4a9b2b55b53f","MFCL quarterly dependent-variable gradients; log-scale delta method"
1976,1,1976,"depletion",0.717774375190224,0.0119247166413185,0.712024399534242,0.723570784957264,0.706888637751746,0.728827747632648,0.701193065721796,0.734747787543189,"21dcaea9db8c89ddc8c29fa3c3a5e514b50bef6e26587c168c00c05f35fbebc3","e289a150c45930c2f4f164fb43432d5c034d8caec7bda7ce664caca9e4ad20c5","2a1d8aca95b935951cb371014dc53250bca5ead96b6750c991b6e3b51a154b04","278bee47cd45eccaf00a839b10f2e01146092ada4f32ea3a0afa4a9b2b55b53f","MFCL quarterly dependent-variable gradients; log-scale delta method"
1976,2,1976.25,"depletion",0.709567251287126,0.0124266994633623,0.70364473961864,0.715539612179926,0.698356573654332,0.720957893278712,0.692493876613655,0.727061568488155,"21dcaea9db8c89ddc8c29fa3c3a5e514b50bef6e26587c168c00c05f35fbebc3","e289a150c45930c2f4f164fb43432d5c034d8caec7bda7ce664caca9e4ad20c5","2a1d8aca95b935951cb371014dc53250bca5ead96b6750c991b6e3b51a154b04","278bee47cd45eccaf00a839b10f2e01146092ada4f32ea3a0afa4a9b2b55b53f","MFCL quarterly dependent-variable gradients; log-scale delta method"
1976,3,1976.5,"depletion",0.702858280468263,0.0128416783363056,0.696796706255571,0.708972585530006,0.691385811593276,0.714521117065412,0.685388651584426,0.720773186542836,"21dcaea9db8c89ddc8c29fa3c3a5e514b50bef6e26587c168c00c05f35fbebc3","e289a150c45930c2f4f164fb43432d5c034d8caec7bda7ce664caca9e4ad20c5","2a1d8aca95b935951cb371014dc53250bca5ead96b6750c991b6e3b51a154b04","278bee47cd45eccaf00a839b10f2e01146092ada4f32ea3a0afa4a9b2b55b53f","MFCL quarterly dependent-variable gradients; log-scale delta method"
1976,4,1976.75,"depletion",0.698793501694913,0.0130530634064663,0.692668217212955,0.704972952239429,0.687201191927706,0.71058136066564,0.681142642669855,0.716901758047353,"21dcaea9db8c89ddc8c29fa3c3a5e514b50bef6e26587c168c00c05f35fbebc3","e289a150c45930c2f4f164fb43432d5c034d8caec7bda7ce664caca9e4ad20c5","2a1d8aca95b935951cb371014dc53250bca5ead96b6750c991b6e3b51a154b04","278bee47cd45eccaf00a839b10f2e01146092ada4f32ea3a0afa4a9b2b55b53f","MFCL quarterly dependent-variable gradients; log-scale delta method"
1977,1,1977,"depletion",0.692394083938164,0.0133733465940362,0.686176644451189,0.698667859580103,0.680628506609966,0.704363045063135,0.674481333914098,0.710782557451214,"21dcaea9db8c89ddc8c29fa3c3a5e514b50bef6e26587c168c00c05f35fbebc3","e289a150c45930c2f4f164fb43432d5c034d8caec7bda7ce664caca9e4ad20c5","2a1d8aca95b935951cb371014dc53250bca5ead96b6750c991b6e3b51a154b04","278bee47cd45eccaf00a839b10f2e01146092ada4f32ea3a0afa4a9b2b55b53f","MFCL quarterly dependent-variable gradients; log-scale delta method"
1977,2,1977.25,"depletion",0.686190495206182,0.0136696875496681,0.679892851779127,0.692546471814165,0.674274211054762,0.698317372949421,0.668050108671682,0.704823469975231,"21dcaea9db8c89ddc8c29fa3c3a5e514b50bef6e26587c168c00c05f35fbebc3","e289a150c45930c2f4f164fb43432d5c034d8caec7bda7ce664caca9e4ad20c5","2a1d8aca95b935951cb371014dc53250bca5ead96b6750c991b6e3b51a154b04","278bee47cd45eccaf00a839b10f2e01146092ada4f32ea3a0afa4a9b2b55b53f","MFCL quarterly dependent-variable gradients; log-scale delta method"
1977,3,1977.5,"depletion",0.683587919350291,0.0137443493847996,0.67728005379389,0.689954533378103,0.671652562350736,0.695735369260217,0.665418954596603,0.702252979500632,"21dcaea9db8c89ddc8c29fa3c3a5e514b50bef6e26587c168c00c05f35fbebc3","e289a150c45930c2f4f164fb43432d5c034d8caec7bda7ce664caca9e4ad20c5","2a1d8aca95b935951cb371014dc53250bca5ead96b6750c991b6e3b51a154b04","278bee47cd45eccaf00a839b10f2e01146092ada4f32ea3a0afa4a9b2b55b53f","MFCL quarterly dependent-variable gradients; log-scale delta method"
1977,4,1977.75,"depletion",0.685504647691886,0.0135321464465826,0.679276312344701,0.691790091112018,0.67371901717,0.697496448862452,0.66756232674312,0.703929211074252,"21dcaea9db8c89ddc8c29fa3c3a5e514b50bef6e26587c168c00c05f35fbebc3","e289a150c45930c2f4f164fb43432d5c034d8caec7bda7ce664caca9e4ad20c5","2a1d8aca95b935951cb371014dc53250bca5ead96b6750c991b6e3b51a154b04","278bee47cd45eccaf00a839b10f2e01146092ada4f32ea3a0afa4a9b2b55b53f","MFCL quarterly dependent-variable gradients; log-scale delta method"
1978,1,1978,"depletion",0.68242680711243,0.0137033891746745,0.676148335673361,0.688763578190101,0.670546920824784,0.694517165917099,0.664342034953849,0.701003884389189,"21dcaea9db8c89ddc8c29fa3c3a5e514b50bef6e26587c168c00c05f35fbebc3","e289a150c45930c2f4f164fb43432d5c034d8caec7bda7ce664caca9e4ad20c5","2a1d8aca95b935951cb371014dc53250bca5ead96b6750c991b6e3b51a154b04","278bee47cd45eccaf00a839b10f2e01146092ada4f32ea3a0afa4a9b2b55b53f","MFCL quarterly dependent-variable gradients; log-scale delta method"
1978,2,1978.25,"depletion",0.677734270013972,0.0140106018250435,0.671359842827385,0.684169221109445,0.665673939468415,0.690013103289234,0.659376706028788,0.696602922959971,"21dcaea9db8c89ddc8c29fa3c3a5e514b50bef6e26587c168c00c05f35fbebc3","e289a150c45930c2f4f164fb43432d5c034d8caec7bda7ce664caca9e4ad20c5","2a1d8aca95b935951cb371014dc53250bca5ead96b6750c991b6e3b51a154b04","278bee47cd45eccaf00a839b10f2e01146092ada4f32ea3a0afa4a9b2b55b53f","MFCL quarterly dependent-variable gradients; log-scale delta method"
1978,3,1978.5,"depletion",0.676786105905694,0.0140484800375788,0.670403468674048,0.683229509615938,0.664710380268178,0.68908121001841,0.658405342745486,0.695680006539762,"21dcaea9db8c89ddc8c29fa3c3a5e514b50bef6e26587c168c00c05f35fbebc3","e289a150c45930c2f4f164fb43432d5c034d8caec7bda7ce664caca9e4ad20c5","2a1d8aca95b935951cb371014dc53250bca5ead96b6750c991b6e3b51a154b04","278bee47cd45eccaf00a839b10f2e01146092ada4f32ea3a0afa4a9b2b55b53f","MFCL quarterly dependent-variable gradients; log-scale delta method"
1978,4,1978.75,"depletion",0.675771687750655,0.0140720393309091,0.669387980302511,0.682216274273392,0.663694023272569,0.688069137211174,0.657388119229032,0.694669344649759,"21dcaea9db8c89ddc8c29fa3c3a5e514b50bef6e26587c168c00c05f35fbebc3","e289a150c45930c2f4f164fb43432d5c034d8caec7bda7ce664caca9e4ad20c5","2a1d8aca95b935951cb371014dc53250bca5ead96b6750c991b6e3b51a154b04","278bee47cd45eccaf00a839b10f2e01146092ada4f32ea3a0afa4a9b2b55b53f","MFCL quarterly dependent-variable gradients; log-scale delta method"
1979,1,1979,"depletion",0.669917974641498,0.0144099988106707,0.663438316417684,0.676460918282596,0.657660027615893,0.682404394219749,0.651262118070224,0.689108241206461,"21dcaea9db8c89ddc8c29fa3c3a5e514b50bef6e26587c168c00c05f35fbebc3","e289a150c45930c2f4f164fb43432d5c034d8caec7bda7ce664caca9e4ad20c5","2a1d8aca95b935951cb371014dc53250bca5ead96b6750c991b6e3b51a154b04","278bee47cd45eccaf00a839b10f2e01146092ada4f32ea3a0afa4a9b2b55b53f","MFCL quarterly dependent-variable gradients; log-scale delta method"
1979,2,1979.25,"depletion",0.662324276052123,0.0148701603824326,0.655714517982187,0.669000662053186,0.64982194959396,0.675067142502763,0.643299435035713,0.681911754863605,"21dcaea9db8c89ddc8c29fa3c3a5e514b50bef6e26587c168c00c05f35fbebc3","e289a150c45930c2f4f164fb43432d5c034d8caec7bda7ce664caca9e4ad20c5","2a1d8aca95b935951cb371014dc53250bca5ead96b6750c991b6e3b51a154b04","278bee47cd45eccaf00a839b10f2e01146092ada4f32ea3a0afa4a9b2b55b53f","MFCL quarterly dependent-variable gradients; log-scale delta method"
1979,3,1979.5,"depletion",0.657704195267817,0.0151070556795768,0.651036510771695,0.664440167818148,0.645093203640881,0.670561720432723,0.638515527528788,0.677469520822864,"21dcaea9db8c89ddc8c29fa3c3a5e514b50bef6e26587c168c00c05f35fbebc3","e289a150c45930c2f4f164fb43432d5c034d8caec7bda7ce664caca9e4ad20c5","2a1d8aca95b935951cb371014dc53250bca5ead96b6750c991b6e3b51a154b04","278bee47cd45eccaf00a839b10f2e01146092ada4f32ea3a0afa4a9b2b55b53f","MFCL quarterly dependent-variable gradients; log-scale delta method"
1979,4,1979.75,"depletion",0.652855147826168,0.015334866984401,0.646137331325638,0.659642808702417,0.640150212721029,0.665812235274332,0.633525018817801,0.672775078146846,"21dcaea9db8c89ddc8c29fa3c3a5e514b50bef6e26587c168c00c05f35fbebc3","e289a150c45930c2f4f164fb43432d5c034d8caec7bda7ce664caca9e4ad20c5","2a1d8aca95b935951cb371014dc53250bca5ead96b6750c991b6e3b51a154b04","278bee47cd45eccaf00a839b10f2e01146092ada4f32ea3a0afa4a9b2b55b53f","MFCL quarterly dependent-variable gradients; log-scale delta method"
1980,1,1980,"depletion",0.646359130567585,0.0157058668710153,0.639548099717046,0.653242697230939,0.633479348834729,0.659500781574935,0.626765423586304,0.666565368710958,"21dcaea9db8c89ddc8c29fa3c3a5e514b50bef6e26587c168c00c05f35fbebc3","e289a150c45930c2f4f164fb43432d5c034d8caec7bda7ce664caca9e4ad20c5","2a1d8aca95b935951cb371014dc53250bca5ead96b6750c991b6e3b51a154b04","278bee47cd45eccaf00a839b10f2e01146092ada4f32ea3a0afa4a9b2b55b53f","MFCL quarterly dependent-variable gradients; log-scale delta method"
1980,2,1980.25,"depletion",0.636226911617376,0.0164029832932195,0.629226718723611,0.643304982164922,0.622992207113473,0.649742771168334,0.616097988108951,0.657013479801532,"21dcaea9db8c89ddc8c29fa3c3a5e514b50bef6e26587c168c00c05f35fbebc3","e289a150c45930c2f4f164fb43432d5c034d8caec7bda7ce664caca9e4ad20c5","2a1d8aca95b935951cb371014dc53250bca5ead96b6750c991b6e3b51a154b04","278bee47cd45eccaf00a839b10f2e01146092ada4f32ea3a0afa4a9b2b55b53f","MFCL quarterly dependent-variable gradients; log-scale delta method"
1980,3,1980.5,"depletion",0.630715745819163,0.0167819303740766,0.623616776171108,0.637895526907818,0.617295827336807,0.644427411311782,0.610307726634541,0.651806186721328,"21dcaea9db8c89ddc8c29fa3c3a5e514b50bef6e26587c168c00c05f35fbebc3","e289a150c45930c2f4f164fb43432d5c034d8caec7bda7ce664caca9e4ad20c5","2a1d8aca95b935951cb371014dc53250bca5ead96b6750c991b6e3b51a154b04","278bee47cd45eccaf00a839b10f2e01146092ada4f32ea3a0afa4a9b2b55b53f","MFCL quarterly dependent-variable gradients; log-scale delta method"
1980,4,1980.75,"depletion",0.624315143775354,0.0172231713022989,0.617104530237729,0.631610010377154,0.610685988630596,0.638248471397324,0.603592006358647,0.645749769117461,"21dcaea9db8c89ddc8c29fa3c3a5e514b50bef6e26587c168c00c05f35fbebc3","e289a150c45930c2f4f164fb43432d5c034d8caec7bda7ce664caca9e4ad20c5","2a1d8aca95b935951cb371014dc53250bca5ead96b6750c991b6e3b51a154b04","278bee47cd45eccaf00a839b10f2e01146092ada4f32ea3a0afa4a9b2b55b53f","MFCL quarterly dependent-variable gradients; log-scale delta method"
1981,1,1981,"depletion",0.619278616583085,0.0175567275404665,0.611988472291001,0.62665560271322,0.605500523348206,0.63337022870997,0.598331366652099,0.640959218138485,"21dcaea9db8c89ddc8c29fa3c3a5e514b50bef6e26587c168c00c05f35fbebc3","e289a150c45930c2f4f164fb43432d5c034d8caec7bda7ce664caca9e4ad20c5","2a1d8aca95b935951cb371014dc53250bca5ead96b6750c991b6e3b51a154b04","278bee47cd45eccaf00a839b10f2e01146092ada4f32ea3a0afa4a9b2b55b53f","MFCL quarterly dependent-variable gradients; log-scale delta method"
1981,2,1981.25,"depletion",0.612565134608029,0.0180238232832005,0.605163333860822,0.620057467367397,0.598577986661025,0.626879124356854,0.591303389138241,0.634591397631286,"21dcaea9db8c89ddc8c29fa3c3a5e514b50bef6e26587c168c00c05f35fbebc3","e289a150c45930c2f4f164fb43432d5c034d8caec7bda7ce664caca9e4ad20c5","2a1d8aca95b935951cb371014dc53250bca5ead96b6750c991b6e3b51a154b04","278bee47cd45eccaf00a839b10f2e01146092ada4f32ea3a0afa4a9b2b55b53f","MFCL quarterly dependent-variable gradients; log-scale delta method"
1981,3,1981.5,"depletion",0.606591315811359,0.0184250074551391,0.599099563385952,0.614176752755723,0.59243590019553,0.621084955007478,0.585076687249146,0.628897087231009,"21dcaea9db8c89ddc8c29fa3c3a5e514b50bef6e26587c168c00c05f35fbebc3","e289a150c45930c2f4f164fb43432d5c034d8caec7bda7ce664caca9e4ad20c5","2a1d8aca95b935951cb371014dc53250bca5ead96b6750c991b6e3b51a154b04","278bee47cd45eccaf00a839b10f2e01146092ada4f32ea3a0afa4a9b2b55b53f","MFCL quarterly dependent-variable gradients; log-scale delta method"
1981,4,1981.75,"depletion",0.605076731541014,0.0184386558422492,0.597598183771185,0.612648868411787,0.590946323866735,0.619545018330497,0.583600210655925,0.627343589613968,"21dcaea9db8c89ddc8c29fa3c3a5e514b50bef6e26587c168c00c05f35fbebc3","e289a150c45930c2f4f164fb43432d5c034d8caec7bda7ce664caca9e4ad20c5","2a1d8aca95b935951cb371014dc53250bca5ead96b6750c991b6e3b51a154b04","278bee47cd45eccaf00a839b10f2e01146092ada4f32ea3a0afa4a9b2b55b53f","MFCL quarterly dependent-variable gradients; log-scale delta method"
1982,1,1982,"depletion",0.603807403665526,0.018425051368375,0.596350016496624,0.611358045838785,0.589716920239062,0.618234560021623,0.582391464993071,0.62601085804999,"21dcaea9db8c89ddc8c29fa3c3a5e514b50bef6e26587c168c00c05f35fbebc3","e289a150c45930c2f4f164fb43432d5c034d8caec7bda7ce664caca9e4ad20c5","2a1d8aca95b935951cb371014dc53250bca5ead96b6750c991b6e3b51a154b04","278bee47cd45eccaf00a839b10f2e01146092ada4f32ea3a0afa4a9b2b55b53f","MFCL quarterly dependent-variable gradients; log-scale delta method"
1982,2,1982.25,"depletion",0.598457360778444,0.0187411818958035,0.590940032192752,0.606070317052205,0.584254974655456,0.613004986189648,0.576873634066338,0.620848642614017,"21dcaea9db8c89ddc8c29fa3c3a5e514b50bef6e26587c168c00c05f35fbebc3","e289a150c45930c2f4f164fb43432d5c034d8caec7bda7ce664caca9e4ad20c5","2a1d8aca95b935951cb371014dc53250bca5ead96b6750c991b6e3b51a154b04","278bee47cd45eccaf00a839b10f2e01146092ada4f32ea3a0afa4a9b2b55b53f","MFCL quarterly dependent-variable gradients; log-scale delta method"
1982,3,1982.5,"depletion",0.595710778900321,0.0188488653528609,0.588185228353561,0.603332615290896,0.581493321000137,0.610275852330802,0.574104928421352,0.61812974341439,"21dcaea9db8c89ddc8c29fa3c3a5e514b50bef6e26587c168c00c05f35fbebc3","e289a150c45930c2f4f164fb43432d5c034d8caec7bda7ce664caca9e4ad20c5","2a1d8aca95b935951cb371014dc53250bca5ead96b6750c991b6e3b51a154b04","278bee47cd45eccaf00a839b10f2e01146092ada4f32ea3a0afa4a9b2b55b53f","MFCL quarterly dependent-variable gradients; log-scale delta method"
1982,4,1982.75,"depletion",0.595651210800886,0.0187261956543691,0.58817507604316,0.603222372691164,0.581526587756515,0.61011890496246,0.574185554598878,0.617919350437895,"21dcaea9db8c89ddc8c29fa3c3a5e514b50bef6e26587c168c00c05f35fbebc3","e289a150c45930c2f4f164fb43432d5c034d8caec7bda7ce664caca9e4ad20c5","2a1d8aca95b935951cb371014dc53250bca5ead96b6750c991b6e3b51a154b04","278bee47cd45eccaf00a839b10f2e01146092ada4f32ea3a0afa4a9b2b55b53f","MFCL quarterly dependent-variable gradients; log-scale delta method"
1983,1,1983,"depletion",0.593273364820103,0.01876566177693,0.585811480658576,0.600830296137719,0.579175833199957,0.607714039897536,0.571849164256742,0.615500218248011,"21dcaea9db8c89ddc8c29fa3c3a5e514b50bef6e26587c168c00c05f35fbebc3","e289a150c45930c2f4f164fb43432d5c034d8caec7bda7ce664caca9e4ad20c5","2a1d8aca95b935951cb371014dc53250bca5ead96b6750c991b6e3b51a154b04","278bee47cd45eccaf00a839b10f2e01146092ada4f32ea3a0afa4a9b2b55b53f","MFCL quarterly dependent-variable gradients; log-scale delta method"
1983,2,1983.25,"depletion",0.588310740756876,0.0189995230302679,0.580819649916771,0.595898447546498,0.574159028163987,0.602811260839481,0.566805889254249,0.610631495281891,"21dcaea9db8c89ddc8c29fa3c3a5e514b50bef6e26587c168c00c05f35fbebc3","e289a150c45930c2f4f164fb43432d5c034d8caec7bda7ce664caca9e4ad20c5","2a1d8aca95b935951cb371014dc53250bca5ead96b6750c991b6e3b51a154b04","278bee47cd45eccaf00a839b10f2e01146092ada4f32ea3a0afa4a9b2b55b53f","MFCL quarterly dependent-variable gradients; log-scale delta method"
1983,3,1983.5,"depletion",0.587722724073464,0.0188646379510548,0.580291912326143,0.595248689590898,0.573684315872954,0.602104660760549,0.566389083106104,0.609859919082558,"21dcaea9db8c89ddc8c29fa3c3a5e514b50bef6e26587c168c00c05f35fbebc3","e289a150c45930c2f4f164fb43432d5c034d8caec7bda7ce664caca9e4ad20c5","2a1d8aca95b935951cb371014dc53250bca5ead96b6750c991b6e3b51a154b04","278bee47cd45eccaf00a839b10f2e01146092ada4f32ea3a0afa4a9b2b55b53f","MFCL quarterly dependent-variable gradients; log-scale delta method"
1983,4,1983.75,"depletion",0.590727766310516,0.018435381598006,0.583427855459521,0.598119014415867,0.576934872103807,0.604850409921874,0.569764202268598,0.612462651217434,"21dcaea9db8c89ddc8c29fa3c3a5e514b50bef6e26587c168c00c05f35fbebc3","e289a150c45930c2f4f164fb43432d5c034d8caec7bda7ce664caca9e4ad20c5","2a1d8aca95b935951cb371014dc53250bca5ead96b6750c991b6e3b51a154b04","278bee47cd45eccaf00a839b10f2e01146092ada4f32ea3a0afa4a9b2b55b53f","MFCL quarterly dependent-variable gradients; log-scale delta method"
1984,1,1984,"depletion",0.590255373079953,0.0182776529141057,0.583023322264123,0.59757713310124,0.576590047434397,0.6042445702974,0.569484597887905,0.611783719422614,"21dcaea9db8c89ddc8c29fa3c3a5e514b50bef6e26587c168c00c05f35fbebc3","e289a150c45930c2f4f164fb43432d5c034d8caec7bda7ce664caca9e4ad20c5","2a1d8aca95b935951cb371014dc53250bca5ead96b6750c991b6e3b51a154b04","278bee47cd45eccaf00a839b10f2e01146092ada4f32ea3a0afa4a9b2b55b53f","MFCL quarterly dependent-variable gradients; log-scale delta method"
1984,2,1984.25,"depletion",0.585317993970099,0.0184722192474023,0.578070571035442,0.592656279754079,0.571624425807736,0.599339598865238,0.564505651211247,0.606897651653403,"21dcaea9db8c89ddc8c29fa3c3a5e514b50bef6e26587c168c00c05f35fbebc3","e289a150c45930c2f4f164fb43432d5c034d8caec7bda7ce664caca9e4ad20c5","2a1d8aca95b935951cb371014dc53250bca5ead96b6750c991b6e3b51a154b04","278bee47cd45eccaf00a839b10f2e01146092ada4f32ea3a0afa4a9b2b55b53f","MFCL quarterly dependent-variable gradients; log-scale delta method"
1984,3,1984.5,"depletion",0.584791444758212,0.018330990037085,0.577605560300418,0.592066727481865,0.571213571288741,0.598692067296018,0.564153963237644,0.606183872040515,"21dcaea9db8c89ddc8c29fa3c3a5e514b50bef6e26587c168c00c05f35fbebc3","e289a150c45930c2f4f164fb43432d5c034d8caec7bda7ce664caca9e4ad20c5","2a1d8aca95b935951cb371014dc53250bca5ead96b6750c991b6e3b51a154b04","278bee47cd45eccaf00a839b10f2e01146092ada4f32ea3a0afa4a9b2b55b53f","MFCL quarterly dependent-variable gradients; log-scale delta method"
1984,4,1984.75,"depletion",0.581467615435922,0.0183799350479938,0.574303614260881,0.588720982081702,0.567931290768261,0.595326570831079,0.560893623576738,0.602796276493023,"21dcaea9db8c89ddc8c29fa3c3a5e514b50bef6e26587c168c00c05f35fbebc3","e289a150c45930c2f4f164fb43432d5c034d8caec7bda7ce664caca9e4ad20c5","2a1d8aca95b935951cb371014dc53250bca5ead96b6750c991b6e3b51a154b04","278bee47cd45eccaf00a839b10f2e01146092ada4f32ea3a0afa4a9b2b55b53f","MFCL quarterly dependent-variable gradients; log-scale delta method"
1985,1,1985,"depletion",0.577758105789784,0.0184600059628504,0.570608990097631,0.584996792196852,0.564250233454445,0.591589349927579,0.557227910977917,0.599044703665298,"21dcaea9db8c89ddc8c29fa3c3a5e514b50bef6e26587c168c00c05f35fbebc3","e289a150c45930c2f4f164fb43432d5c034d8caec7bda7ce664caca9e4ad20c5","2a1d8aca95b935951cb371014dc53250bca5ead96b6750c991b6e3b51a154b04","278bee47cd45eccaf00a839b10f2e01146092ada4f32ea3a0afa4a9b2b55b53f","MFCL quarterly dependent-variable gradients; log-scale delta method"
1985,2,1985.25,"depletion",0.567905640466889,0.0190673281499243,0.560648731067992,0.575256481647142,0.554196609587663,0.581953788411063,0.547073959456928,0.589530557795632,"21dcaea9db8c89ddc8c29fa3c3a5e514b50bef6e26587c168c00c05f35fbebc3","e289a150c45930c2f4f164fb43432d5c034d8caec7bda7ce664caca9e4ad20c5","2a1d8aca95b935951cb371014dc53250bca5ead96b6750c991b6e3b51a154b04","278bee47cd45eccaf00a839b10f2e01146092ada4f32ea3a0afa4a9b2b55b53f","MFCL quarterly dependent-variable gradients; log-scale delta method"
1985,3,1985.5,"depletion",0.559954359201643,0.0195576420909516,0.552616267327038,0.567389892276487,0.546094016406347,0.574166489595101,0.538896216893188,0.581835378612556,"21dcaea9db8c89ddc8c29fa3c3a5e514b50bef6e26587c168c00c05f35fbebc3","e289a150c45930c2f4f164fb43432d5c034d8caec7bda7ce664caca9e4ad20c5","2a1d8aca95b935951cb371014dc53250bca5ead96b6750c991b6e3b51a154b04","278bee47cd45eccaf00a839b10f2e01146092ada4f32ea3a0afa4a9b2b55b53f","MFCL quarterly dependent-variable gradients; log-scale delta method"
1985,4,1985.75,"depletion",0.55382861461346,0.019907543625317,0.546441821197934,0.561315262606082,0.539877755530165,0.56813997469382,0.532635438825675,0.575865051414749,"21dcaea9db8c89ddc8c29fa3c3a5e514b50bef6e26587c168c00c05f35fbebc3","e289a150c45930c2f4f164fb43432d5c034d8caec7bda7ce664caca9e4ad20c5","2a1d8aca95b935951cb371014dc53250bca5ead96b6750c991b6e3b51a154b04","278bee47cd45eccaf00a839b10f2e01146092ada4f32ea3a0afa4a9b2b55b53f","MFCL quarterly dependent-variable gradients; log-scale delta method"
1986,1,1986,"depletion",0.546566114850189,0.0203976636757312,0.539097941422161,0.55413774557246,0.532463644048273,0.561042094125298,0.525146143701252,0.568859776436588,"21dcaea9db8c89ddc8c29fa3c3a5e514b50bef6e26587c168c00c05f35fbebc3","e289a150c45930c2f4f164fb43432d5c034d8caec7bda7ce664caca9e4ad20c5","2a1d8aca95b935951cb371014dc53250bca5ead96b6750c991b6e3b51a154b04","278bee47cd45eccaf00a839b10f2e01146092ada4f32ea3a0afa4a9b2b55b53f","MFCL quarterly dependent-variable gradients; log-scale delta method"
1986,2,1986.25,"depletion",0.5395067407083,0.0208723252329884,0.531964687122743,0.547155723519919,0.525266796806629,0.554132728432948,0.517881407631564,0.562035089463505,"21dcaea9db8c89ddc8c29fa3c3a5e514b50bef6e26587c168c00c05f35fbebc3","e289a150c45930c2f4f164fb43432d5c034d8caec7bda7ce664caca9e4ad20c5","2a1d8aca95b935951cb371014dc53250bca5ead96b6750c991b6e3b51a154b04","278bee47cd45eccaf00a839b10f2e01146092ada4f32ea3a0afa4a9b2b55b53f","MFCL quarterly dependent-variable gradients; log-scale delta method"
1986,3,1986.5,"depletion",0.536011319319996,0.0210240220739029,0.528464055968749,0.543666368969004,0.521762190633929,0.55064958633758,0.514373138724971,0.558559755183449,"21dcaea9db8c89ddc8c29fa3c3a5e514b50bef6e26587c168c00c05f35fbebc3","e289a150c45930c2f4f164fb43432d5c034d8caec7bda7ce664caca9e4ad20c5","2a1d8aca95b935951cb371014dc53250bca5ead96b6750c991b6e3b51a154b04","278bee47cd45eccaf00a839b10f2e01146092ada4f32ea3a0afa4a9b2b55b53f","MFCL quarterly dependent-variable gradients; log-scale delta method"
1986,4,1986.75,"depletion",0.534352257105169,0.0209472596092371,0.526855631548437,0.541955552101064,0.520198404352151,0.548891215898647,0.512858205573229,0.55674713121582,"21dcaea9db8c89ddc8c29fa3c3a5e514b50bef6e26587c168c00c05f35fbebc3","e289a150c45930c2f4f164fb43432d5c034d8caec7bda7ce664caca9e4ad20c5","2a1d8aca95b935951cb371014dc53250bca5ead96b6750c991b6e3b51a154b04","278bee47cd45eccaf00a839b10f2e01146092ada4f32ea3a0afa4a9b2b55b53f","MFCL quarterly dependent-variable gradients; log-scale delta method"
1987,1,1987,"depletion",0.532165897950029,0.0208697491614343,0.524727377666543,0.539709866484097,0.518121421521019,0.546591071470439,0.510837390958425,0.554384913777796,"21dcaea9db8c89ddc8c29fa3c3a5e514b50bef6e26587c168c00c05f35fbebc3","e289a150c45930c2f4f164fb43432d5c034d8caec7bda7ce664caca9e4ad20c5","2a1d8aca95b935951cb371014dc53250bca5ead96b6750c991b6e3b51a154b04","278bee47cd45eccaf00a839b10f2e01146092ada4f32ea3a0afa4a9b2b55b53f","MFCL quarterly dependent-variable gradients; log-scale delta method"
1987,2,1987.25,"depletion",0.523561906839682,0.0213651091726432,0.516071195548713,0.531161344903485,0.509421001634079,0.53809534631339,0.502090526184062,0.545951488821988,"21dcaea9db8c89ddc8c29fa3c3a5e514b50bef6e26587c168c00c05f35fbebc3","e289a150c45930c2f4f164fb43432d5c034d8caec7bda7ce664caca9e4ad20c5","2a1d8aca95b935951cb371014dc53250bca5ead96b6750c991b6e3b51a154b04","278bee47cd45eccaf00a839b10f2e01146092ada4f32ea3a0afa4a9b2b55b53f","MFCL quarterly dependent-variable gradients; log-scale delta method"
1987,3,1987.5,"depletion",0.519338184562679,0.0214975556519764,0.511862174330592,0.526923385768027,0.505225595295172,0.533844984213999,0.497910750026238,0.541687742091623,"21dcaea9db8c89ddc8c29fa3c3a5e514b50bef6e26587c168c00c05f35fbebc3","e289a150c45930c2f4f164fb43432d5c034d8caec7bda7ce664caca9e4ad20c5","2a1d8aca95b935951cb371014dc53250bca5ead96b6750c991b6e3b51a154b04","278bee47cd45eccaf00a839b10f2e01146092ada4f32ea3a0afa4a9b2b55b53f","MFCL quarterly dependent-variable gradients; log-scale delta method"
1987,4,1987.75,"depletion",0.515148536250264,0.0216401406739193,0.507684009707957,0.522722814440122,0.501058230474499,0.52963507684422,0.493755957833557,0.537467974189483,"21dcaea9db8c89ddc8c29fa3c3a5e514b50bef6e26587c168c00c05f35fbebc3","e289a150c45930c2f4f164fb43432d5c034d8caec7bda7ce664caca9e4ad20c5","2a1d8aca95b935951cb371014dc53250bca5ead96b6750c991b6e3b51a154b04","278bee47cd45eccaf00a839b10f2e01146092ada4f32ea3a0afa4a9b2b55b53f","MFCL quarterly dependent-variable gradients; log-scale delta method"
1988,1,1988,"depletion",0.51119712497778,0.0217488485520319,0.503752916869213,0.518751339862502,0.497145633374439,0.52564577267186,0.489864253531669,0.533459011759987,"21dcaea9db8c89ddc8c29fa3c3a5e514b50bef6e26587c168c00c05f35fbebc3","e289a150c45930c2f4f164fb43432d5c034d8caec7bda7ce664caca9e4ad20c5","2a1d8aca95b935951cb371014dc53250bca5ead96b6750c991b6e3b51a154b04","278bee47cd45eccaf00a839b10f2e01146092ada4f32ea3a0afa4a9b2b55b53f","MFCL quarterly dependent-variable gradients; log-scale delta method"
1988,2,1988.25,"depletion",0.502932154343837,0.0223155552465112,0.495418899198314,0.510559351454378,0.488752753097598,0.517522919860512,0.481409179930598,0.525417383834264,"21dcaea9db8c89ddc8c29fa3c3a5e514b50bef6e26587c168c00c05f35fbebc3","e289a150c45930c2f4f164fb43432d5c034d8caec7bda7ce664caca9e4ad20c5","2a1d8aca95b935951cb371014dc53250bca5ead96b6750c991b6e3b51a154b04","278bee47cd45eccaf00a839b10f2e01146092ada4f32ea3a0afa4a9b2b55b53f","MFCL quarterly dependent-variable gradients; log-scale delta method"
1988,3,1988.5,"depletion",0.499324047603832,0.0225049676466133,0.491801858611076,0.506961289694197,0.485128596134839,0.513934875210234,0.477778078097564,0.521841658177882,"21dcaea9db8c89ddc8c29fa3c3a5e514b50bef6e26587c168c00c05f35fbebc3","e289a150c45930c2f4f164fb43432d5c034d8caec7bda7ce664caca9e4ad20c5","2a1d8aca95b935951cb371014dc53250bca5ead96b6750c991b6e3b51a154b04","278bee47cd45eccaf00a839b10f2e01146092ada4f32ea3a0afa4a9b2b55b53f","MFCL quarterly dependent-variable gradients; log-scale delta method"
1988,4,1988.75,"depletion",0.496287441976614,0.0226743321769623,0.488755162711433,0.50393580232954,0.482073674043642,0.510920297716555,0.474714895837658,0.518840312834676,"21dcaea9db8c89ddc8c29fa3c3a5e514b50bef6e26587c168c00c05f35fbebc3","e289a150c45930c2f4f164fb43432d5c034d8caec7bda7ce664caca9e4ad20c5","2a1d8aca95b935951cb371014dc53250bca5ead96b6750c991b6e3b51a154b04","278bee47cd45eccaf00a839b10f2e01146092ada4f32ea3a0afa4a9b2b55b53f","MFCL quarterly dependent-variable gradients; log-scale delta method"
1989,1,1989,"depletion",0.492776280511574,0.0228948661341443,0.485225109445304,0.500444964425721,0.478527809578214,0.507449008760549,0.471152662606015,0.515392317410882,"21dcaea9db8c89ddc8c29fa3c3a5e514b50bef6e26587c168c00c05f35fbebc3","e289a150c45930c2f4f164fb43432d5c034d8caec7bda7ce664caca9e4ad20c5","2a1d8aca95b935951cb371014dc53250bca5ead96b6750c991b6e3b51a154b04","278bee47cd45eccaf00a839b10f2e01146092ada4f32ea3a0afa4a9b2b55b53f","MFCL quarterly dependent-variable gradients; log-scale delta method"
1989,2,1989.25,"depletion",0.487190530184153,0.0232940043952614,0.479595822041861,0.49490550541201,0.472861631174982,0.501953630941316,0.465447761074153,0.509948983648245,"21dcaea9db8c89ddc8c29fa3c3a5e514b50bef6e26587c168c00c05f35fbebc3","e289a150c45930c2f4f164fb43432d5c034d8caec7bda7ce664caca9e4ad20c5","2a1d8aca95b935951cb371014dc53250bca5ead96b6750c991b6e3b51a154b04","278bee47cd45eccaf00a839b10f2e01146092ada4f32ea3a0afa4a9b2b55b53f","MFCL quarterly dependent-variable gradients; log-scale delta method"
1989,3,1989.5,"depletion",0.485682578073971,0.0232611433265075,0.478121974267118,0.493362738673861,0.471417882348359,0.500378911104324,0.464036993223466,0.508337848252073,"21dcaea9db8c89ddc8c29fa3c3a5e514b50bef6e26587c168c00c05f35fbebc3","e289a150c45930c2f4f164fb43432d5c034d8caec7bda7ce664caca9e4ad20c5","2a1d8aca95b935951cb371014dc53250bca5ead96b6750c991b6e3b51a154b04","278bee47cd45eccaf00a839b10f2e01146092ada4f32ea3a0afa4a9b2b55b53f","MFCL quarterly dependent-variable gradients; log-scale delta method"
1989,4,1989.75,"depletion",0.486508940665885,0.0229315989359531,0.479041939786812,0.494092332402413,0.472419448230659,0.501018639758196,0.465126853197958,0.508873972165839,"21dcaea9db8c89ddc8c29fa3c3a5e514b50bef6e26587c168c00c05f35fbebc3","e289a150c45930c2f4f164fb43432d5c034d8caec7bda7ce664caca9e4ad20c5","2a1d8aca95b935951cb371014dc53250bca5ead96b6750c991b6e3b51a154b04","278bee47cd45eccaf00a839b10f2e01146092ada4f32ea3a0afa4a9b2b55b53f","MFCL quarterly dependent-variable gradients; log-scale delta method"
1990,1,1990,"depletion",0.486217122855582,0.0226332097929441,0.47885096488139,0.493696594339155,0.472316661449353,0.500526680199086,0.465119798195109,0.508271399057479,"21dcaea9db8c89ddc8c29fa3c3a5e514b50bef6e26587c168c00c05f35fbebc3","e289a150c45930c2f4f164fb43432d5c034d8caec7bda7ce664caca9e4ad20c5","2a1d8aca95b935951cb371014dc53250bca5ead96b6750c991b6e3b51a154b04","278bee47cd45eccaf00a839b10f2e01146092ada4f32ea3a0afa4a9b2b55b53f","MFCL quarterly dependent-variable gradients; log-scale delta method"
1990,2,1990.25,"depletion",0.482825487568264,0.0226833564400764,0.475494629532579,0.490269367867928,0.468991848653046,0.49706717102879,0.461829935026618,0.504775532647307,"21dcaea9db8c89ddc8c29fa3c3a5e514b50bef6e26587c168c00c05f35fbebc3","e289a150c45930c2f4f164fb43432d5c034d8caec7bda7ce664caca9e4ad20c5","2a1d8aca95b935951cb371014dc53250bca5ead96b6750c991b6e3b51a154b04","278bee47cd45eccaf00a839b10f2e01146092ada4f32ea3a0afa4a9b2b55b53f","MFCL quarterly dependent-variable gradients; log-scale delta method"
1990,3,1990.5,"depletion",0.481523617067893,0.0226705293308706,0.474216628439673,0.488943195764893,0.467734967445202,0.495718750857153,0.460596255612008,0.503401820941989,"21dcaea9db8c89ddc8c29fa3c3a5e514b50bef6e26587c168c00c05f35fbebc3","e289a150c45930c2f4f164fb43432d5c034d8caec7bda7ce664caca9e4ad20c5","2a1d8aca95b935951cb371014dc53250bca5ead96b6750c991b6e3b51a154b04","278bee47cd45eccaf00a839b10f2e01146092ada4f32ea3a0afa4a9b2b55b53f","MFCL quarterly dependent-variable gradients; log-scale delta method"
1990,4,1990.75,"depletion",0.477400269768031,0.0229802423870612,0.470057647310584,0.484857589018223,0.463545670148663,0.491668960043345,0.456374996153533,0.499394181310308,"21dcaea9db8c89ddc8c29fa3c3a5e514b50bef6e26587c168c00c05f35fbebc3","e289a150c45930c2f4f164fb43432d5c034d8caec7bda7ce664caca9e4ad20c5","2a1d8aca95b935951cb371014dc53250bca5ead96b6750c991b6e3b51a154b04","278bee47cd45eccaf00a839b10f2e01146092ada4f32ea3a0afa4a9b2b55b53f","MFCL quarterly dependent-variable gradients; log-scale delta method"
1991,1,1991,"depletion",0.475970215113249,0.0230023618985526,0.468642595603495,0.483412408091535,0.462144016291088,0.490210059394686,0.454988197066643,0.497919829867081,"21dcaea9db8c89ddc8c29fa3c3a5e514b50bef6e26587c168c00c05f35fbebc3","e289a150c45930c2f4f164fb43432d5c034d8caec7bda7ce664caca9e4ad20c5","2a1d8aca95b935951cb371014dc53250bca5ead96b6750c991b6e3b51a154b04","278bee47cd45eccaf00a839b10f2e01146092ada4f32ea3a0afa4a9b2b55b53f","MFCL quarterly dependent-variable gradients; log-scale delta method"
1991,2,1991.25,"depletion",0.472083217818348,0.0232362105335814,0.464742130242159,0.47954026554382,0.458232582374856,0.486352505513048,0.451065762261173,0.494079983877573,"21dcaea9db8c89ddc8c29fa3c3a5e514b50bef6e26587c168c00c05f35fbebc3","e289a150c45930c2f4f164fb43432d5c034d8caec7bda7ce664caca9e4ad20c5","2a1d8aca95b935951cb371014dc53250bca5ead96b6750c991b6e3b51a154b04","278bee47cd45eccaf00a839b10f2e01146092ada4f32ea3a0afa4a9b2b55b53f","MFCL quarterly dependent-variable gradients; log-scale delta method"
1991,3,1991.5,"depletion",0.470527910867455,0.0232547713004113,0.463205210027894,0.477966374540476,0.456712043440441,0.48476171820979,0.449563343891212,0.492470122205664,"21dcaea9db8c89ddc8c29fa3c3a5e514b50bef6e26587c168c00c05f35fbebc3","e289a150c45930c2f4f164fb43432d5c034d8caec7bda7ce664caca9e4ad20c5","2a1d8aca95b935951cb371014dc53250bca5ead96b6750c991b6e3b51a154b04","278bee47cd45eccaf00a839b10f2e01146092ada4f32ea3a0afa4a9b2b55b53f","MFCL quarterly dependent-variable gradients; log-scale delta method"
1991,4,1991.75,"depletion",0.468837055753661,0.0232447224739931,0.461543797497901,0.476245561178322,0.455076696510466,0.483013493183135,0.447956648101664,0.490690752730778,"21dcaea9db8c89ddc8c29fa3c3a5e514b50bef6e26587c168c00c05f35fbebc3","e289a150c45930c2f4f164fb43432d5c034d8caec7bda7ce664caca9e4ad20c5","2a1d8aca95b935951cb371014dc53250bca5ead96b6750c991b6e3b51a154b04","278bee47cd45eccaf00a839b10f2e01146092ada4f32ea3a0afa4a9b2b55b53f","MFCL quarterly dependent-variable gradients; log-scale delta method"
1992,1,1992,"depletion",0.466825384606535,0.0232142920236696,0.459572852679974,0.474192368940455,0.453141739239343,0.480922238765417,0.446061173393302,0.488556172811952,"21dcaea9db8c89ddc8c29fa3c3a5e514b50bef6e26587c168c00c05f35fbebc3","e289a150c45930c2f4f164fb43432d5c034d8caec7bda7ce664caca9e4ad20c5","2a1d8aca95b935951cb371014dc53250bca5ead96b6750c991b6e3b51a154b04","278bee47cd45eccaf00a839b10f2e01146092ada4f32ea3a0afa4a9b2b55b53f","MFCL quarterly dependent-variable gradients; log-scale delta method"
1992,2,1992.25,"depletion",0.457581622657242,0.0238539909203383,0.450278376796882,0.465003322795768,0.443804947987155,0.47178595539159,0.436680722478339,0.479482905050889,"21dcaea9db8c89ddc8c29fa3c3a5e514b50bef6e26587c168c00c05f35fbebc3","e289a150c45930c2f4f164fb43432d5c034d8caec7bda7ce664caca9e4ad20c5","2a1d8aca95b935951cb371014dc53250bca5ead96b6750c991b6e3b51a154b04","278bee47cd45eccaf00a839b10f2e01146092ada4f32ea3a0afa4a9b2b55b53f","MFCL quarterly dependent-variable gradients; log-scale delta method"
1992,3,1992.5,"depletion",0.450678975013409,0.0242086997873345,0.44337980887852,0.458098304099335,0.436911466989646,0.464880310692213,0.429794462096206,0.472578305286941,"21dcaea9db8c89ddc8c29fa3c3a5e514b50bef6e26587c168c00c05f35fbebc3","e289a150c45930c2f4f164fb43432d5c034d8caec7bda7ce664caca9e4ad20c5","2a1d8aca95b935951cb371014dc53250bca5ead96b6750c991b6e3b51a154b04","278bee47cd45eccaf00a839b10f2e01146092ada4f32ea3a0afa4a9b2b55b53f","MFCL quarterly dependent-variable gradients; log-scale delta method"
1992,4,1992.75,"depletion",0.44374731008108,0.024680824516908,0.436421411121012,0.451196183749091,0.429931343509906,0.458007256685757,0.422792600144813,0.465740590390534,"21dcaea9db8c89ddc8c29fa3c3a5e514b50bef6e26587c168c00c05f35fbebc3","e289a150c45930c2f4f164fb43432d5c034d8caec7bda7ce664caca9e4ad20c5","2a1d8aca95b935951cb371014dc53250bca5ead96b6750c991b6e3b51a154b04","278bee47cd45eccaf00a839b10f2e01146092ada4f32ea3a0afa4a9b2b55b53f","MFCL quarterly dependent-variable gradients; log-scale delta method"
1993,1,1993,"depletion",0.437709425877012,0.0251012814832459,0.430361142254073,0.44518317917391,0.423852998048175,0.45201884234356,0.416696305087796,0.459782194279875,"21dcaea9db8c89ddc8c29fa3c3a5e514b50bef6e26587c168c00c05f35fbebc3","e289a150c45930c2f4f164fb43432d5c034d8caec7bda7ce664caca9e4ad20c5","2a1d8aca95b935951cb371014dc53250bca5ead96b6750c991b6e3b51a154b04","278bee47cd45eccaf00a839b10f2e01146092ada4f32ea3a0afa4a9b2b55b53f","MFCL quarterly dependent-variable gradients; log-scale delta method"
1993,2,1993.25,"depletion",0.429987130419239,0.0256694169371444,0.422606514506363,0.437496645176273,0.416072114549407,0.444367516737815,0.408889172025911,0.452173706166168,"21dcaea9db8c89ddc8c29fa3c3a5e514b50bef6e26587c168c00c05f35fbebc3","e289a150c45930c2f4f164fb43432d5c034d8caec7bda7ce664caca9e4ad20c5","2a1d8aca95b935951cb371014dc53250bca5ead96b6750c991b6e3b51a154b04","278bee47cd45eccaf00a839b10f2e01146092ada4f32ea3a0afa4a9b2b55b53f","MFCL quarterly dependent-variable gradients; log-scale delta method"
1993,3,1993.5,"depletion",0.423119768225257,0.0261085957036183,0.41573386119551,0.430636892910682,0.409196617242092,0.437516662453434,0.402012576001744,0.445335168475472,"21dcaea9db8c89ddc8c29fa3c3a5e514b50bef6e26587c168c00c05f35fbebc3","e289a150c45930c2f4f164fb43432d5c034d8caec7bda7ce664caca9e4ad20c5","2a1d8aca95b935951cb371014dc53250bca5ead96b6750c991b6e3b51a154b04","278bee47cd45eccaf00a839b10f2e01146092ada4f32ea3a0afa4a9b2b55b53f","MFCL quarterly dependent-variable gradients; log-scale delta method"
1993,4,1993.75,"depletion",0.415405552913283,0.0266293381549723,0.408010970834177,0.422934150614598,0.401468232807547,0.429826719251064,0.39428055927436,0.437662393775578,"21dcaea9db8c89ddc8c29fa3c3a5e514b50bef6e26587c168c00c05f35fbebc3","e289a150c45930c2f4f164fb43432d5c034d8caec7bda7ce664caca9e4ad20c5","2a1d8aca95b935951cb371014dc53250bca5ead96b6750c991b6e3b51a154b04","278bee47cd45eccaf00a839b10f2e01146092ada4f32ea3a0afa4a9b2b55b53f","MFCL quarterly dependent-variable gradients; log-scale delta method"
1994,1,1994,"depletion",0.411560189924501,0.026775205119104,0.404194289745411,0.419060323779882,0.397677538828753,0.425927474882181,0.390519084978562,0.433734986191494,"21dcaea9db8c89ddc8c29fa3c3a5e514b50bef6e26587c168c00c05f35fbebc3","e289a150c45930c2f4f164fb43432d5c034d8caec7bda7ce664caca9e4ad20c5","2a1d8aca95b935951cb371014dc53250bca5ead96b6750c991b6e3b51a154b04","278bee47cd45eccaf00a839b10f2e01146092ada4f32ea3a0afa4a9b2b55b53f","MFCL quarterly dependent-variable gradients; log-scale delta method"
1994,2,1994.25,"depletion",0.406488353939503,0.0270680720974828,0.399134375859657,0.413977827724229,0.392629393871536,0.420836505028732,0.385485212325052,0.428635850625361,"21dcaea9db8c89ddc8c29fa3c3a5e514b50bef6e26587c168c00c05f35fbebc3","e289a150c45930c2f4f164fb43432d5c034d8caec7bda7ce664caca9e4ad20c5","2a1d8aca95b935951cb371014dc53250bca5ead96b6750c991b6e3b51a154b04","278bee47cd45eccaf00a839b10f2e01146092ada4f32ea3a0afa4a9b2b55b53f","MFCL quarterly dependent-variable gradients; log-scale delta method"
1994,3,1994.5,"depletion",0.402001282528018,0.0273503891801102,0.394653325201464,0.409486049741694,0.388154844941214,0.41634165658462,0.381019098522483,0.424138925793599,"21dcaea9db8c89ddc8c29fa3c3a5e514b50bef6e26587c168c00c05f35fbebc3","e289a150c45930c2f4f164fb43432d5c034d8caec7bda7ce664caca9e4ad20c5","2a1d8aca95b935951cb371014dc53250bca5ead96b6750c991b6e3b51a154b04","278bee47cd45eccaf00a839b10f2e01146092ada4f32ea3a0afa4a9b2b55b53f","MFCL quarterly dependent-variable gradients; log-scale delta method"
1994,4,1994.75,"depletion",0.394159353872343,0.0280187672862457,0.386780329420777,0.401679155911897,0.380257168830486,0.408569802175962,0.373097397257052,0.41641029229165,"21dcaea9db8c89ddc8c29fa3c3a5e514b50bef6e26587c168c00c05f35fbebc3","e289a150c45930c2f4f164fb43432d5c034d8caec7bda7ce664caca9e4ad20c5","2a1d8aca95b935951cb371014dc53250bca5ead96b6750c991b6e3b51a154b04","278bee47cd45eccaf00a839b10f2e01146092ada4f32ea3a0afa4a9b2b55b53f","MFCL quarterly dependent-variable gradients; log-scale delta method"
1995,1,1995,"depletion",0.386547701277345,0.0287686483745415,0.379119371748325,0.394121578841373,0.372555780388852,0.401065110858956,0.36535510253087,0.408969586924477,"21dcaea9db8c89ddc8c29fa3c3a5e514b50bef6e26587c168c00c05f35fbebc3","e289a150c45930c2f4f164fb43432d5c034d8caec7bda7ce664caca9e4ad20c5","2a1d8aca95b935951cb371014dc53250bca5ead96b6750c991b6e3b51a154b04","278bee47cd45eccaf00a839b10f2e01146092ada4f32ea3a0afa4a9b2b55b53f","MFCL quarterly dependent-variable gradients; log-scale delta method"
1995,2,1995.25,"depletion",0.378931435210757,0.0296280345011297,0.371434105175488,0.386580097492781,0.364813193881037,0.393596051347056,0.357553641998823,0.401587386407762,"21dcaea9db8c89ddc8c29fa3c3a5e514b50bef6e26587c168c00c05f35fbebc3","e289a150c45930c2f4f164fb43432d5c034d8caec7bda7ce664caca9e4ad20c5","2a1d8aca95b935951cb371014dc53250bca5ead96b6750c991b6e3b51a154b04","278bee47cd45eccaf00a839b10f2e01146092ada4f32ea3a0afa4a9b2b55b53f","MFCL quarterly dependent-variable gradients; log-scale delta method"
1995,3,1995.5,"depletion",0.37392501362461,0.030182645822848,0.366389653354818,0.381615350034901,0.359737522722248,0.388672037201188,0.352446338765364,0.396712635188552,"21dcaea9db8c89ddc8c29fa3c3a5e514b50bef6e26587c168c00c05f35fbebc3","e289a150c45930c2f4f164fb43432d5c034d8caec7bda7ce664caca9e4ad20c5","2a1d8aca95b935951cb371014dc53250bca5ead96b6750c991b6e3b51a154b04","278bee47cd45eccaf00a839b10f2e01146092ada4f32ea3a0afa4a9b2b55b53f","MFCL quarterly dependent-variable gradients; log-scale delta method"
1995,4,1995.75,"depletion",0.370982643681014,0.0304460508290962,0.363442001946724,0.378679737551987,0.356786332742198,0.385743817188198,0.349492504777384,0.393794201681718,"21dcaea9db8c89ddc8c29fa3c3a5e514b50bef6e26587c168c00c05f35fbebc3","e289a150c45930c2f4f164fb43432d5c034d8caec7bda7ce664caca9e4ad20c5","2a1d8aca95b935951cb371014dc53250bca5ead96b6750c991b6e3b51a154b04","278bee47cd45eccaf00a839b10f2e01146092ada4f32ea3a0afa4a9b2b55b53f","MFCL quarterly dependent-variable gradients; log-scale delta method"
1996,1,1996,"depletion",0.368505368108587,0.0306815748924773,0.360957734018502,0.376210823392096,0.354296898745561,0.383283643762199,0.346998513891381,0.391345210104712,"21dcaea9db8c89ddc8c29fa3c3a5e514b50bef6e26587c168c00c05f35fbebc3","e289a150c45930c2f4f164fb43432d5c034d8caec7bda7ce664caca9e4ad20c5","2a1d8aca95b935951cb371014dc53250bca5ead96b6750c991b6e3b51a154b04","278bee47cd45eccaf00a839b10f2e01146092ada4f32ea3a0afa4a9b2b55b53f","MFCL quarterly dependent-variable gradients; log-scale delta method"
1996,2,1996.25,"depletion",0.366887506394828,0.0308169917157899,0.359340186293954,0.374593344921633,0.35268020624188,0.381667130636464,0.345383393358175,0.38973049931507,"21dcaea9db8c89ddc8c29fa3c3a5e514b50bef6e26587c168c00c05f35fbebc3","e289a150c45930c2f4f164fb43432d5c034d8caec7bda7ce664caca9e4ad20c5","2a1d8aca95b935951cb371014dc53250bca5ead96b6750c991b6e3b51a154b04","278bee47cd45eccaf00a839b10f2e01146092ada4f32ea3a0afa4a9b2b55b53f","MFCL quarterly dependent-variable gradients; log-scale delta method"
1996,3,1996.5,"depletion",0.367842655066661,0.0306792615737497,0.360309156691562,0.375533667056703,0.353660786418954,0.382593219498759,0.346376048839692,0.390639651152997,"21dcaea9db8c89ddc8c29fa3c3a5e514b50bef6e26587c168c00c05f35fbebc3","e289a150c45930c2f4f164fb43432d5c034d8caec7bda7ce664caca9e4ad20c5","2a1d8aca95b935951cb371014dc53250bca5ead96b6750c991b6e3b51a154b04","278bee47cd45eccaf00a839b10f2e01146092ada4f32ea3a0afa4a9b2b55b53f","MFCL quarterly dependent-variable gradients; log-scale delta method"
1996,4,1996.75,"depletion",0.373700725909479,0.029916439053372,0.366235638574165,0.381317976286983,0.359644419485303,0.388306407604299,0.352418762920308,0.396267870042012,"21dcaea9db8c89ddc8c29fa3c3a5e514b50bef6e26587c168c00c05f35fbebc3","e289a150c45930c2f4f164fb43432d5c034d8caec7bda7ce664caca9e4ad20c5","2a1d8aca95b935951cb371014dc53250bca5ead96b6750c991b6e3b51a154b04","278bee47cd45eccaf00a839b10f2e01146092ada4f32ea3a0afa4a9b2b55b53f","MFCL quarterly dependent-variable gradients; log-scale delta method"
1997,1,1997,"depletion",0.380260018899187,0.0291265766816133,0.372862493503909,0.387804309879437,0.366327619787283,0.394722303650415,0.359160095551162,0.402599519724796,"21dcaea9db8c89ddc8c29fa3c3a5e514b50bef6e26587c168c00c05f35fbebc3","e289a150c45930c2f4f164fb43432d5c034d8caec7bda7ce664caca9e4ad20c5","2a1d8aca95b935951cb371014dc53250bca5ead96b6750c991b6e3b51a154b04","278bee47cd45eccaf00a839b10f2e01146092ada4f32ea3a0afa4a9b2b55b53f","MFCL quarterly dependent-variable gradients; log-scale delta method"
1997,2,1997.25,"depletion",0.385043101119752,0.0286097422865406,0.377684163875491,0.392545422605515,0.37118122445611,0.39942265381865,0.364046357207537,0.407250853592242,"21dcaea9db8c89ddc8c29fa3c3a5e514b50bef6e26587c168c00c05f35fbebc3","e289a150c45930c2f4f164fb43432d5c034d8caec7bda7ce664caca9e4ad20c5","2a1d8aca95b935951cb371014dc53250bca5ead96b6750c991b6e3b51a154b04","278bee47cd45eccaf00a839b10f2e01146092ada4f32ea3a0afa4a9b2b55b53f","MFCL quarterly dependent-variable gradients; log-scale delta method"
1997,3,1997.5,"depletion",0.386547701277347,0.0284220683465824,0.379208006825083,0.394029457905733,0.372721291584388,0.40088701326302,0.365603366853947,0.408691874608725,"21dcaea9db8c89ddc8c29fa3c3a5e514b50bef6e26587c168c00c05f35fbebc3","e289a150c45930c2f4f164fb43432d5c034d8caec7bda7ce664caca9e4ad20c5","2a1d8aca95b935951cb371014dc53250bca5ead96b6750c991b6e3b51a154b04","278bee47cd45eccaf00a839b10f2e01146092ada4f32ea3a0afa4a9b2b55b53f","MFCL quarterly dependent-variable gradients; log-scale delta method"
1997,4,1997.75,"depletion",0.385428336806612,0.0285074881927336,0.378088112532092,0.392911064615665,0.371601284221836,0.399769885415219,0.364483626074968,0.407576615754356,"21dcaea9db8c89ddc8c29fa3c3a5e514b50bef6e26587c168c00c05f35fbebc3","e289a150c45930c2f4f164fb43432d5c034d8caec7bda7ce664caca9e4ad20c5","2a1d8aca95b935951cb371014dc53250bca5ead96b6750c991b6e3b51a154b04","278bee47cd45eccaf00a839b10f2e01146092ada4f32ea3a0afa4a9b2b55b53f","MFCL quarterly dependent-variable gradients; log-scale delta method"
1998,1,1998,"depletion",0.380830836934034,0.0288284932393112,0.373497292585162,0.388308373953763,0.367017700941245,0.395163846288424,0.359909449449544,0.402968376022618,"21dcaea9db8c89ddc8c29fa3c3a5e514b50bef6e26587c168c00c05f35fbebc3","e289a150c45930c2f4f164fb43432d5c034d8caec7bda7ce664caca9e4ad20c5","2a1d8aca95b935951cb371014dc53250bca5ead96b6750c991b6e3b51a154b04","278bee47cd45eccaf00a839b10f2e01146092ada4f32ea3a0afa4a9b2b55b53f","MFCL quarterly dependent-variable gradients; log-scale delta method"
1998,2,1998.25,"depletion",0.370537731509289,0.0298099984910056,0.36316190007372,0.378063366350322,0.356649044187505,0.384967274438752,0.349508805374325,0.392831906838522,"21dcaea9db8c89ddc8c29fa3c3a5e514b50bef6e26587c168c00c05f35fbebc3","e289a150c45930c2f4f164fb43432d5c034d8caec7bda7ce664caca9e4ad20c5","2a1d8aca95b935951cb371014dc53250bca5ead96b6750c991b6e3b51a154b04","278bee47cd45eccaf00a839b10f2e01146092ada4f32ea3a0afa4a9b2b55b53f","MFCL quarterly dependent-variable gradients; log-scale delta method"
1998,3,1998.5,"depletion",0.364000513730087,0.0303821897726943,0.356617152146059,0.371536739605561,0.350100037864594,0.378452898217086,0.342957756694478,0.386334384948175,"21dcaea9db8c89ddc8c29fa3c3a5e514b50bef6e26587c168c00c05f35fbebc3","e289a150c45930c2f4f164fb43432d5c034d8caec7bda7ce664caca9e4ad20c5","2a1d8aca95b935951cb371014dc53250bca5ead96b6750c991b6e3b51a154b04","278bee47cd45eccaf00a839b10f2e01146092ada4f32ea3a0afa4a9b2b55b53f","MFCL quarterly dependent-variable gradients; log-scale delta method"
1998,4,1998.75,"depletion",0.359011807881478,0.0307938954474482,0.351631978181365,0.366546520782727,0.345119700236283,0.373463114710879,0.33798460697823,0.381347184271705,"21dcaea9db8c89ddc8c29fa3c3a5e514b50bef6e26587c168c00c05f35fbebc3","e289a150c45930c2f4f164fb43432d5c034d8caec7bda7ce664caca9e4ad20c5","2a1d8aca95b935951cb371014dc53250bca5ead96b6750c991b6e3b51a154b04","278bee47cd45eccaf00a839b10f2e01146092ada4f32ea3a0afa4a9b2b55b53f","MFCL quarterly dependent-variable gradients; log-scale delta method"
1999,1,1999,"depletion",0.353702186852758,0.0312532511894726,0.346324182968545,0.361237369888738,0.33981543296349,0.368156430958403,0.332686309419366,0.376045642523637,"21dcaea9db8c89ddc8c29fa3c3a5e514b50bef6e26587c168c00c05f35fbebc3","e289a150c45930c2f4f164fb43432d5c034d8caec7bda7ce664caca9e4ad20c5","2a1d8aca95b935951cb371014dc53250bca5ead96b6750c991b6e3b51a154b04","278bee47cd45eccaf00a839b10f2e01146092ada4f32ea3a0afa4a9b2b55b53f","MFCL quarterly dependent-variable gradients; log-scale delta method"
1999,2,1999.25,"depletion",0.34892439970556,0.0316629161508831,0.341551668612169,0.356456278502712,0.335049277901046,0.36337412058486,0.327928994144162,0.371264020211531,"21dcaea9db8c89ddc8c29fa3c3a5e514b50bef6e26587c168c00c05f35fbebc3","e289a150c45930c2f4f164fb43432d5c034d8caec7bda7ce664caca9e4ad20c5","2a1d8aca95b935951cb371014dc53250bca5ead96b6750c991b6e3b51a154b04","278bee47cd45eccaf00a839b10f2e01146092ada4f32ea3a0afa4a9b2b55b53f","MFCL quarterly dependent-variable gradients; log-scale delta method"
1999,3,1999.5,"depletion",0.340854356490774,0.0322844375895182,0.33351230350267,0.348358039924035,0.327039548643014,0.355252729588249,0.319954546669008,0.363119366635941,"21dcaea9db8c89ddc8c29fa3c3a5e514b50bef6e26587c168c00c05f35fbebc3","e289a150c45930c2f4f164fb43432d5c034d8caec7bda7ce664caca9e4ad20c5","2a1d8aca95b935951cb371014dc53250bca5ead96b6750c991b6e3b51a154b04","278bee47cd45eccaf00a839b10f2e01146092ada4f32ea3a0afa4a9b2b55b53f","MFCL quarterly dependent-variable gradients; log-scale delta method"
1999,4,1999.75,"depletion",0.331475956963525,0.0330715519631866,0.324163771655818,0.338953083756522,0.317720599863485,0.345826836824855,0.31067154485633,0.353673556088624,"21dcaea9db8c89ddc8c29fa3c3a5e514b50bef6e26587c168c00c05f35fbebc3","e289a150c45930c2f4f164fb43432d5c034d8caec7bda7ce664caca9e4ad20c5","2a1d8aca95b935951cb371014dc53250bca5ead96b6750c991b6e3b51a154b04","278bee47cd45eccaf00a839b10f2e01146092ada4f32ea3a0afa4a9b2b55b53f","MFCL quarterly dependent-variable gradients; log-scale delta method"
2000,1,2000,"depletion",0.323259458863366,0.0336056659513778,0.316014658999351,0.330670349519611,0.309633049537674,0.3374855426469,0.302653741292615,0.345268085232774,"21dcaea9db8c89ddc8c29fa3c3a5e514b50bef6e26587c168c00c05f35fbebc3","e289a150c45930c2f4f164fb43432d5c034d8caec7bda7ce664caca9e4ad20c5","2a1d8aca95b935951cb371014dc53250bca5ead96b6750c991b6e3b51a154b04","278bee47cd45eccaf00a839b10f2e01146092ada4f32ea3a0afa4a9b2b55b53f","MFCL quarterly dependent-variable gradients; log-scale delta method"
2000,2,2000.25,"depletion",0.316573448357491,0.0339052576722681,0.309415962996835,0.323896502411474,0.303112475509717,0.330632211809904,0.296219932923689,0.338325470591377,"21dcaea9db8c89ddc8c29fa3c3a5e514b50bef6e26587c168c00c05f35fbebc3","e289a150c45930c2f4f164fb43432d5c034d8caec7bda7ce664caca9e4ad20c5","2a1d8aca95b935951cb371014dc53250bca5ead96b6750c991b6e3b51a154b04","278bee47cd45eccaf00a839b10f2e01146092ada4f32ea3a0afa4a9b2b55b53f","MFCL quarterly dependent-variable gradients; log-scale delta method"
2000,3,2000.5,"depletion",0.309561035349879,0.0343575691234103,0.302469803929206,0.316818516632218,0.296226475731729,0.32349584678472,0.289401697829849,0.331124645520326,"21dcaea9db8c89ddc8c29fa3c3a5e514b50bef6e26587c168c00c05f35fbebc3","e289a150c45930c2f4f164fb43432d5c034d8caec7bda7ce664caca9e4ad20c5","2a1d8aca95b935951cb371014dc53250bca5ead96b6750c991b6e3b51a154b04","278bee47cd45eccaf00a839b10f2e01146092ada4f32ea3a0afa4a9b2b55b53f","MFCL quarterly dependent-variable gradients; log-scale delta method"
2000,4,2000.75,"depletion",0.301917946154489,0.035095547694881,0.294854994606085,0.309150083524697,0.28863950585332,0.315807241772607,0.281848380763683,0.323416604215207,"21dcaea9db8c89ddc8c29fa3c3a5e514b50bef6e26587c168c00c05f35fbebc3","e289a150c45930c2f4f164fb43432d5c034d8caec7bda7ce664caca9e4ad20c5","2a1d8aca95b935951cb371014dc53250bca5ead96b6750c991b6e3b51a154b04","278bee47cd45eccaf00a839b10f2e01146092ada4f32ea3a0afa4a9b2b55b53f","MFCL quarterly dependent-variable gradients; log-scale delta method"
2001,1,2001,"depletion",0.297958817004032,0.0354047043032951,0.290927812335151,0.305159743641724,0.284741663333217,0.311789485216811,0.27798393761675,0.319369016035885,"21dcaea9db8c89ddc8c29fa3c3a5e514b50bef6e26587c168c00c05f35fbebc3","e289a150c45930c2f4f164fb43432d5c034d8caec7bda7ce664caca9e4ad20c5","2a1d8aca95b935951cb371014dc53250bca5ead96b6750c991b6e3b51a154b04","278bee47cd45eccaf00a839b10f2e01146092ada4f32ea3a0afa4a9b2b55b53f","MFCL quarterly dependent-variable gradients; log-scale delta method"
2001,2,2001.25,"depletion",0.292585016453557,0.0360571587851888,0.285555125625516,0.299787971466476,0.279372542998212,0.306422352513275,0.272621543643047,0.314010370234038,"21dcaea9db8c89ddc8c29fa3c3a5e514b50bef6e26587c168c00c05f35fbebc3","e289a150c45930c2f4f164fb43432d5c034d8caec7bda7ce664caca9e4ad20c5","2a1d8aca95b935951cb371014dc53250bca5ead96b6750c991b6e3b51a154b04","278bee47cd45eccaf00a839b10f2e01146092ada4f32ea3a0afa4a9b2b55b53f","MFCL quarterly dependent-variable gradients; log-scale delta method"
2001,3,2001.5,"depletion",0.285989552085255,0.036838077941656,0.27897115042872,0.293184523834207,0.272801761353903,0.299814867382105,0.266068547501319,0.307402076156783,"21dcaea9db8c89ddc8c29fa3c3a5e514b50bef6e26587c168c00c05f35fbebc3","e289a150c45930c2f4f164fb43432d5c034d8caec7bda7ce664caca9e4ad20c5","2a1d8aca95b935951cb371014dc53250bca5ead96b6750c991b6e3b51a154b04","278bee47cd45eccaf00a839b10f2e01146092ada4f32ea3a0afa4a9b2b55b53f","MFCL quarterly dependent-variable gradients; log-scale delta method"
2001,4,2001.75,"depletion",0.281703550597293,0.0371199436231961,0.27473809374603,0.288845603232872,0.268616350993457,0.295428368845105,0.261936347657545,0.302962498823846,"21dcaea9db8c89ddc8c29fa3c3a5e514b50bef6e26587c168c00c05f35fbebc3","e289a150c45930c2f4f164fb43432d5c034d8caec7bda7ce664caca9e4ad20c5","2a1d8aca95b935951cb371014dc53250bca5ead96b6750c991b6e3b51a154b04","278bee47cd45eccaf00a839b10f2e01146092ada4f32ea3a0afa4a9b2b55b53f","MFCL quarterly dependent-variable gradients; log-scale delta method"
2002,1,2002,"depletion",0.280831621778379,0.0367112129063572,0.273963241467275,0.287872195438653,0.267925234705053,0.294359730159405,0.261334873159497,0.301782914913698,"21dcaea9db8c89ddc8c29fa3c3a5e514b50bef6e26587c168c00c05f35fbebc3","e289a150c45930c2f4f164fb43432d5c034d8caec7bda7ce664caca9e4ad20c5","2a1d8aca95b935951cb371014dc53250bca5ead96b6750c991b6e3b51a154b04","278bee47cd45eccaf00a839b10f2e01146092ada4f32ea3a0afa4a9b2b55b53f","MFCL quarterly dependent-variable gradients; log-scale delta method"
2002,2,2002.25,"depletion",0.278398983987143,0.0364087201086679,0.271645517120246,0.285320350973305,0.265707379644086,0.291696807175219,0.259224763691014,0.298991474354116,"21dcaea9db8c89ddc8c29fa3c3a5e514b50bef6e26587c168c00c05f35fbebc3","e289a150c45930c2f4f164fb43432d5c034d8caec7bda7ce664caca9e4ad20c5","2a1d8aca95b935951cb371014dc53250bca5ead96b6750c991b6e3b51a154b04","278bee47cd45eccaf00a839b10f2e01146092ada4f32ea3a0afa4a9b2b55b53f","MFCL quarterly dependent-variable gradients; log-scale delta method"
2002,3,2002.5,"depletion",0.273843090236171,0.0364998649993397,0.26718371532267,0.280668445603177,0.261328652416432,0.286956816164948,0.254937102569338,0.294151134983186,"21dcaea9db8c89ddc8c29fa3c3a5e514b50bef6e26587c168c00c05f35fbebc3","e289a150c45930c2f4f164fb43432d5c034d8caec7bda7ce664caca9e4ad20c5","2a1d8aca95b935951cb371014dc53250bca5ead96b6750c991b6e3b51a154b04","278bee47cd45eccaf00a839b10f2e01146092ada4f32ea3a0afa4a9b2b55b53f","MFCL quarterly dependent-variable gradients; log-scale delta method"
2002,4,2002.75,"depletion",0.26871605889488,0.0367867814335483,0.26213063122382,0.275466930251053,0.256341649128436,0.281687819960219,0.250023399695771,0.288806249318503,"21dcaea9db8c89ddc8c29fa3c3a5e514b50bef6e26587c168c00c05f35fbebc3","e289a150c45930c2f4f164fb43432d5c034d8caec7bda7ce664caca9e4ad20c5","2a1d8aca95b935951cb371014dc53250bca5ead96b6750c991b6e3b51a154b04","278bee47cd45eccaf00a839b10f2e01146092ada4f32ea3a0afa4a9b2b55b53f","MFCL quarterly dependent-variable gradients; log-scale delta method"
2003,1,2003,"depletion",0.26503324712935,0.0369200459975344,0.258514836369299,0.271716018586967,0.252785255607416,0.277874680289962,0.246532373747233,0.2849225074024,"21dcaea9db8c89ddc8c29fa3c3a5e514b50bef6e26587c168c00c05f35fbebc3","e289a150c45930c2f4f164fb43432d5c034d8caec7bda7ce664caca9e4ad20c5","2a1d8aca95b935951cb371014dc53250bca5ead96b6750c991b6e3b51a154b04","278bee47cd45eccaf00a839b10f2e01146092ada4f32ea3a0afa4a9b2b55b53f","MFCL quarterly dependent-variable gradients; log-scale delta method"
2003,2,2003.25,"depletion",0.259577492137707,0.037338149957472,0.253121871820525,0.266197756597966,0.24744900353365,0.272300447616627,0.241259676634348,0.279286101036366,"21dcaea9db8c89ddc8c29fa3c3a5e514b50bef6e26587c168c00c05f35fbebc3","e289a150c45930c2f4f164fb43432d5c034d8caec7bda7ce664caca9e4ad20c5","2a1d8aca95b935951cb371014dc53250bca5ead96b6750c991b6e3b51a154b04","278bee47cd45eccaf00a839b10f2e01146092ada4f32ea3a0afa4a9b2b55b53f","MFCL quarterly dependent-variable gradients; log-scale delta method"
2003,3,2003.5,"depletion",0.257869921869958,0.0372831467965533,0.251466097337139,0.264436825915607,0.245838546110068,0.270490114985653,0.239698444972923,0.27741897371395,"21dcaea9db8c89ddc8c29fa3c3a5e514b50bef6e26587c168c00c05f35fbebc3","e289a150c45930c2f4f164fb43432d5c034d8caec7bda7ce664caca9e4ad20c5","2a1d8aca95b935951cb371014dc53250bca5ead96b6750c991b6e3b51a154b04","278bee47cd45eccaf00a839b10f2e01146092ada4f32ea3a0afa4a9b2b55b53f","MFCL quarterly dependent-variable gradients; log-scale delta method"
2003,4,2003.75,"depletion",0.257406173509329,0.0369307879763978,0.251073529143183,0.263898541542103,0.245507272455919,0.269881773757277,0.23943267350747,0.276728890798805,"21dcaea9db8c89ddc8c29fa3c3a5e514b50bef6e26587c168c00c05f35fbebc3","e289a150c45930c2f4f164fb43432d5c034d8caec7bda7ce664caca9e4ad20c5","2a1d8aca95b935951cb371014dc53250bca5ead96b6750c991b6e3b51a154b04","278bee47cd45eccaf00a839b10f2e01146092ada4f32ea3a0afa4a9b2b55b53f","MFCL quarterly dependent-variable gradients; log-scale delta method"
2004,1,2004,"depletion",0.257097471359451,0.036386321834103,0.250864531390623,0.263485273956487,0.245384000194838,0.269370088216592,0.239400863166285,0.27610221995529,"21dcaea9db8c89ddc8c29fa3c3a5e514b50bef6e26587c168c00c05f35fbebc3","e289a150c45930c2f4f164fb43432d5c034d8caec7bda7ce664caca9e4ad20c5","2a1d8aca95b935951cb371014dc53250bca5ead96b6750c991b6e3b51a154b04","278bee47cd45eccaf00a839b10f2e01146092ada4f32ea3a0afa4a9b2b55b53f","MFCL quarterly dependent-variable gradients; log-scale delta method"
2004,2,2004.25,"depletion",0.255840775169892,0.0359164015675833,0.249717438901627,0.262114262133357,0.244331658459956,0.267892022884374,0.238450186160649,0.2744996902432,"21dcaea9db8c89ddc8c29fa3c3a5e514b50bef6e26587c168c00c05f35fbebc3","e289a150c45930c2f4f164fb43432d5c034d8caec7bda7ce664caca9e4ad20c5","2a1d8aca95b935951cb371014dc53250bca5ead96b6750c991b6e3b51a154b04","278bee47cd45eccaf00a839b10f2e01146092ada4f32ea3a0afa4a9b2b55b53f","MFCL quarterly dependent-variable gradients; log-scale delta method"
2004,3,2004.5,"depletion",0.24979867138994,0.036244203203311,0.243766045503355,0.25598059032106,0.238461164223469,0.2616752142068,0.23266925671735,0.268189175951092,"21dcaea9db8c89ddc8c29fa3c3a5e514b50bef6e26587c168c00c05f35fbebc3","e289a150c45930c2f4f164fb43432d5c034d8caec7bda7ce664caca9e4ad20c5","2a1d8aca95b935951cb371014dc53250bca5ead96b6750c991b6e3b51a154b04","278bee47cd45eccaf00a839b10f2e01146092ada4f32ea3a0afa4a9b2b55b53f","MFCL quarterly dependent-variable gradients; log-scale delta method"
2004,4,2004.75,"depletion",0.241255196282545,0.0370889255546379,0.235294795954846,0.247366583256261,0.230056264754391,0.252999281699493,0.224339901840657,0.259445908889941,"21dcaea9db8c89ddc8c29fa3c3a5e514b50bef6e26587c168c00c05f35fbebc3","e289a150c45930c2f4f164fb43432d5c034d8caec7bda7ce664caca9e4ad20c5","2a1d8aca95b935951cb371014dc53250bca5ead96b6750c991b6e3b51a154b04","278bee47cd45eccaf00a839b10f2e01146092ada4f32ea3a0afa4a9b2b55b53f","MFCL quarterly dependent-variable gradients; log-scale delta method"
2005,1,2005,"depletion",0.234546832237801,0.0378326982660644,0.228637438697121,0.240608960747074,0.223446212534718,0.246198921381313,0.217784175759146,0.252599695643758,"21dcaea9db8c89ddc8c29fa3c3a5e514b50bef6e26587c168c00c05f35fbebc3","e289a150c45930c2f4f164fb43432d5c034d8caec7bda7ce664caca9e4ad20c5","2a1d8aca95b935951cb371014dc53250bca5ead96b6750c991b6e3b51a154b04","278bee47cd45eccaf00a839b10f2e01146092ada4f32ea3a0afa4a9b2b55b53f","MFCL quarterly dependent-variable gradients; log-scale delta method"
2005,2,2005.25,"depletion",0.229374325678242,0.0384699856055673,0.223499162758805,0.235403930068081,0.218340115250957,0.240966169775427,0.212715478849238,0.247337812767436,"21dcaea9db8c89ddc8c29fa3c3a5e514b50bef6e26587c168c00c05f35fbebc3","e289a150c45930c2f4f164fb43432d5c034d8caec7bda7ce664caca9e4ad20c5","2a1d8aca95b935951cb371014dc53250bca5ead96b6750c991b6e3b51a154b04","278bee47cd45eccaf00a839b10f2e01146092ada4f32ea3a0afa4a9b2b55b53f","MFCL quarterly dependent-variable gradients; log-scale delta method"
2005,3,2005.5,"depletion",0.227092013004071,0.0384980908176687,0.221271114327523,0.233066039943681,0.216159808960554,0.238577109307365,0.210587323905465,0.244890249867993,"21dcaea9db8c89ddc8c29fa3c3a5e514b50bef6e26587c168c00c05f35fbebc3","e289a150c45930c2f4f164fb43432d5c034d8caec7bda7ce664caca9e4ad20c5","2a1d8aca95b935951cb371014dc53250bca5ead96b6750c991b6e3b51a154b04","278bee47cd45eccaf00a839b10f2e01146092ada4f32ea3a0afa4a9b2b55b53f","MFCL quarterly dependent-variable gradients; log-scale delta method"
2005,4,2005.75,"depletion",0.224360757068649,0.0385347107182309,0.218604467318846,0.230268621358946,0.213550013420744,0.235718783183779,0.208039639033202,0.241962298850094,"21dcaea9db8c89ddc8c29fa3c3a5e514b50bef6e26587c168c00c05f35fbebc3","e289a150c45930c2f4f164fb43432d5c034d8caec7bda7ce664caca9e4ad20c5","2a1d8aca95b935951cb371014dc53250bca5ead96b6750c991b6e3b51a154b04","278bee47cd45eccaf00a839b10f2e01146092ada4f32ea3a0afa4a9b2b55b53f","MFCL quarterly dependent-variable gradients; log-scale delta method"
2006,1,2006,"depletion",0.222395044228326,0.0382602957795412,0.216729298324552,0.228208904285997,0.211753473468661,0.233571402098577,0.206327864169398,0.239713409027062,"21dcaea9db8c89ddc8c29fa3c3a5e514b50bef6e26587c168c00c05f35fbebc3","e289a150c45930c2f4f164fb43432d5c034d8caec7bda7ce664caca9e4ad20c5","2a1d8aca95b935951cb371014dc53250bca5ead96b6750c991b6e3b51a154b04","278bee47cd45eccaf00a839b10f2e01146092ada4f32ea3a0afa4a9b2b55b53f","MFCL quarterly dependent-variable gradients; log-scale delta method"
2006,2,2006.25,"depletion",0.223219430065282,0.0375638140957843,0.217634896353641,0.228947263483445,0.212728204191091,0.234228057102906,0.207375582252132,0.240273774846301,"21dcaea9db8c89ddc8c29fa3c3a5e514b50bef6e26587c168c00c05f35fbebc3","e289a150c45930c2f4f164fb43432d5c034d8caec7bda7ce664caca9e4ad20c5","2a1d8aca95b935951cb371014dc53250bca5ead96b6750c991b6e3b51a154b04","278bee47cd45eccaf00a839b10f2e01146092ada4f32ea3a0afa4a9b2b55b53f","MFCL quarterly dependent-variable gradients; log-scale delta method"
2006,3,2006.5,"depletion",0.222684345791095,0.037241253668656,0.217160439979837,0.228348763085083,0.212306013128331,0.233570011182085,0.207009308955236,0.239546318523923,"21dcaea9db8c89ddc8c29fa3c3a5e514b50bef6e26587c168c00c05f35fbebc3","e289a150c45930c2f4f164fb43432d5c034d8caec7bda7ce664caca9e4ad20c5","2a1d8aca95b935951cb371014dc53250bca5ead96b6750c991b6e3b51a154b04","278bee47cd45eccaf00a839b10f2e01146092ada4f32ea3a0afa4a9b2b55b53f","MFCL quarterly dependent-variable gradients; log-scale delta method"
2006,4,2006.75,"depletion",0.222639813375327,0.0369762010685305,0.217155830855318,0.228262286601118,0.212335669800785,0.233443992459232,0.207075457660769,0.239374028480978,"21dcaea9db8c89ddc8c29fa3c3a5e514b50bef6e26587c168c00c05f35fbebc3","e289a150c45930c2f4f164fb43432d5c034d8caec7bda7ce664caca9e4ad20c5","2a1d8aca95b935951cb371014dc53250bca5ead96b6750c991b6e3b51a154b04","278bee47cd45eccaf00a839b10f2e01146092ada4f32ea3a0afa4a9b2b55b53f","MFCL quarterly dependent-variable gradients; log-scale delta method"
2007,1,2007,"depletion",0.220160159448111,0.0372434151802422,0.214698555566817,0.225760698204292,0.209898886509709,0.230923072600367,0.204661936278792,0.236832000564046,"21dcaea9db8c89ddc8c29fa3c3a5e514b50bef6e26587c168c00c05f35fbebc3","e289a150c45930c2f4f164fb43432d5c034d8caec7bda7ce664caca9e4ad20c5","2a1d8aca95b935951cb371014dc53250bca5ead96b6750c991b6e3b51a154b04","278bee47cd45eccaf00a839b10f2e01146092ada4f32ea3a0afa4a9b2b55b53f","MFCL quarterly dependent-variable gradients; log-scale delta method"
2007,2,2007.25,"depletion",0.218253073911922,0.0373778863786188,0.212819476404319,0.223825399238864,0.208044831009518,0.228962209927838,0.202835634308477,0.234842385729715,"21dcaea9db8c89ddc8c29fa3c3a5e514b50bef6e26587c168c00c05f35fbebc3","e289a150c45930c2f4f164fb43432d5c034d8caec7bda7ce664caca9e4ad20c5","2a1d8aca95b935951cb371014dc53250bca5ead96b6750c991b6e3b51a154b04","278bee47cd45eccaf00a839b10f2e01146092ada4f32ea3a0afa4a9b2b55b53f","MFCL quarterly dependent-variable gradients; log-scale delta method"
2007,3,2007.5,"depletion",0.216470716358943,0.0374743723068906,0.211067755694824,0.222011983245355,0.206320325348606,0.227120478613914,0.201141141653977,0.232968604312519,"21dcaea9db8c89ddc8c29fa3c3a5e514b50bef6e26587c168c00c05f35fbebc3","e289a150c45930c2f4f164fb43432d5c034d8caec7bda7ce664caca9e4ad20c5","2a1d8aca95b935951cb371014dc53250bca5ead96b6750c991b6e3b51a154b04","278bee47cd45eccaf00a839b10f2e01146092ada4f32ea3a0afa4a9b2b55b53f","MFCL quarterly dependent-variable gradients; log-scale delta method"
2007,4,2007.75,"depletion",0.213931373493586,0.0375068641153405,0.208587221765595,0.219412446157817,0.203891562991574,0.224465553617555,0.198768966148342,0.230250392964746,"21dcaea9db8c89ddc8c29fa3c3a5e514b50bef6e26587c168c00c05f35fbebc3","e289a150c45930c2f4f164fb43432d5c034d8caec7bda7ce664caca9e4ad20c5","2a1d8aca95b935951cb371014dc53250bca5ead96b6750c991b6e3b51a154b04","278bee47cd45eccaf00a839b10f2e01146092ada4f32ea3a0afa4a9b2b55b53f","MFCL quarterly dependent-variable gradients; log-scale delta method"
2008,1,2008,"depletion",0.211548709933121,0.0373482741067418,0.206286143466099,0.216945529750147,0.201661699772117,0.221920457503531,0.1966162789839,0.227615215309982,"21dcaea9db8c89ddc8c29fa3c3a5e514b50bef6e26587c168c00c05f35fbebc3","e289a150c45930c2f4f164fb43432d5c034d8caec7bda7ce664caca9e4ad20c5","2a1d8aca95b935951cb371014dc53250bca5ead96b6750c991b6e3b51a154b04","278bee47cd45eccaf00a839b10f2e01146092ada4f32ea3a0afa4a9b2b55b53f","MFCL quarterly dependent-variable gradients; log-scale delta method"
2008,2,2008.25,"depletion",0.208941702778674,0.0372978536313452,0.203750918279381,0.214264728368931,0.199189405056661,0.219171472235852,0.194212482277321,0.224787998423878,"21dcaea9db8c89ddc8c29fa3c3a5e514b50bef6e26587c168c00c05f35fbebc3","e289a150c45930c2f4f164fb43432d5c034d8caec7bda7ce664caca9e4ad20c5","2a1d8aca95b935951cb371014dc53250bca5ead96b6750c991b6e3b51a154b04","278bee47cd45eccaf00a839b10f2e01146092ada4f32ea3a0afa4a9b2b55b53f","MFCL quarterly dependent-variable gradients; log-scale delta method"
2008,3,2008.5,"depletion",0.207712576221114,0.0370283373922323,0.202589151694524,0.212965570760017,0.198086054552602,0.217806924459466,0.193172016911589,0.223347641186345,"21dcaea9db8c89ddc8c29fa3c3a5e514b50bef6e26587c168c00c05f35fbebc3","e289a150c45930c2f4f164fb43432d5c034d8caec7bda7ce664caca9e4ad20c5","2a1d8aca95b935951cb371014dc53250bca5ead96b6750c991b6e3b51a154b04","278bee47cd45eccaf00a839b10f2e01146092ada4f32ea3a0afa4a9b2b55b53f","MFCL quarterly dependent-variable gradients; log-scale delta method"
2008,4,2008.75,"depletion",0.205872136398378,0.0369016134522587,0.2008112714463,0.211060545755103,0.196362798012762,0.215841987250954,0.191507973656016,0.221313691206198,"21dcaea9db8c89ddc8c29fa3c3a5e514b50bef6e26587c168c00c05f35fbebc3","e289a150c45930c2f4f164fb43432d5c034d8caec7bda7ce664caca9e4ad20c5","2a1d8aca95b935951cb371014dc53250bca5ead96b6750c991b6e3b51a154b04","278bee47cd45eccaf00a839b10f2e01146092ada4f32ea3a0afa4a9b2b55b53f","MFCL quarterly dependent-variable gradients; log-scale delta method"
2009,1,2009,"depletion",0.201533431138469,0.0373354019860384,0.196521714786498,0.206672956780217,0.19211766754673,0.211410665063195,0.18731266683263,0.21683383485611,"21dcaea9db8c89ddc8c29fa3c3a5e514b50bef6e26587c168c00c05f35fbebc3","e289a150c45930c2f4f164fb43432d5c034d8caec7bda7ce664caca9e4ad20c5","2a1d8aca95b935951cb371014dc53250bca5ead96b6750c991b6e3b51a154b04","278bee47cd45eccaf00a839b10f2e01146092ada4f32ea3a0afa4a9b2b55b53f","MFCL quarterly dependent-variable gradients; log-scale delta method"
2009,2,2009.25,"depletion",0.198453591928502,0.0376557873671397,0.193476650583072,0.203558558775102,0.18910406003298,0.208265375912371,0.184334361746398,0.213654295250212,"21dcaea9db8c89ddc8c29fa3c3a5e514b50bef6e26587c168c00c05f35fbebc3","e289a150c45930c2f4f164fb43432d5c034d8caec7bda7ce664caca9e4ad20c5","2a1d8aca95b935951cb371014dc53250bca5ead96b6750c991b6e3b51a154b04","278bee47cd45eccaf00a839b10f2e01146092ada4f32ea3a0afa4a9b2b55b53f","MFCL quarterly dependent-variable gradients; log-scale delta method"
2009,3,2009.5,"depletion",0.194913384723711,0.0379715340962265,0.189984761903244,0.199969866866488,0.185655498921543,0.204632923695452,0.180934020957877,0.209972825139933,"21dcaea9db8c89ddc8c29fa3c3a5e514b50bef6e26587c168c00c05f35fbebc3","e289a150c45930c2f4f164fb43432d5c034d8caec7bda7ce664caca9e4ad20c5","2a1d8aca95b935951cb371014dc53250bca5ead96b6750c991b6e3b51a154b04","278bee47cd45eccaf00a839b10f2e01146092ada4f32ea3a0afa4a9b2b55b53f","MFCL quarterly dependent-variable gradients; log-scale delta method"
2009,4,2009.75,"depletion",0.191283243339055,0.0383285946022779,0.186401515910127,0.196292819849971,0.182114426866861,0.200913677251157,0.177440016037308,0.206206469089897,"21dcaea9db8c89ddc8c29fa3c3a5e514b50bef6e26587c168c00c05f35fbebc3","e289a150c45930c2f4f164fb43432d5c034d8caec7bda7ce664caca9e4ad20c5","2a1d8aca95b935951cb371014dc53250bca5ead96b6750c991b6e3b51a154b04","278bee47cd45eccaf00a839b10f2e01146092ada4f32ea3a0afa4a9b2b55b53f","MFCL quarterly dependent-variable gradients; log-scale delta method"
2010,1,2010,"depletion",0.185797111315982,0.0389335027128366,0.180981538796251,0.190740817008007,0.176754185993603,0.19530268196654,0.172146699242771,0.200529935951199,"21dcaea9db8c89ddc8c29fa3c3a5e514b50bef6e26587c168c00c05f35fbebc3","e289a150c45930c2f4f164fb43432d5c034d8caec7bda7ce664caca9e4ad20c5","2a1d8aca95b935951cb371014dc53250bca5ead96b6750c991b6e3b51a154b04","278bee47cd45eccaf00a839b10f2e01146092ada4f32ea3a0afa4a9b2b55b53f","MFCL quarterly dependent-variable gradients; log-scale delta method"
2010,2,2010.25,"depletion",0.182793167056778,0.0390215204435282,0.178044881791667,0.187668084509975,0.173876832325999,0.192166727882419,0.169334238486843,0.197321830606888,"21dcaea9db8c89ddc8c29fa3c3a5e514b50bef6e26587c168c00c05f35fbebc3","e289a150c45930c2f4f164fb43432d5c034d8caec7bda7ce664caca9e4ad20c5","2a1d8aca95b935951cb371014dc53250bca5ead96b6750c991b6e3b51a154b04","278bee47cd45eccaf00a839b10f2e01146092ada4f32ea3a0afa4a9b2b55b53f","MFCL quarterly dependent-variable gradients; log-scale delta method"
2010,3,2010.5,"depletion",0.180956248125423,0.0387797385705759,0.176284425181923,0.185751881947807,0.172182858741322,0.190176675976928,0.167712027745298,0.195246364711297,"21dcaea9db8c89ddc8c29fa3c3a5e514b50bef6e26587c168c00c05f35fbebc3","e289a150c45930c2f4f164fb43432d5c034d8caec7bda7ce664caca9e4ad20c5","2a1d8aca95b935951cb371014dc53250bca5ead96b6750c991b6e3b51a154b04","278bee47cd45eccaf00a839b10f2e01146092ada4f32ea3a0afa4a9b2b55b53f","MFCL quarterly dependent-variable gradients; log-scale delta method"
2010,4,2010.75,"depletion",0.181717862638454,0.0380014993766855,0.177119324855298,0.186435791966042,0.173080083529504,0.190786720970464,0.168674986899321,0.195769285113969,"21dcaea9db8c89ddc8c29fa3c3a5e514b50bef6e26587c168c00c05f35fbebc3","e289a150c45930c2f4f164fb43432d5c034d8caec7bda7ce664caca9e4ad20c5","2a1d8aca95b935951cb371014dc53250bca5ead96b6750c991b6e3b51a154b04","278bee47cd45eccaf00a839b10f2e01146092ada4f32ea3a0afa4a9b2b55b53f","MFCL quarterly dependent-variable gradients; log-scale delta method"
2011,1,2011,"depletion",0.182282062069923,0.0370718394035037,0.177780688449055,0.186897409624919,0.173824436663964,0.191151202846679,0.169507268670121,0.196019618587129,"21dcaea9db8c89ddc8c29fa3c3a5e514b50bef6e26587c168c00c05f35fbebc3","e289a150c45930c2f4f164fb43432d5c034d8caec7bda7ce664caca9e4ad20c5","2a1d8aca95b935951cb371014dc53250bca5ead96b6750c991b6e3b51a154b04","278bee47cd45eccaf00a839b10f2e01146092ada4f32ea3a0afa4a9b2b55b53f","MFCL quarterly dependent-variable gradients; log-scale delta method"
2011,2,2011.25,"depletion",0.182118082016152,0.0363814737566692,0.177703485206636,0.186642348396684,0.173821783979983,0.190810352061864,0.169584088426153,0.195578465556837,"21dcaea9db8c89ddc8c29fa3c3a5e514b50bef6e26587c168c00c05f35fbebc3","e289a150c45930c2f4f164fb43432d5c034d8caec7bda7ce664caca9e4ad20c5","2a1d8aca95b935951cb371014dc53250bca5ead96b6750c991b6e3b51a154b04","278bee47cd45eccaf00a839b10f2e01146092ada4f32ea3a0afa4a9b2b55b53f","MFCL quarterly dependent-variable gradients; log-scale delta method"
2011,3,2011.5,"depletion",0.180558581972707,0.0360194606869166,0.176224812193819,0.184998929027875,0.172413296779849,0.189088673164361,0.168251255951969,0.193766170359535,"21dcaea9db8c89ddc8c29fa3c3a5e514b50bef6e26587c168c00c05f35fbebc3","e289a150c45930c2f4f164fb43432d5c034d8caec7bda7ce664caca9e4ad20c5","2a1d8aca95b935951cb371014dc53250bca5ead96b6750c991b6e3b51a154b04","278bee47cd45eccaf00a839b10f2e01146092ada4f32ea3a0afa4a9b2b55b53f","MFCL quarterly dependent-variable gradients; log-scale delta method"
2011,4,2011.75,"depletion",0.182081662041868,0.0353755265960983,0.177788536857756,0.186478454898668,0.174011209141129,0.190526413876249,0.169884793312444,0.195154204243311,"21dcaea9db8c89ddc8c29fa3c3a5e514b50bef6e26587c168c00c05f35fbebc3","e289a150c45930c2f4f164fb43432d5c034d8caec7bda7ce664caca9e4ad20c5","2a1d8aca95b935951cb371014dc53250bca5ead96b6750c991b6e3b51a154b04","278bee47cd45eccaf00a839b10f2e01146092ada4f32ea3a0afa4a9b2b55b53f","MFCL quarterly dependent-variable gradients; log-scale delta method"
2012,1,2012,"depletion",0.180540527017273,0.0352619265526222,0.176297246488133,0.184885938634717,0.17256350295586,0.188886301780812,0.168484401517943,0.193459344615966,"21dcaea9db8c89ddc8c29fa3c3a5e514b50bef6e26587c168c00c05f35fbebc3","e289a150c45930c2f4f164fb43432d5c034d8caec7bda7ce664caca9e4ad20c5","2a1d8aca95b935951cb371014dc53250bca5ead96b6750c991b6e3b51a154b04","278bee47cd45eccaf00a839b10f2e01146092ada4f32ea3a0afa4a9b2b55b53f","MFCL quarterly dependent-variable gradients; log-scale delta method"
2012,2,2012.25,"depletion",0.178511902377403,0.0353825308106533,0.174302121607916,0.182823358639785,0.170598141522935,0.186792769287674,0.166551870079148,0.191330780466506,"21dcaea9db8c89ddc8c29fa3c3a5e514b50bef6e26587c168c00c05f35fbebc3","e289a150c45930c2f4f164fb43432d5c034d8caec7bda7ce664caca9e4ad20c5","2a1d8aca95b935951cb371014dc53250bca5ead96b6750c991b6e3b51a154b04","278bee47cd45eccaf00a839b10f2e01146092ada4f32ea3a0afa4a9b2b55b53f","MFCL quarterly dependent-variable gradients; log-scale delta method"
2012,3,2012.5,"depletion",0.174174083505049,0.0359331031583356,0.170003456502141,0.178447026837019,0.166335220776826,0.182382367505477,0.162329414089798,0.186883021385402,"21dcaea9db8c89ddc8c29fa3c3a5e514b50bef6e26587c168c00c05f35fbebc3","e289a150c45930c2f4f164fb43432d5c034d8caec7bda7ce664caca9e4ad20c5","2a1d8aca95b935951cb371014dc53250bca5ead96b6750c991b6e3b51a154b04","278bee47cd45eccaf00a839b10f2e01146092ada4f32ea3a0afa4a9b2b55b53f","MFCL quarterly dependent-variable gradients; log-scale delta method"
2012,4,2012.75,"depletion",0.171821350815014,0.0362158091154041,0.167675084668005,0.176070145748549,0.164028936135778,0.179983954608217,0.160047972344051,0.184460797369129,"21dcaea9db8c89ddc8c29fa3c3a5e514b50bef6e26587c168c00c05f35fbebc3","e289a150c45930c2f4f164fb43432d5c034d8caec7bda7ce664caca9e4ad20c5","2a1d8aca95b935951cb371014dc53250bca5ead96b6750c991b6e3b51a154b04","278bee47cd45eccaf00a839b10f2e01146092ada4f32ea3a0afa4a9b2b55b53f","MFCL quarterly dependent-variable gradients; log-scale delta method"
2013,1,2013,"depletion",0.16948344949947,0.0364395304968927,0.165368644219269,0.17370064191947,0.161750680685081,0.177585896594554,0.157801057765808,0.182030716783088,"21dcaea9db8c89ddc8c29fa3c3a5e514b50bef6e26587c168c00c05f35fbebc3","e289a150c45930c2f4f164fb43432d5c034d8caec7bda7ce664caca9e4ad20c5","2a1d8aca95b935951cb371014dc53250bca5ead96b6750c991b6e3b51a154b04","278bee47cd45eccaf00a839b10f2e01146092ada4f32ea3a0afa4a9b2b55b53f","MFCL quarterly dependent-variable gradients; log-scale delta method"
2013,2,2013.25,"depletion",0.167780282133043,0.0366049617448143,0.163688561551419,0.171974283394266,0.160091276860738,0.175838581743159,0.156164645773208,0.180259897707738,"21dcaea9db8c89ddc8c29fa3c3a5e514b50bef6e26587c168c00c05f35fbebc3","e289a150c45930c2f4f164fb43432d5c034d8caec7bda7ce664caca9e4ad20c5","2a1d8aca95b935951cb371014dc53250bca5ead96b6750c991b6e3b51a154b04","278bee47cd45eccaf00a839b10f2e01146092ada4f32ea3a0afa4a9b2b55b53f","MFCL quarterly dependent-variable gradients; log-scale delta method"
2013,3,2013.5,"depletion",0.167277695543468,0.0364872839748039,0.163211185686771,0.171445525063674,0.159635795600917,0.175285419670452,0.155732768591084,0.179678481795997,"21dcaea9db8c89ddc8c29fa3c3a5e514b50bef6e26587c168c00c05f35fbebc3","e289a150c45930c2f4f164fb43432d5c034d8caec7bda7ce664caca9e4ad20c5","2a1d8aca95b935951cb371014dc53250bca5ead96b6750c991b6e3b51a154b04","278bee47cd45eccaf00a839b10f2e01146092ada4f32ea3a0afa4a9b2b55b53f","MFCL quarterly dependent-variable gradients; log-scale delta method"
2013,4,2013.75,"depletion",0.168688746302252,0.0360437659140839,0.164637177473718,0.172840020496392,0.161073911027491,0.176663576040995,0.157183010102104,0.181036697990075,"21dcaea9db8c89ddc8c29fa3c3a5e514b50bef6e26587c168c00c05f35fbebc3","e289a150c45930c2f4f164fb43432d5c034d8caec7bda7ce664caca9e4ad20c5","2a1d8aca95b935951cb371014dc53250bca5ead96b6750c991b6e3b51a154b04","278bee47cd45eccaf00a839b10f2e01146092ada4f32ea3a0afa4a9b2b55b53f","MFCL quarterly dependent-variable gradients; log-scale delta method"
2014,1,2014,"depletion",0.17004366873616,0.0355550287792223,0.166014274645966,0.174170861746168,0.162469399974294,0.177971047359244,0.158597366295174,0.182316074678302,"21dcaea9db8c89ddc8c29fa3c3a5e514b50bef6e26587c168c00c05f35fbebc3","e289a150c45930c2f4f164fb43432d5c034d8caec7bda7ce664caca9e4ad20c5","2a1d8aca95b935951cb371014dc53250bca5ead96b6750c991b6e3b51a154b04","278bee47cd45eccaf00a839b10f2e01146092ada4f32ea3a0afa4a9b2b55b53f","MFCL quarterly dependent-variable gradients; log-scale delta method"
2014,2,2014.25,"depletion",0.170861840387167,0.0352720109678462,0.16684490513253,0.174975486828922,0.163310349976601,0.17876251263115,0.159448886144675,0.183091705476079,"21dcaea9db8c89ddc8c29fa3c3a5e514b50bef6e26587c168c00c05f35fbebc3","e289a150c45930c2f4f164fb43432d5c034d8caec7bda7ce664caca9e4ad20c5","2a1d8aca95b935951cb371014dc53250bca5ead96b6750c991b6e3b51a154b04","278bee47cd45eccaf00a839b10f2e01146092ada4f32ea3a0afa4a9b2b55b53f","MFCL quarterly dependent-variable gradients; log-scale delta method"
2014,3,2014.5,"depletion",0.171203906019552,0.0352264592512672,0.167184065367235,0.175320401331118,0.163646850427791,0.17910993923641,0.159782367716337,0.183441876943439,"21dcaea9db8c89ddc8c29fa3c3a5e514b50bef6e26587c168c00c05f35fbebc3","e289a150c45930c2f4f164fb43432d5c034d8caec7bda7ce664caca9e4ad20c5","2a1d8aca95b935951cb371014dc53250bca5ead96b6750c991b6e3b51a154b04","278bee47cd45eccaf00a839b10f2e01146092ada4f32ea3a0afa4a9b2b55b53f","MFCL quarterly dependent-variable gradients; log-scale delta method"
2014,4,2014.75,"depletion",0.173530830148634,0.034965838599104,0.16948614435145,0.177672039961162,0.165926472549907,0.181483693043718,0.162036804003845,0.185840181168715,"21dcaea9db8c89ddc8c29fa3c3a5e514b50bef6e26587c168c00c05f35fbebc3","e289a150c45930c2f4f164fb43432d5c034d8caec7bda7ce664caca9e4ad20c5","2a1d8aca95b935951cb371014dc53250bca5ead96b6750c991b6e3b51a154b04","278bee47cd45eccaf00a839b10f2e01146092ada4f32ea3a0afa4a9b2b55b53f","MFCL quarterly dependent-variable gradients; log-scale delta method"
2015,1,2015,"depletion",0.175012128805548,0.0348469759690796,0.170946621169093,0.179174323654824,0.16736835172307,0.183005000131262,0.163458062851043,0.18738289622924,"21dcaea9db8c89ddc8c29fa3c3a5e514b50bef6e26587c168c00c05f35fbebc3","e289a150c45930c2f4f164fb43432d5c034d8caec7bda7ce664caca9e4ad20c5","2a1d8aca95b935951cb371014dc53250bca5ead96b6750c991b6e3b51a154b04","278bee47cd45eccaf00a839b10f2e01146092ada4f32ea3a0afa4a9b2b55b53f","MFCL quarterly dependent-variable gradients; log-scale delta method"
2015,2,2015.25,"depletion",0.17634728816347,0.0348055809871359,0.172255574352186,0.180536195473288,0.168654143894527,0.184391354546605,0.164718440284712,0.188797113358146,"21dcaea9db8c89ddc8c29fa3c3a5e514b50bef6e26587c168c00c05f35fbebc3","e289a150c45930c2f4f164fb43432d5c034d8caec7bda7ce664caca9e4ad20c5","2a1d8aca95b935951cb371014dc53250bca5ead96b6750c991b6e3b51a154b04","278bee47cd45eccaf00a839b10f2e01146092ada4f32ea3a0afa4a9b2b55b53f","MFCL quarterly dependent-variable gradients; log-scale delta method"
2015,3,2015.5,"depletion",0.177408552501673,0.0347629587383345,0.173297196532126,0.18161744754425,0.169678378635874,0.185490896092784,0.16572356544611,0.189917435194052,"21dcaea9db8c89ddc8c29fa3c3a5e514b50bef6e26587c168c00c05f35fbebc3","e289a150c45930c2f4f164fb43432d5c034d8caec7bda7ce664caca9e4ad20c5","2a1d8aca95b935951cb371014dc53250bca5ead96b6750c991b6e3b51a154b04","278bee47cd45eccaf00a839b10f2e01146092ada4f32ea3a0afa4a9b2b55b53f","MFCL quarterly dependent-variable gradients; log-scale delta method"
2015,4,2015.75,"depletion",0.17964007738221,0.0345294434451791,0.17550464737041,0.183872950861398,0.171864094577616,0.187767884159845,0.167884931540378,0.19221830753837,"21dcaea9db8c89ddc8c29fa3c3a5e514b50bef6e26587c168c00c05f35fbebc3","e289a150c45930c2f4f164fb43432d5c034d8caec7bda7ce664caca9e4ad20c5","2a1d8aca95b935951cb371014dc53250bca5ead96b6750c991b6e3b51a154b04","278bee47cd45eccaf00a839b10f2e01146092ada4f32ea3a0afa4a9b2b55b53f","MFCL quarterly dependent-variable gradients; log-scale delta method"
2016,1,2016,"depletion",0.178529754460231,0.0349310069304317,0.174372649487558,0.182785966269926,0.170713957440265,0.18670338211088,0.166715999583218,0.191180650371356,"21dcaea9db8c89ddc8c29fa3c3a5e514b50bef6e26587c168c00c05f35fbebc3","e289a150c45930c2f4f164fb43432d5c034d8caec7bda7ce664caca9e4ad20c5","2a1d8aca95b935951cb371014dc53250bca5ead96b6750c991b6e3b51a154b04","278bee47cd45eccaf00a839b10f2e01146092ada4f32ea3a0afa4a9b2b55b53f","MFCL quarterly dependent-variable gradients; log-scale delta method"
2016,2,2016.25,"depletion",0.17822651170702,0.0351493611057697,0.174050832123362,0.182502370645023,0.170376306817458,0.186438420157125,0.166361610748659,0.190937616751276,"21dcaea9db8c89ddc8c29fa3c3a5e514b50bef6e26587c168c00c05f35fbebc3","e289a150c45930c2f4f164fb43432d5c034d8caec7bda7ce664caca9e4ad20c5","2a1d8aca95b935951cb371014dc53250bca5ead96b6750c991b6e3b51a154b04","278bee47cd45eccaf00a839b10f2e01146092ada4f32ea3a0afa4a9b2b55b53f","MFCL quarterly dependent-variable gradients; log-scale delta method"
2016,3,2016.5,"depletion",0.177532781963664,0.0353707136052762,0.173347473107121,0.181819141097495,0.169664996765407,0.18576541580546,0.165642185722167,0.190276942642033,"21dcaea9db8c89ddc8c29fa3c3a5e514b50bef6e26587c168c00c05f35fbebc3","e289a150c45930c2f4f164fb43432d5c034d8caec7bda7ce664caca9e4ad20c5","2a1d8aca95b935951cb371014dc53250bca5ead96b6750c991b6e3b51a154b04","278bee47cd45eccaf00a839b10f2e01146092ada4f32ea3a0afa4a9b2b55b53f","MFCL quarterly dependent-variable gradients; log-scale delta method"
2016,4,2016.75,"depletion",0.178066180006571,0.0354079307779827,0.173863931878939,0.182369995429589,0.170166639597289,0.186332435882677,0.166127739898429,0.190862552404063,"21dcaea9db8c89ddc8c29fa3c3a5e514b50bef6e26587c168c00c05f35fbebc3","e289a150c45930c2f4f164fb43432d5c034d8caec7bda7ce664caca9e4ad20c5","2a1d8aca95b935951cb371014dc53250bca5ead96b6750c991b6e3b51a154b04","278bee47cd45eccaf00a839b10f2e01146092ada4f32ea3a0afa4a9b2b55b53f","MFCL quarterly dependent-variable gradients; log-scale delta method"
2017,1,2017,"depletion",0.175082147659908,0.0360251704250663,0.170879165254868,0.179388507566065,0.167182689806383,0.183354858476714,0.163146283382999,0.187891245779982,"21dcaea9db8c89ddc8c29fa3c3a5e514b50bef6e26587c168c00c05f35fbebc3","e289a150c45930c2f4f164fb43432d5c034d8caec7bda7ce664caca9e4ad20c5","2a1d8aca95b935951cb371014dc53250bca5ead96b6750c991b6e3b51a154b04","278bee47cd45eccaf00a839b10f2e01146092ada4f32ea3a0afa4a9b2b55b53f","MFCL quarterly dependent-variable gradients; log-scale delta method"
2017,2,2017.25,"depletion",0.175012128805548,0.0361427191317643,0.170797284989745,0.179330984276996,0.167090656880492,0.183309143676157,0.163043469806287,0.187859380479577,"21dcaea9db8c89ddc8c29fa3c3a5e514b50bef6e26587c168c00c05f35fbebc3","e289a150c45930c2f4f164fb43432d5c034d8caec7bda7ce664caca9e4ad20c5","2a1d8aca95b935951cb371014dc53250bca5ead96b6750c991b6e3b51a154b04","278bee47cd45eccaf00a839b10f2e01146092ada4f32ea3a0afa4a9b2b55b53f","MFCL quarterly dependent-variable gradients; log-scale delta method"
2017,3,2017.5,"depletion",0.176012546421315,0.0359816323675695,0.171792273847507,0.180336494790304,0.168080488298974,0.184318934406051,0.164027250472194,0.188873595140628,"21dcaea9db8c89ddc8c29fa3c3a5e514b50bef6e26587c168c00c05f35fbebc3","e289a150c45930c2f4f164fb43432d5c034d8caec7bda7ce664caca9e4ad20c5","2a1d8aca95b935951cb371014dc53250bca5ead96b6750c991b6e3b51a154b04","278bee47cd45eccaf00a839b10f2e01146092ada4f32ea3a0afa4a9b2b55b53f","MFCL quarterly dependent-variable gradients; log-scale delta method"
2017,4,2017.75,"depletion",0.1767710299418,0.0359505100694336,0.172536192908521,0.181109809483581,0.168811523417058,0.185105829235867,0.164744135109436,0.189675929925683,"21dcaea9db8c89ddc8c29fa3c3a5e514b50bef6e26587c168c00c05f35fbebc3","e289a150c45930c2f4f164fb43432d5c034d8caec7bda7ce664caca9e4ad20c5","2a1d8aca95b935951cb371014dc53250bca5ead96b6750c991b6e3b51a154b04","278bee47cd45eccaf00a839b10f2e01146092ada4f32ea3a0afa4a9b2b55b53f","MFCL quarterly dependent-variable gradients; log-scale delta method"
2018,1,2018,"depletion",0.176559031930116,0.0361263572914835,0.172308835381685,0.180914064488031,0.168571078083711,0.184925505077564,0.164489858820619,0.189513760785064,"21dcaea9db8c89ddc8c29fa3c3a5e514b50bef6e26587c168c00c05f35fbebc3","e289a150c45930c2f4f164fb43432d5c034d8caec7bda7ce664caca9e4ad20c5","2a1d8aca95b935951cb371014dc53250bca5ead96b6750c991b6e3b51a154b04","278bee47cd45eccaf00a839b10f2e01146092ada4f32ea3a0afa4a9b2b55b53f","MFCL quarterly dependent-variable gradients; log-scale delta method"
2018,2,2018.25,"depletion",0.175678440084645,0.0365106658653823,0.171405005453476,0.180058419116303,0.167647737590426,0.184093831233048,0.163546227738225,0.188710646142044,"21dcaea9db8c89ddc8c29fa3c3a5e514b50bef6e26587c168c00c05f35fbebc3","e289a150c45930c2f4f164fb43432d5c034d8caec7bda7ce664caca9e4ad20c5","2a1d8aca95b935951cb371014dc53250bca5ead96b6750c991b6e3b51a154b04","278bee47cd45eccaf00a839b10f2e01146092ada4f32ea3a0afa4a9b2b55b53f","MFCL quarterly dependent-variable gradients; log-scale delta method"
2018,3,2018.5,"depletion",0.17530990246041,0.0368608807015219,0.171005033675076,0.179723141712161,0.167220978054219,0.183790109699715,0.1630911554478,0.188444074826089,"21dcaea9db8c89ddc8c29fa3c3a5e514b50bef6e26587c168c00c05f35fbebc3","e289a150c45930c2f4f164fb43432d5c034d8caec7bda7ce664caca9e4ad20c5","2a1d8aca95b935951cb371014dc53250bca5ead96b6750c991b6e3b51a154b04","278bee47cd45eccaf00a839b10f2e01146092ada4f32ea3a0afa4a9b2b55b53f","MFCL quarterly dependent-variable gradients; log-scale delta method"
2018,4,2018.75,"depletion",0.176188647003353,0.0370821350061077,0.171836554244675,0.180650964920254,0.168011530472227,0.184763743569394,0.163837589611707,0.189470800970901,"21dcaea9db8c89ddc8c29fa3c3a5e514b50bef6e26587c168c00c05f35fbebc3","e289a150c45930c2f4f164fb43432d5c034d8caec7bda7ce664caca9e4ad20c5","2a1d8aca95b935951cb371014dc53250bca5ead96b6750c991b6e3b51a154b04","278bee47cd45eccaf00a839b10f2e01146092ada4f32ea3a0afa4a9b2b55b53f","MFCL quarterly dependent-variable gradients; log-scale delta method"
2019,1,2019,"depletion",0.174837204153645,0.037847941446924,0.170430438887303,0.179357913737913,0.166559264722758,0.183526554389783,0.16233704146555,0.188299895577131,"21dcaea9db8c89ddc8c29fa3c3a5e514b50bef6e26587c168c00c05f35fbebc3","e289a150c45930c2f4f164fb43432d5c034d8caec7bda7ce664caca9e4ad20c5","2a1d8aca95b935951cb371014dc53250bca5ead96b6750c991b6e3b51a154b04","278bee47cd45eccaf00a839b10f2e01146092ada4f32ea3a0afa4a9b2b55b53f","MFCL quarterly dependent-variable gradients; log-scale delta method"
2019,2,2019.25,"depletion",0.174156666967539,0.0385322030142499,0.169688720544228,0.178742255536879,0.165765522355593,0.182972576071511,0.16148843800978,0.187818676203962,"21dcaea9db8c89ddc8c29fa3c3a5e514b50bef6e26587c168c00c05f35fbebc3","e289a150c45930c2f4f164fb43432d5c034d8caec7bda7ce664caca9e4ad20c5","2a1d8aca95b935951cb371014dc53250bca5ead96b6750c991b6e3b51a154b04","278bee47cd45eccaf00a839b10f2e01146092ada4f32ea3a0afa4a9b2b55b53f","MFCL quarterly dependent-variable gradients; log-scale delta method"
2019,3,2019.5,"depletion",0.175012128805548,0.0387669136902776,0.170495242490256,0.179648679820496,0.166529668052893,0.183926657557027,0.162207036822702,0.188828091733953,"21dcaea9db8c89ddc8c29fa3c3a5e514b50bef6e26587c168c00c05f35fbebc3","e289a150c45930c2f4f164fb43432d5c034d8caec7bda7ce664caca9e4ad20c5","2a1d8aca95b935951cb371014dc53250bca5ead96b6750c991b6e3b51a154b04","278bee47cd45eccaf00a839b10f2e01146092ada4f32ea3a0afa4a9b2b55b53f","MFCL quarterly dependent-variable gradients; log-scale delta method"
2019,4,2019.75,"depletion",0.176824069206274,0.0387410943323913,0.172263418461706,0.18150546256352,0.168259355021432,0.185824743276132,0.163894696874982,0.190773417607986,"21dcaea9db8c89ddc8c29fa3c3a5e514b50bef6e26587c168c00c05f35fbebc3","e289a150c45930c2f4f164fb43432d5c034d8caec7bda7ce664caca9e4ad20c5","2a1d8aca95b935951cb371014dc53250bca5ead96b6750c991b6e3b51a154b04","278bee47cd45eccaf00a839b10f2e01146092ada4f32ea3a0afa4a9b2b55b53f","MFCL quarterly dependent-variable gradients; log-scale delta method"
2020,1,2020,"depletion",0.177373074339108,0.0388767294875533,0.172782455997192,0.182085659790701,0.16875243266547,0.186434097592385,0.164359859527257,0.191416612249471,"21dcaea9db8c89ddc8c29fa3c3a5e514b50bef6e26587c168c00c05f35fbebc3","e289a150c45930c2f4f164fb43432d5c034d8caec7bda7ce664caca9e4ad20c5","2a1d8aca95b935951cb371014dc53250bca5ead96b6750c991b6e3b51a154b04","278bee47cd45eccaf00a839b10f2e01146092ada4f32ea3a0afa4a9b2b55b53f","MFCL quarterly dependent-variable gradients; log-scale delta method"
2020,2,2020.25,"depletion",0.177390812533437,0.0391018377322502,0.172773500361052,0.182131520780178,0.168720627884243,0.186506539039568,0.16430378884348,0.191520235733881,"21dcaea9db8c89ddc8c29fa3c3a5e514b50bef6e26587c168c00c05f35fbebc3","e289a150c45930c2f4f164fb43432d5c034d8caec7bda7ce664caca9e4ad20c5","2a1d8aca95b935951cb371014dc53250bca5ead96b6750c991b6e3b51a154b04","278bee47cd45eccaf00a839b10f2e01146092ada4f32ea3a0afa4a9b2b55b53f","MFCL quarterly dependent-variable gradients; log-scale delta method"
2020,3,2020.5,"depletion",0.177977169171131,0.0392121604189661,0.173331696344514,0.182747145583866,0.169254394060621,0.187149485376576,0.164811246225229,0.192194849997563,"21dcaea9db8c89ddc8c29fa3c3a5e514b50bef6e26587c168c00c05f35fbebc3","e289a150c45930c2f4f164fb43432d5c034d8caec7bda7ce664caca9e4ad20c5","2a1d8aca95b935951cb371014dc53250bca5ead96b6750c991b6e3b51a154b04","278bee47cd45eccaf00a839b10f2e01146092ada4f32ea3a0afa4a9b2b55b53f","MFCL quarterly dependent-variable gradients; log-scale delta method"
2020,4,2020.75,"depletion",0.182099871118511,0.0386194452459625,0.177417703474954,0.186905604186561,0.173306632620355,0.191339261285051,0.16882498003412,0.196418581270832,"21dcaea9db8c89ddc8c29fa3c3a5e514b50bef6e26587c168c00c05f35fbebc3","e289a150c45930c2f4f164fb43432d5c034d8caec7bda7ce664caca9e4ad20c5","2a1d8aca95b935951cb371014dc53250bca5ead96b6750c991b6e3b51a154b04","278bee47cd45eccaf00a839b10f2e01146092ada4f32ea3a0afa4a9b2b55b53f","MFCL quarterly dependent-variable gradients; log-scale delta method"
2021,1,2021,"depletion",0.184242952187711,0.0383506880468863,0.179538224116343,0.189070965795262,0.175406632830429,0.193524411723127,0.170901832315261,0.198625520692046,"21dcaea9db8c89ddc8c29fa3c3a5e514b50bef6e26587c168c00c05f35fbebc3","e289a150c45930c2f4f164fb43432d5c034d8caec7bda7ce664caca9e4ad20c5","2a1d8aca95b935951cb371014dc53250bca5ead96b6750c991b6e3b51a154b04","278bee47cd45eccaf00a839b10f2e01146092ada4f32ea3a0afa4a9b2b55b53f","MFCL quarterly dependent-variable gradients; log-scale delta method"
2021,2,2021.25,"depletion",0.184778032240129,0.0384058520644618,0.180052941198789,0.189627122840712,0.175903614324676,0.194100168604351,0.171379636486138,0.199223909552964,"21dcaea9db8c89ddc8c29fa3c3a5e514b50bef6e26587c168c00c05f35fbebc3","e289a150c45930c2f4f164fb43432d5c034d8caec7bda7ce664caca9e4ad20c5","2a1d8aca95b935951cb371014dc53250bca5ead96b6750c991b6e3b51a154b04","278bee47cd45eccaf00a839b10f2e01146092ada4f32ea3a0afa4a9b2b55b53f","MFCL quarterly dependent-variable gradients; log-scale delta method"
2021,3,2021.5,"depletion",0.184704135807505,0.0386440241810585,0.179952023772384,0.189581740006154,0.175779605577801,0.194081774573659,0.171231147479205,0.199237219902065,"21dcaea9db8c89ddc8c29fa3c3a5e514b50bef6e26587c168c00c05f35fbebc3","e289a150c45930c2f4f164fb43432d5c034d8caec7bda7ce664caca9e4ad20c5","2a1d8aca95b935951cb371014dc53250bca5ead96b6750c991b6e3b51a154b04","278bee47cd45eccaf00a839b10f2e01146092ada4f32ea3a0afa4a9b2b55b53f","MFCL quarterly dependent-variable gradients; log-scale delta method"
2021,4,2021.75,"depletion",0.187608112451519,0.0382311813761445,0.182832190255386,0.192508790757566,0.178637756493089,0.197028917898347,0.174064085764792,0.202206007649287,"21dcaea9db8c89ddc8c29fa3c3a5e514b50bef6e26587c168c00c05f35fbebc3","e289a150c45930c2f4f164fb43432d5c034d8caec7bda7ce664caca9e4ad20c5","2a1d8aca95b935951cb371014dc53250bca5ead96b6750c991b6e3b51a154b04","278bee47cd45eccaf00a839b10f2e01146092ada4f32ea3a0afa4a9b2b55b53f","MFCL quarterly dependent-variable gradients; log-scale delta method"
2022,1,2022,"depletion",0.189077177634702,0.037928980460503,0.184301420175264,0.193976688124853,0.180106318471165,0.198494863510456,0.175531031213866,0.203668712335808,"21dcaea9db8c89ddc8c29fa3c3a5e514b50bef6e26587c168c00c05f35fbebc3","e289a150c45930c2f4f164fb43432d5c034d8caec7bda7ce664caca9e4ad20c5","2a1d8aca95b935951cb371014dc53250bca5ead96b6750c991b6e3b51a154b04","278bee47cd45eccaf00a839b10f2e01146092ada4f32ea3a0afa4a9b2b55b53f","MFCL quarterly dependent-variable gradients; log-scale delta method"
2022,2,2022.25,"depletion",0.188284718817066,0.0379621043593175,0.183524877166585,0.193168010175769,0.179343844944687,0.197671324326495,0.17478399926753,0.202828265107719,"21dcaea9db8c89ddc8c29fa3c3a5e514b50bef6e26587c168c00c05f35fbebc3","e289a150c45930c2f4f164fb43432d5c034d8caec7bda7ce664caca9e4ad20c5","2a1d8aca95b935951cb371014dc53250bca5ead96b6750c991b6e3b51a154b04","278bee47cd45eccaf00a839b10f2e01146092ada4f32ea3a0afa4a9b2b55b53f","MFCL quarterly dependent-variable gradients; log-scale delta method"
2022,3,2022.5,"depletion",0.187833377318348,0.0379233802577565,0.183089727650345,0.192699929633384,0.178922814984356,0.19718769592297,0.174378255076175,0.202326704206351,"21dcaea9db8c89ddc8c29fa3c3a5e514b50bef6e26587c168c00c05f35fbebc3","e289a150c45930c2f4f164fb43432d5c034d8caec7bda7ce664caca9e4ad20c5","2a1d8aca95b935951cb371014dc53250bca5ead96b6750c991b6e3b51a154b04","278bee47cd45eccaf00a839b10f2e01146092ada4f32ea3a0afa4a9b2b55b53f","MFCL quarterly dependent-variable gradients; log-scale delta method"
2022,4,2022.75,"depletion",0.189285276963747,0.0376171602287084,0.184543072215379,0.194149342184066,0.180376610991452,0.198633935288541,0.175831649394546,0.203768298816594,"21dcaea9db8c89ddc8c29fa3c3a5e514b50bef6e26587c168c00c05f35fbebc3","e289a150c45930c2f4f164fb43432d5c034d8caec7bda7ce664caca9e4ad20c5","2a1d8aca95b935951cb371014dc53250bca5ead96b6750c991b6e3b51a154b04","278bee47cd45eccaf00a839b10f2e01146092ada4f32ea3a0afa4a9b2b55b53f","MFCL quarterly dependent-variable gradients; log-scale delta method"
2023,1,2023,"depletion",0.187608112451518,0.0379805345221283,0.182863102246893,0.192476248216003,0.178695147170698,0.196965639050062,0.174149617287192,0.202106696562979,"21dcaea9db8c89ddc8c29fa3c3a5e514b50bef6e26587c168c00c05f35fbebc3","e289a150c45930c2f4f164fb43432d5c034d8caec7bda7ce664caca9e4ad20c5","2a1d8aca95b935951cb371014dc53250bca5ead96b6750c991b6e3b51a154b04","278bee47cd45eccaf00a839b10f2e01146092ada4f32ea3a0afa4a9b2b55b53f","MFCL quarterly dependent-variable gradients; log-scale delta method"
2023,2,2023.25,"depletion",0.184814991542385,0.0386793454034369,0.180055737721066,0.189700042504202,0.175877143558493,0.194207049351197,0.171322056246144,0.199370599718567,"21dcaea9db8c89ddc8c29fa3c3a5e514b50bef6e26587c168c00c05f35fbebc3","e289a150c45930c2f4f164fb43432d5c034d8caec7bda7ce664caca9e4ad20c5","2a1d8aca95b935951cb371014dc53250bca5ead96b6750c991b6e3b51a154b04","278bee47cd45eccaf00a839b10f2e01146092ada4f32ea3a0afa4a9b2b55b53f","MFCL quarterly dependent-variable gradients; log-scale delta method"
2023,3,2023.5,"depletion",0.181481782902101,0.039499239633204,0.17671061422542,0.186381772649555,0.172523760082069,0.190904936860047,0.16796207197882,0.196089731076184,"21dcaea9db8c89ddc8c29fa3c3a5e514b50bef6e26587c168c00c05f35fbebc3","e289a150c45930c2f4f164fb43432d5c034d8caec7bda7ce664caca9e4ad20c5","2a1d8aca95b935951cb371014dc53250bca5ead96b6750c991b6e3b51a154b04","278bee47cd45eccaf00a839b10f2e01146092ada4f32ea3a0afa4a9b2b55b53f","MFCL quarterly dependent-variable gradients; log-scale delta method"
2023,4,2023.75,"depletion",0.178922952279054,0.0402310913936562,0.174133077514903,0.183844582023842,0.169931779733283,0.188389852107119,0.165356506545356,0.193602438277635,"21dcaea9db8c89ddc8c29fa3c3a5e514b50bef6e26587c168c00c05f35fbebc3","e289a150c45930c2f4f164fb43432d5c034d8caec7bda7ce664caca9e4ad20c5","2a1d8aca95b935951cb371014dc53250bca5ead96b6750c991b6e3b51a154b04","278bee47cd45eccaf00a839b10f2e01146092ada4f32ea3a0afa4a9b2b55b53f","MFCL quarterly dependent-variable gradients; log-scale delta method"
2024,1,2024,"depletion",0.174418097992241,0.0415750441324689,0.169595016291243,0.17937834243306,0.165368235250972,0.183963219182096,0.160769182912983,0.189225772974768,"21dcaea9db8c89ddc8c29fa3c3a5e514b50bef6e26587c168c00c05f35fbebc3","e289a150c45930c2f4f164fb43432d5c034d8caec7bda7ce664caca9e4ad20c5","2a1d8aca95b935951cb371014dc53250bca5ead96b6750c991b6e3b51a154b04","278bee47cd45eccaf00a839b10f2e01146092ada4f32ea3a0afa4a9b2b55b53f","MFCL quarterly dependent-variable gradients; log-scale delta method"
2024,2,2024.25,"depletion",0.164145836393724,0.0449578364455064,0.159243054407997,0.169199565441406,0.154955734661226,0.173880983910029,0.150300938170594,0.179266050720279,"21dcaea9db8c89ddc8c29fa3c3a5e514b50bef6e26587c168c00c05f35fbebc3","e289a150c45930c2f4f164fb43432d5c034d8caec7bda7ce664caca9e4ad20c5","2a1d8aca95b935951cb371014dc53250bca5ead96b6750c991b6e3b51a154b04","278bee47cd45eccaf00a839b10f2e01146092ada4f32ea3a0afa4a9b2b55b53f","MFCL quarterly dependent-variable gradients; log-scale delta method"
2024,3,2024.5,"depletion",0.156609473870183,0.0478249102608786,0.151638267759299,0.161743652630134,0.147299096596653,0.166508334895332,0.142596673084805,0.171999295462587,"21dcaea9db8c89ddc8c29fa3c3a5e514b50bef6e26587c168c00c05f35fbebc3","e289a150c45930c2f4f164fb43432d5c034d8caec7bda7ce664caca9e4ad20c5","2a1d8aca95b935951cb371014dc53250bca5ead96b6750c991b6e3b51a154b04","278bee47cd45eccaf00a839b10f2e01146092ada4f32ea3a0afa4a9b2b55b53f","MFCL quarterly dependent-variable gradients; log-scale delta method"
2024,4,2024.75,"depletion",0.151343982975514,0.0505227648545574,0.146273505115444,0.156590225720067,0.141855332146999,0.161467326157027,0.137075583690952,0.167097600944994,"21dcaea9db8c89ddc8c29fa3c3a5e514b50bef6e26587c168c00c05f35fbebc3","e289a150c45930c2f4f164fb43432d5c034d8caec7bda7ce664caca9e4ad20c5","2a1d8aca95b935951cb371014dc53250bca5ead96b6750c991b6e3b51a154b04","278bee47cd45eccaf00a839b10f2e01146092ada4f32ea3a0afa4a9b2b55b53f","MFCL quarterly dependent-variable gradients; log-scale delta method"
1952,1,1952,"spawning_potential",1274.47478837019,0.0549630137197995,1228.09252583746,1322.60880350495,1187.79212511915,1367.48337679736,1144.31778180431,1419.4361147042,"21dcaea9db8c89ddc8c29fa3c3a5e514b50bef6e26587c168c00c05f35fbebc3","e289a150c45930c2f4f164fb43432d5c034d8caec7bda7ce664caca9e4ad20c5","2a1d8aca95b935951cb371014dc53250bca5ead96b6750c991b6e3b51a154b04","278bee47cd45eccaf00a839b10f2e01146092ada4f32ea3a0afa4a9b2b55b53f","MFCL quarterly dependent-variable gradients; log-scale delta method"
1952,2,1952.25,"spawning_potential",1276.64323817052,0.0552533124338168,1229.94120835008,1325.11858819076,1189.37052193333,1370.31978471874,1145.61276598743,1422.66043636632,"21dcaea9db8c89ddc8c29fa3c3a5e514b50bef6e26587c168c00c05f35fbebc3","e289a150c45930c2f4f164fb43432d5c034d8caec7bda7ce664caca9e4ad20c5","2a1d8aca95b935951cb371014dc53250bca5ead96b6750c991b6e3b51a154b04","278bee47cd45eccaf00a839b10f2e01146092ada4f32ea3a0afa4a9b2b55b53f","MFCL quarterly dependent-variable gradients; log-scale delta method"
1952,3,1952.5,"spawning_potential",1280.09483246903,0.0554571757032351,1233.09696974998,1328.88395666577,1192.2746255989,1374.38367380401,1148.25120769229,1427.0769054162,"21dcaea9db8c89ddc8c29fa3c3a5e514b50bef6e26587c168c00c05f35fbebc3","e289a150c45930c2f4f164fb43432d5c034d8caec7bda7ce664caca9e4ad20c5","2a1d8aca95b935951cb371014dc53250bca5ead96b6750c991b6e3b51a154b04","278bee47cd45eccaf00a839b10f2e01146092ada4f32ea3a0afa4a9b2b55b53f","MFCL quarterly dependent-variable gradients; log-scale delta method"
1952,4,1952.75,"spawning_potential",1285.61109170638,0.0555349155091128,1238.34576906488,1334.68044257667,1197.29315553419,1380.44377141791,1153.02362231141,1433.44494174818,"21dcaea9db8c89ddc8c29fa3c3a5e514b50bef6e26587c168c00c05f35fbebc3","e289a150c45930c2f4f164fb43432d5c034d8caec7bda7ce664caca9e4ad20c5","2a1d8aca95b935951cb371014dc53250bca5ead96b6750c991b6e3b51a154b04","278bee47cd45eccaf00a839b10f2e01146092ada4f32ea3a0afa4a9b2b55b53f","MFCL quarterly dependent-variable gradients; log-scale delta method"
1953,1,1953,"spawning_potential",1281.63186830505,0.0560231102724163,1234.10640490151,1330.98753829594,1192.84076333506,1377.03228825164,1148.35546057507,1430.37613548033,"21dcaea9db8c89ddc8c29fa3c3a5e514b50bef6e26587c168c00c05f35fbebc3","e289a150c45930c2f4f164fb43432d5c034d8caec7bda7ce664caca9e4ad20c5","2a1d8aca95b935951cb371014dc53250bca5ead96b6750c991b6e3b51a154b04","278bee47cd45eccaf00a839b10f2e01146092ada4f32ea3a0afa4a9b2b55b53f","MFCL quarterly dependent-variable gradients; log-scale delta method"
1953,2,1953.25,"spawning_potential",1277.2817193966,0.0565298782677145,1229.49724212157,1326.92334298334,1188.02018205692,1373.24989536801,1143.3215171458,1426.93771282947,"21dcaea9db8c89ddc8c29fa3c3a5e514b50bef6e26587c168c00c05f35fbebc3","e289a150c45930c2f4f164fb43432d5c034d8caec7bda7ce664caca9e4ad20c5","2a1d8aca95b935951cb371014dc53250bca5ead96b6750c991b6e3b51a154b04","278bee47cd45eccaf00a839b10f2e01146092ada4f32ea3a0afa4a9b2b55b53f","MFCL quarterly dependent-variable gradients; log-scale delta method"
1953,3,1953.5,"spawning_potential",1280.7350399238,0.0566351842666487,1232.73380872795,1330.60538364013,1191.07141881099,1377.14852072099,1146.17606587192,1431.09099145323,"21dcaea9db8c89ddc8c29fa3c3a5e514b50bef6e26587c168c00c05f35fbebc3","e289a150c45930c2f4f164fb43432d5c034d8caec7bda7ce664caca9e4ad20c5","2a1d8aca95b935951cb371014dc53250bca5ead96b6750c991b6e3b51a154b04","278bee47cd45eccaf00a839b10f2e01146092ada4f32ea3a0afa4a9b2b55b53f","MFCL quarterly dependent-variable gradients; log-scale delta method"
1953,4,1953.75,"spawning_potential",1283.68412065841,0.0567343363011076,1235.48973092224,1333.75849299898,1193.66234941918,1380.49501388091,1148.59207212434,1434.66506658263,"21dcaea9db8c89ddc8c29fa3c3a5e514b50bef6e26587c168c00c05f35fbebc3","e289a150c45930c2f4f164fb43432d5c034d8caec7bda7ce664caca9e4ad20c5","2a1d8aca95b935951cb371014dc53250bca5ead96b6750c991b6e3b51a154b04","278bee47cd45eccaf00a839b10f2e01146092ada4f32ea3a0afa4a9b2b55b53f","MFCL quarterly dependent-variable gradients; log-scale delta method"
1954,1,1954,"spawning_potential",1282.91414120295,0.0569949699132654,1234.53161623534,1333.19282556532,1192.54797089046,1380.12787231491,1147.31688711904,1434.53714677848,"21dcaea9db8c89ddc8c29fa3c3a5e514b50bef6e26587c168c00c05f35fbebc3","e289a150c45930c2f4f164fb43432d5c034d8caec7bda7ce664caca9e4ad20c5","2a1d8aca95b935951cb371014dc53250bca5ead96b6750c991b6e3b51a154b04","278bee47cd45eccaf00a839b10f2e01146092ada4f32ea3a0afa4a9b2b55b53f","MFCL quarterly dependent-variable gradients; log-scale delta method"
1954,2,1954.25,"spawning_potential",1283.04243903186,0.0571912888440758,1234.49159940997,1333.50271572817,1192.36720286682,1380.61320069761,1146.99020299013,1435.23274746836,"21dcaea9db8c89ddc8c29fa3c3a5e514b50bef6e26587c168c00c05f35fbebc3","e289a150c45930c2f4f164fb43432d5c034d8caec7bda7ce664caca9e4ad20c5","2a1d8aca95b935951cb371014dc53250bca5ead96b6750c991b6e3b51a154b04","278bee47cd45eccaf00a839b10f2e01146092ada4f32ea3a0afa4a9b2b55b53f","MFCL quarterly dependent-variable gradients; log-scale delta method"
1954,3,1954.5,"spawning_potential",1285.73965924382,0.0571309872906002,1237.13707250954,1336.25166368916,1194.96614788224,1383.40862147612,1149.53726778689,1438.07992805229,"21dcaea9db8c89ddc8c29fa3c3a5e514b50bef6e26587c168c00c05f35fbebc3","e289a150c45930c2f4f164fb43432d5c034d8caec7bda7ce664caca9e4ad20c5","2a1d8aca95b935951cb371014dc53250bca5ead96b6750c991b6e3b51a154b04","278bee47cd45eccaf00a839b10f2e01146092ada4f32ea3a0afa4a9b2b55b53f","MFCL quarterly dependent-variable gradients; log-scale delta method"
1954,4,1954.75,"spawning_potential",1290.76383468885,0.0566722357436291,1242.35568198646,1341.0582018482,1200.34110505446,1387.99818645307,1155.06731316572,1442.40189117154,"21dcaea9db8c89ddc8c29fa3c3a5e514b50bef6e26587c168c00c05f35fbebc3","e289a150c45930c2f4f164fb43432d5c034d8caec7bda7ce664caca9e4ad20c5","2a1d8aca95b935951cb371014dc53250bca5ead96b6750c991b6e3b51a154b04","278bee47cd45eccaf00a839b10f2e01146092ada4f32ea3a0afa4a9b2b55b53f","MFCL quarterly dependent-variable gradients; log-scale delta method"
1955,1,1955,"spawning_potential",1293.34794560777,0.055635243315024,1245.7138781445,1342.80346213965,1204.34365016217,1388.92990234357,1159.73448872037,1442.35506029792,"21dcaea9db8c89ddc8c29fa3c3a5e514b50bef6e26587c168c00c05f35fbebc3","e289a150c45930c2f4f164fb43432d5c034d8caec7bda7ce664caca9e4ad20c5","2a1d8aca95b935951cb371014dc53250bca5ead96b6750c991b6e3b51a154b04","278bee47cd45eccaf00a839b10f2e01146092ada4f32ea3a0afa4a9b2b55b53f","MFCL quarterly dependent-variable gradients; log-scale delta method"
1955,2,1955.25,"spawning_potential",1291.15112192943,0.0542308395582974,1244.776527258,1339.25341870952,1204.4638687267,1384.07739986587,1160.95584563215,1435.94713436487,"21dcaea9db8c89ddc8c29fa3c3a5e514b50bef6e26587c168c00c05f35fbebc3","e289a150c45930c2f4f164fb43432d5c034d8caec7bda7ce664caca9e4ad20c5","2a1d8aca95b935951cb371014dc53250bca5ead96b6750c991b6e3b51a154b04","278bee47cd45eccaf00a839b10f2e01146092ada4f32ea3a0afa4a9b2b55b53f","MFCL quarterly dependent-variable gradients; log-scale delta method"
1955,3,1955.5,"spawning_potential",1290.89291752635,0.0529438761339953,1245.6083701212,1337.82380119808,1206.21077584489,1381.5201769794,1163.65518502704,1432.04322548605,"21dcaea9db8c89ddc8c29fa3c3a5e514b50bef6e26587c168c00c05f35fbebc3","e289a150c45930c2f4f164fb43432d5c034d8caec7bda7ce664caca9e4ad20c5","2a1d8aca95b935951cb371014dc53250bca5ead96b6750c991b6e3b51a154b04","278bee47cd45eccaf00a839b10f2e01146092ada4f32ea3a0afa4a9b2b55b53f","MFCL quarterly dependent-variable gradients; log-scale delta method"
1955,4,1955.75,"spawning_potential",1290.24763240231,0.0521211228643133,1245.67680403999,1336.41322333424,1206.87968539745,1379.37440911647,1164.95054958165,1429.02113185628,"21dcaea9db8c89ddc8c29fa3c3a5e514b50bef6e26587c168c00c05f35fbebc3","e289a150c45930c2f4f164fb43432d5c034d8caec7bda7ce664caca9e4ad20c5","2a1d8aca95b935951cb371014dc53250bca5ead96b6750c991b6e3b51a154b04","278bee47cd45eccaf00a839b10f2e01146092ada4f32ea3a0afa4a9b2b55b53f","MFCL quarterly dependent-variable gradients; log-scale delta method"
1956,1,1956,"spawning_potential",1285.09695010487,0.0517336944849078,1241.02830773299,1330.73046027904,1202.65879206742,1373.1859626868,1161.18145799918,1422.2360853182,"21dcaea9db8c89ddc8c29fa3c3a5e514b50bef6e26587c168c00c05f35fbebc3","e289a150c45930c2f4f164fb43432d5c034d8caec7bda7ce664caca9e4ad20c5","2a1d8aca95b935951cb371014dc53250bca5ead96b6750c991b6e3b51a154b04","278bee47cd45eccaf00a839b10f2e01146092ada4f32ea3a0afa4a9b2b55b53f","MFCL quarterly dependent-variable gradients; log-scale delta method"
1956,2,1956.25,"spawning_potential",1281.88822031306,0.0513444263561485,1238.25468215461,1327.05931425842,1200.25451852482,1369.07412887478,1159.16618032833,1417.60296087309,"21dcaea9db8c89ddc8c29fa3c3a5e514b50bef6e26587c168c00c05f35fbebc3","e289a150c45930c2f4f164fb43432d5c034d8caec7bda7ce664caca9e4ad20c5","2a1d8aca95b935951cb371014dc53250bca5ead96b6750c991b6e3b51a154b04","278bee47cd45eccaf00a839b10f2e01146092ada4f32ea3a0afa4a9b2b55b53f","MFCL quarterly dependent-variable gradients; log-scale delta method"
1956,3,1956.5,"spawning_potential",1291.53852537362,0.0506138970887367,1248.19138087418,1336.39102791755,1210.4229500179,1378.08999944987,1169.56600914489,1426.23139650224,"21dcaea9db8c89ddc8c29fa3c3a5e514b50bef6e26587c168c00c05f35fbebc3","e289a150c45930c2f4f164fb43432d5c034d8caec7bda7ce664caca9e4ad20c5","2a1d8aca95b935951cb371014dc53250bca5ead96b6750c991b6e3b51a154b04","278bee47cd45eccaf00a839b10f2e01146092ada4f32ea3a0afa4a9b2b55b53f","MFCL quarterly dependent-variable gradients; log-scale delta method"
1956,4,1956.75,"spawning_potential",1305.95446344624,0.0499082151073599,1262.72436788361,1350.66456621382,1225.04087630132,1392.21236906355,1184.25733774085,1440.15747780688,"21dcaea9db8c89ddc8c29fa3c3a5e514b50bef6e26587c168c00c05f35fbebc3","e289a150c45930c2f4f164fb43432d5c034d8caec7bda7ce664caca9e4ad20c5","2a1d8aca95b935951cb371014dc53250bca5ead96b6750c991b6e3b51a154b04","278bee47cd45eccaf00a839b10f2e01146092ada4f32ea3a0afa4a9b2b55b53f","MFCL quarterly dependent-variable gradients; log-scale delta method"
1957,1,1957,"spawning_potential",1317.76110380414,0.0494856258363313,1274.50340395305,1362.48700577271,1236.78563210372,1404.03824367316,1195.95391079575,1451.97428682156,"21dcaea9db8c89ddc8c29fa3c3a5e514b50bef6e26587c168c00c05f35fbebc3","e289a150c45930c2f4f164fb43432d5c034d8caec7bda7ce664caca9e4ad20c5","2a1d8aca95b935951cb371014dc53250bca5ead96b6750c991b6e3b51a154b04","278bee47cd45eccaf00a839b10f2e01146092ada4f32ea3a0afa4a9b2b55b53f","MFCL quarterly dependent-variable gradients; log-scale delta method"
1957,2,1957.25,"spawning_potential",1326.752415122,0.0492728044204445,1283.38377173331,1371.58658992134,1245.56410465716,1413.23273884533,1204.61647825139,1461.27170166829,"21dcaea9db8c89ddc8c29fa3c3a5e514b50bef6e26587c168c00c05f35fbebc3","e289a150c45930c2f4f164fb43432d5c034d8caec7bda7ce664caca9e4ad20c5","2a1d8aca95b935951cb371014dc53250bca5ead96b6750c991b6e3b51a154b04","278bee47cd45eccaf00a839b10f2e01146092ada4f32ea3a0afa4a9b2b55b53f","MFCL quarterly dependent-variable gradients; log-scale delta method"
1957,3,1957.5,"spawning_potential",1340.0864985733,0.0488231278841327,1296.6752179016,1384.95114186313,1258.8074532142,1426.61359294706,1217.79590648879,1474.65746443201,"21dcaea9db8c89ddc8c29fa3c3a5e514b50bef6e26587c168c00c05f35fbebc3","e289a150c45930c2f4f164fb43432d5c034d8caec7bda7ce664caca9e4ad20c5","2a1d8aca95b935951cb371014dc53250bca5ead96b6750c991b6e3b51a154b04","278bee47cd45eccaf00a839b10f2e01146092ada4f32ea3a0afa4a9b2b55b53f","MFCL quarterly dependent-variable gradients; log-scale delta method"
1957,4,1957.75,"spawning_potential",1347.07309778069,0.0484401286437409,1303.77224927336,1391.81205289177,1265.9915388857,1433.34759753738,1225.06420578068,1481.23332818145,"21dcaea9db8c89ddc8c29fa3c3a5e514b50bef6e26587c168c00c05f35fbebc3","e289a150c45930c2f4f164fb43432d5c034d8caec7bda7ce664caca9e4ad20c5","2a1d8aca95b935951cb371014dc53250bca5ead96b6750c991b6e3b51a154b04","278bee47cd45eccaf00a839b10f2e01146092ada4f32ea3a0afa4a9b2b55b53f","MFCL quarterly dependent-variable gradients; log-scale delta method"
1958,1,1958,"spawning_potential",1336.87414734014,0.0484999790636807,1293.84890612787,1381.33013627929,1256.31010813927,1422.60455778191,1215.64639885121,1470.19107490086,"21dcaea9db8c89ddc8c29fa3c3a5e514b50bef6e26587c168c00c05f35fbebc3","e289a150c45930c2f4f164fb43432d5c034d8caec7bda7ce664caca9e4ad20c5","2a1d8aca95b935951cb371014dc53250bca5ead96b6750c991b6e3b51a154b04","278bee47cd45eccaf00a839b10f2e01146092ada4f32ea3a0afa4a9b2b55b53f","MFCL quarterly dependent-variable gradients; log-scale delta method"
1958,2,1958.25,"spawning_potential",1314.2079477431,0.0488775940901616,1271.58827179612,1358.25610240298,1234.41232401545,1399.16176816258,1194.15143747725,1446.33459015874,"21dcaea9db8c89ddc8c29fa3c3a5e514b50bef6e26587c168c00c05f35fbebc3","e289a150c45930c2f4f164fb43432d5c034d8caec7bda7ce664caca9e4ad20c5","2a1d8aca95b935951cb371014dc53250bca5ead96b6750c991b6e3b51a154b04","278bee47cd45eccaf00a839b10f2e01146092ada4f32ea3a0afa4a9b2b55b53f","MFCL quarterly dependent-variable gradients; log-scale delta method"
1958,3,1958.5,"spawning_potential",1299.05121455887,0.0488338632540736,1256.96014520702,1342.55176226684,1220.24425674047,1382.94775716022,1180.48048921873,1429.53151149811,"21dcaea9db8c89ddc8c29fa3c3a5e514b50bef6e26587c168c00c05f35fbebc3","e289a150c45930c2f4f164fb43432d5c034d8caec7bda7ce664caca9e4ad20c5","2a1d8aca95b935951cb371014dc53250bca5ead96b6750c991b6e3b51a154b04","278bee47cd45eccaf00a839b10f2e01146092ada4f32ea3a0afa4a9b2b55b53f","MFCL quarterly dependent-variable gradients; log-scale delta method"
1958,4,1958.75,"spawning_potential",1281.37556756232,0.0487583188058353,1239.92039104058,1324.21674569584,1203.75743814404,1363.99850428106,1164.59060617228,1409.87170636921,"21dcaea9db8c89ddc8c29fa3c3a5e514b50bef6e26587c168c00c05f35fbebc3","e289a150c45930c2f4f164fb43432d5c034d8caec7bda7ce664caca9e4ad20c5","2a1d8aca95b935951cb371014dc53250bca5ead96b6750c991b6e3b51a154b04","278bee47cd45eccaf00a839b10f2e01146092ada4f32ea3a0afa4a9b2b55b53f","MFCL quarterly dependent-variable gradients; log-scale delta method"
1959,1,1959,"spawning_potential",1251.6143061714,0.0490429610546121,1210.88946972615,1293.70880710292,1175.37010330393,1332.80433712702,1136.9073506944,1377.89448758168,"21dcaea9db8c89ddc8c29fa3c3a5e514b50bef6e26587c168c00c05f35fbebc3","e289a150c45930c2f4f164fb43432d5c034d8caec7bda7ce664caca9e4ad20c5","2a1d8aca95b935951cb371014dc53250bca5ead96b6750c991b6e3b51a154b04","278bee47cd45eccaf00a839b10f2e01146092ada4f32ea3a0afa4a9b2b55b53f","MFCL quarterly dependent-variable gradients; log-scale delta method"
1959,2,1959.25,"spawning_potential",1212.68166941765,0.0496147237266522,1172.77125301989,1253.95027167898,1137.9749648256,1292.29278041891,1100.30904621164,1336.53071053523,"21dcaea9db8c89ddc8c29fa3c3a5e514b50bef6e26587c168c00c05f35fbebc3","e289a150c45930c2f4f164fb43432d5c034d8caec7bda7ce664caca9e4ad20c5","2a1d8aca95b935951cb371014dc53250bca5ead96b6750c991b6e3b51a154b04","278bee47cd45eccaf00a839b10f2e01146092ada4f32ea3a0afa4a9b2b55b53f","MFCL quarterly dependent-variable gradients; log-scale delta method"
1959,3,1959.5,"spawning_potential",1184.75282111588,0.0496704578068873,1145.71849685467,1225.11703441589,1111.68725424627,1262.62061724698,1074.85079291334,1305.89218186975,"21dcaea9db8c89ddc8c29fa3c3a5e514b50bef6e26587c168c00c05f35fbebc3","e289a150c45930c2f4f164fb43432d5c034d8caec7bda7ce664caca9e4ad20c5","2a1d8aca95b935951cb371014dc53250bca5ead96b6750c991b6e3b51a154b04","278bee47cd45eccaf00a839b10f2e01146092ada4f32ea3a0afa4a9b2b55b53f","MFCL quarterly dependent-variable gradients; log-scale delta method"
1959,4,1959.75,"spawning_potential",1157.12000429526,0.049636988013189,1119.0213664776,1196.51576319303,1085.80516936186,1233.11874185233,1049.85016527283,1275.35028200172,"21dcaea9db8c89ddc8c29fa3c3a5e514b50bef6e26587c168c00c05f35fbebc3","e289a150c45930c2f4f164fb43432d5c034d8caec7bda7ce664caca9e4ad20c5","2a1d8aca95b935951cb371014dc53250bca5ead96b6750c991b6e3b51a154b04","278bee47cd45eccaf00a839b10f2e01146092ada4f32ea3a0afa4a9b2b55b53f","MFCL quarterly dependent-variable gradients; log-scale delta method"
1960,1,1960,"spawning_potential",1121.46308988403,0.0499056487157396,1084.34195999275,1159.85501656751,1051.98357472296,1195.53146284003,1016.96315666854,1236.70110733632,"21dcaea9db8c89ddc8c29fa3c3a5e514b50bef6e26587c168c00c05f35fbebc3","e289a150c45930c2f4f164fb43432d5c034d8caec7bda7ce664caca9e4ad20c5","2a1d8aca95b935951cb371014dc53250bca5ead96b6750c991b6e3b51a154b04","278bee47cd45eccaf00a839b10f2e01146092ada4f32ea3a0afa4a9b2b55b53f","MFCL quarterly dependent-variable gradients; log-scale delta method"
1960,2,1960.25,"spawning_potential",1085.60144766492,0.0503024611678501,1049.38645896113,1123.06623847509,1017.82598478665,1157.88997410909,983.677824990348,1198.08587042585,"21dcaea9db8c89ddc8c29fa3c3a5e514b50bef6e26587c168c00c05f35fbebc3","e289a150c45930c2f4f164fb43432d5c034d8caec7bda7ce664caca9e4ad20c5","2a1d8aca95b935951cb371014dc53250bca5ead96b6750c991b6e3b51a154b04","278bee47cd45eccaf00a839b10f2e01146092ada4f32ea3a0afa4a9b2b55b53f","MFCL quarterly dependent-variable gradients; log-scale delta method"
1960,3,1960.5,"spawning_potential",1072.33033451962,0.0500891486864108,1036.7072095703,1109.17753413481,1005.65828409674,1143.42253677528,972.059012041203,1182.94499828394,"21dcaea9db8c89ddc8c29fa3c3a5e514b50bef6e26587c168c00c05f35fbebc3","e289a150c45930c2f4f164fb43432d5c034d8caec7bda7ce664caca9e4ad20c5","2a1d8aca95b935951cb371014dc53250bca5ead96b6750c991b6e3b51a154b04","278bee47cd45eccaf00a839b10f2e01146092ada4f32ea3a0afa4a9b2b55b53f","MFCL quarterly dependent-variable gradients; log-scale delta method"
1960,4,1960.75,"spawning_potential",1070.93721081136,0.0497710707363218,1035.58251620642,1107.49891153222,1004.76126842029,1141.47165654942,971.401560078292,1180.67188342581,"21dcaea9db8c89ddc8c29fa3c3a5e514b50bef6e26587c168c00c05f35fbebc3","e289a150c45930c2f4f164fb43432d5c034d8caec7bda7ce664caca9e4ad20c5","2a1d8aca95b935951cb371014dc53250bca5ead96b6750c991b6e3b51a154b04","278bee47cd45eccaf00a839b10f2e01146092ada4f32ea3a0afa4a9b2b55b53f","MFCL quarterly dependent-variable gradients; log-scale delta method"
1961,1,1961,"spawning_potential",1067.83599184095,0.0496901243890715,1032.64005533477,1104.23152731692,1001.9556160784,1138.04812026895,968.742256984899,1177.06613627026,"21dcaea9db8c89ddc8c29fa3c3a5e514b50bef6e26587c168c00c05f35fbebc3","e289a150c45930c2f4f164fb43432d5c034d8caec7bda7ce664caca9e4ad20c5","2a1d8aca95b935951cb371014dc53250bca5ead96b6750c991b6e3b51a154b04","278bee47cd45eccaf00a839b10f2e01146092ada4f32ea3a0afa4a9b2b55b53f","MFCL quarterly dependent-variable gradients; log-scale delta method"
1961,2,1961.25,"spawning_potential",1056.2597844739,0.0499243835625219,1021.28401928619,1092.43335960221,990.796108647697,1126.04876276676,957.800440965771,1164.840487202,"21dcaea9db8c89ddc8c29fa3c3a5e514b50bef6e26587c168c00c05f35fbebc3","e289a150c45930c2f4f164fb43432d5c034d8caec7bda7ce664caca9e4ad20c5","2a1d8aca95b935951cb371014dc53250bca5ead96b6750c991b6e3b51a154b04","278bee47cd45eccaf00a839b10f2e01146092ada4f32ea3a0afa4a9b2b55b53f","MFCL quarterly dependent-variable gradients; log-scale delta method"
1961,3,1961.5,"spawning_potential",1043.97355956606,0.0500100552637508,1009.34629978131,1079.78876358805,979.163834563553,1113.07296552556,946.500534019748,1151.48460449817,"21dcaea9db8c89ddc8c29fa3c3a5e514b50bef6e26587c168c00c05f35fbebc3","e289a150c45930c2f4f164fb43432d5c034d8caec7bda7ce664caca9e4ad20c5","2a1d8aca95b935951cb371014dc53250bca5ead96b6750c991b6e3b51a154b04","278bee47cd45eccaf00a839b10f2e01146092ada4f32ea3a0afa4a9b2b55b53f","MFCL quarterly dependent-variable gradients; log-scale delta method"
1961,4,1961.75,"spawning_potential",1028.84227277114,0.0500647279307857,994.680217644582,1064.17761554307,964.904286627102,1097.01701703596,932.682066834971,1134.91666654739,"21dcaea9db8c89ddc8c29fa3c3a5e514b50bef6e26587c168c00c05f35fbebc3","e289a150c45930c2f4f164fb43432d5c034d8caec7bda7ce664caca9e4ad20c5","2a1d8aca95b935951cb371014dc53250bca5ead96b6750c991b6e3b51a154b04","278bee47cd45eccaf00a839b10f2e01146092ada4f32ea3a0afa4a9b2b55b53f","MFCL quarterly dependent-variable gradients; log-scale delta method"
1962,1,1962,"spawning_potential",1010.48878875876,0.0502286146360152,976.828164969518,1045.30932749979,947.492368256703,1077.67368520957,915.749784521184,1115.02902808876,"21dcaea9db8c89ddc8c29fa3c3a5e514b50bef6e26587c168c00c05f35fbebc3","e289a150c45930c2f4f164fb43432d5c034d8caec7bda7ce664caca9e4ad20c5","2a1d8aca95b935951cb371014dc53250bca5ead96b6750c991b6e3b51a154b04","278bee47cd45eccaf00a839b10f2e01146092ada4f32ea3a0afa4a9b2b55b53f","MFCL quarterly dependent-variable gradients; log-scale delta method"
1962,2,1962.25,"spawning_potential",988.995164210293,0.0506058435061395,955.807295789508,1023.33539316983,926.890507835271,1055.26103305955,895.608890335585,1092.11894319723,"21dcaea9db8c89ddc8c29fa3c3a5e514b50bef6e26587c168c00c05f35fbebc3","e289a150c45930c2f4f164fb43432d5c034d8caec7bda7ce664caca9e4ad20c5","2a1d8aca95b935951cb371014dc53250bca5ead96b6750c991b6e3b51a154b04","278bee47cd45eccaf00a839b10f2e01146092ada4f32ea3a0afa4a9b2b55b53f","MFCL quarterly dependent-variable gradients; log-scale delta method"
1962,3,1962.5,"spawning_potential",975.440771362373,0.0506292823558746,942.692846465841,1009.32631662916,914.159812717611,1040.82971620405,883.293797757712,1077.20070134242,"21dcaea9db8c89ddc8c29fa3c3a5e514b50bef6e26587c168c00c05f35fbebc3","e289a150c45930c2f4f164fb43432d5c034d8caec7bda7ce664caca9e4ad20c5","2a1d8aca95b935951cb371014dc53250bca5ead96b6750c991b6e3b51a154b04","278bee47cd45eccaf00a839b10f2e01146092ada4f32ea3a0afa4a9b2b55b53f","MFCL quarterly dependent-variable gradients; log-scale delta method"
1962,4,1962.75,"spawning_potential",965.252226729472,0.0505539415830848,932.89376138179,998.733081702856,904.698699063846,1029.85873879371,874.196813395679,1065.79187538687,"21dcaea9db8c89ddc8c29fa3c3a5e514b50bef6e26587c168c00c05f35fbebc3","e289a150c45930c2f4f164fb43432d5c034d8caec7bda7ce664caca9e4ad20c5","2a1d8aca95b935951cb371014dc53250bca5ead96b6750c991b6e3b51a154b04","278bee47cd45eccaf00a839b10f2e01146092ada4f32ea3a0afa4a9b2b55b53f","MFCL quarterly dependent-variable gradients; log-scale delta method"
1963,1,1963,"spawning_potential",955.361155257402,0.0505243128402355,923.352723884123,988.479173089329,895.462128598247,1019.26693248716,865.289046160952,1054.80930450261,"21dcaea9db8c89ddc8c29fa3c3a5e514b50bef6e26587c168c00c05f35fbebc3","e289a150c45930c2f4f164fb43432d5c034d8caec7bda7ce664caca9e4ad20c5","2a1d8aca95b935951cb371014dc53250bca5ead96b6750c991b6e3b51a154b04","278bee47cd45eccaf00a839b10f2e01146092ada4f32ea3a0afa4a9b2b55b53f","MFCL quarterly dependent-variable gradients; log-scale delta method"
1963,2,1963.25,"spawning_potential",936.63104438962,0.0509711660467032,904.977347483496,969.391903293347,877.403751471075,999.85635101688,847.582171718274,1035.03559016103,"21dcaea9db8c89ddc8c29fa3c3a5e514b50bef6e26587c168c00c05f35fbebc3","e289a150c45930c2f4f164fb43432d5c034d8caec7bda7ce664caca9e4ad20c5","2a1d8aca95b935951cb371014dc53250bca5ead96b6750c991b6e3b51a154b04","278bee47cd45eccaf00a839b10f2e01146092ada4f32ea3a0afa4a9b2b55b53f","MFCL quarterly dependent-variable gradients; log-scale delta method"
1963,3,1963.5,"spawning_potential",921.303432697265,0.0511678153227302,890.049674363854,953.654654956677,862.827897957357,983.741968832021,833.390539169579,1018.49010182614,"21dcaea9db8c89ddc8c29fa3c3a5e514b50bef6e26587c168c00c05f35fbebc3","e289a150c45930c2f4f164fb43432d5c034d8caec7bda7ce664caca9e4ad20c5","2a1d8aca95b935951cb371014dc53250bca5ead96b6750c991b6e3b51a154b04","278bee47cd45eccaf00a839b10f2e01146092ada4f32ea3a0afa4a9b2b55b53f","MFCL quarterly dependent-variable gradients; log-scale delta method"
1963,4,1963.75,"spawning_potential",907.496257383992,0.0511783325911191,876.704666402776,939.369309559027,849.885614949791,969.012114900433,820.883954856984,1003.24711220532,"21dcaea9db8c89ddc8c29fa3c3a5e514b50bef6e26587c168c00c05f35fbebc3","e289a150c45930c2f4f164fb43432d5c034d8caec7bda7ce664caca9e4ad20c5","2a1d8aca95b935951cb371014dc53250bca5ead96b6750c991b6e3b51a154b04","278bee47cd45eccaf00a839b10f2e01146092ada4f32ea3a0afa4a9b2b55b53f","MFCL quarterly dependent-variable gradients; log-scale delta method"
1964,1,1964,"spawning_potential",887.926919758004,0.051515145676504,857.604471521357,919.321483285087,831.199739551604,948.525579731597,802.652294318923,982.261211250798,"21dcaea9db8c89ddc8c29fa3c3a5e514b50bef6e26587c168c00c05f35fbebc3","e289a150c45930c2f4f164fb43432d5c034d8caec7bda7ce664caca9e4ad20c5","2a1d8aca95b935951cb371014dc53250bca5ead96b6750c991b6e3b51a154b04","278bee47cd45eccaf00a839b10f2e01146092ada4f32ea3a0afa4a9b2b55b53f","MFCL quarterly dependent-variable gradients; log-scale delta method"
1964,2,1964.25,"spawning_potential",868.866459535147,0.0518916450687716,838.981838236735,899.815574186629,812.964646253435,928.612244067744,784.84299122754,961.885285265005,"21dcaea9db8c89ddc8c29fa3c3a5e514b50bef6e26587c168c00c05f35fbebc3","e289a150c45930c2f4f164fb43432d5c034d8caec7bda7ce664caca9e4ad20c5","2a1d8aca95b935951cb371014dc53250bca5ead96b6750c991b6e3b51a154b04","278bee47cd45eccaf00a839b10f2e01146092ada4f32ea3a0afa4a9b2b55b53f","MFCL quarterly dependent-variable gradients; log-scale delta method"
1964,3,1964.5,"spawning_potential",859.705115965546,0.0517793650068172,830.198468654364,890.260479057857,804.508486969403,918.688737767713,776.738506675955,951.533727329001,"21dcaea9db8c89ddc8c29fa3c3a5e514b50bef6e26587c168c00c05f35fbebc3","e289a150c45930c2f4f164fb43432d5c034d8caec7bda7ce664caca9e4ad20c5","2a1d8aca95b935951cb371014dc53250bca5ead96b6750c991b6e3b51a154b04","278bee47cd45eccaf00a839b10f2e01146092ada4f32ea3a0afa4a9b2b55b53f","MFCL quarterly dependent-variable gradients; log-scale delta method"
1964,4,1964.75,"spawning_potential",856.615741758168,0.0513893435182787,827.432767787151,886.827978773808,802.018238113275,914.929978093912,774.539128491235,947.389876167116,"21dcaea9db8c89ddc8c29fa3c3a5e514b50bef6e26587c168c00c05f35fbebc3","e289a150c45930c2f4f164fb43432d5c034d8caec7bda7ce664caca9e4ad20c5","2a1d8aca95b935951cb371014dc53250bca5ead96b6750c991b6e3b51a154b04","278bee47cd45eccaf00a839b10f2e01146092ada4f32ea3a0afa4a9b2b55b53f","MFCL quarterly dependent-variable gradients; log-scale delta method"
1965,1,1965,"spawning_potential",853.196122588964,0.0510669152077607,824.308894108789,883.095680276345,799.146718767979,910.901098015007,771.934828505493,943.011763065776,"21dcaea9db8c89ddc8c29fa3c3a5e514b50bef6e26587c168c00c05f35fbebc3","e289a150c45930c2f4f164fb43432d5c034d8caec7bda7ce664caca9e4ad20c5","2a1d8aca95b935951cb371014dc53250bca5ead96b6750c991b6e3b51a154b04","278bee47cd45eccaf00a839b10f2e01146092ada4f32ea3a0afa4a9b2b55b53f","MFCL quarterly dependent-variable gradients; log-scale delta method"
1965,2,1965.25,"spawning_potential",846.651740650162,0.0509535091689842,818.048660800594,876.254927481238,793.132181082679,903.782732617711,766.184037854273,935.570482456706,"21dcaea9db8c89ddc8c29fa3c3a5e514b50bef6e26587c168c00c05f35fbebc3","e289a150c45930c2f4f164fb43432d5c034d8caec7bda7ce664caca9e4ad20c5","2a1d8aca95b935951cb371014dc53250bca5ead96b6750c991b6e3b51a154b04","278bee47cd45eccaf00a839b10f2e01146092ada4f32ea3a0afa4a9b2b55b53f","MFCL quarterly dependent-variable gradients; log-scale delta method"
1965,3,1965.5,"spawning_potential",843.356229285848,0.0506812532180365,815.014134644916,872.683919506647,790.320692236985,899.950787650602,763.609101544234,931.431707711307,"21dcaea9db8c89ddc8c29fa3c3a5e514b50bef6e26587c168c00c05f35fbebc3","e289a150c45930c2f4f164fb43432d5c034d8caec7bda7ce664caca9e4ad20c5","2a1d8aca95b935951cb371014dc53250bca5ead96b6750c991b6e3b51a154b04","278bee47cd45eccaf00a839b10f2e01146092ada4f32ea3a0afa4a9b2b55b53f","MFCL quarterly dependent-variable gradients; log-scale delta method"
1965,4,1965.75,"spawning_potential",842.934656573164,0.050347320681909,814.790227293053,872.051248838262,790.263753076805,899.116064080775,763.727085014296,930.356994264276,"21dcaea9db8c89ddc8c29fa3c3a5e514b50bef6e26587c168c00c05f35fbebc3","e289a150c45930c2f4f164fb43432d5c034d8caec7bda7ce664caca9e4ad20c5","2a1d8aca95b935951cb371014dc53250bca5ead96b6750c991b6e3b51a154b04","278bee47cd45eccaf00a839b10f2e01146092ada4f32ea3a0afa4a9b2b55b53f","MFCL quarterly dependent-variable gradients; log-scale delta method"
1966,1,1966,"spawning_potential",843.524917399954,0.0500733740005056,815.511451701301,872.500667881748,791.09481765214,899.429841275328,764.672343105953,930.508724016985,"21dcaea9db8c89ddc8c29fa3c3a5e514b50bef6e26587c168c00c05f35fbebc3","e289a150c45930c2f4f164fb43432d5c034d8caec7bda7ce664caca9e4ad20c5","2a1d8aca95b935951cb371014dc53250bca5ead96b6750c991b6e3b51a154b04","278bee47cd45eccaf00a839b10f2e01146092ada4f32ea3a0afa4a9b2b55b53f","MFCL quarterly dependent-variable gradients; log-scale delta method"
1966,2,1966.25,"spawning_potential",841.923741655539,0.0499322403732792,814.04093847085,870.761595964434,789.735991169151,897.560190607343,763.431993944194,928.485565690186,"21dcaea9db8c89ddc8c29fa3c3a5e514b50bef6e26587c168c00c05f35fbebc3","e289a150c45930c2f4f164fb43432d5c034d8caec7bda7ce664caca9e4ad20c5","2a1d8aca95b935951cb371014dc53250bca5ead96b6750c991b6e3b51a154b04","278bee47cd45eccaf00a839b10f2e01146092ada4f32ea3a0afa4a9b2b55b53f","MFCL quarterly dependent-variable gradients; log-scale delta method"
1966,3,1966.5,"spawning_potential",839.569652441807,0.0497221874572961,811.879829707398,868.203859129367,787.739849292318,894.809627740043,761.6108619479,925.508335711571,"21dcaea9db8c89ddc8c29fa3c3a5e514b50bef6e26587c168c00c05f35fbebc3","e289a150c45930c2f4f164fb43432d5c034d8caec7bda7ce664caca9e4ad20c5","2a1d8aca95b935951cb371014dc53250bca5ead96b6750c991b6e3b51a154b04","278bee47cd45eccaf00a839b10f2e01146092ada4f32ea3a0afa4a9b2b55b53f","MFCL quarterly dependent-variable gradients; log-scale delta method"
1966,4,1966.75,"spawning_potential",835.465823736245,0.0494855216903693,808.040325338146,863.822164245559,784.127154641032,890.165757556023,758.239729723239,920.557332027507,"21dcaea9db8c89ddc8c29fa3c3a5e514b50bef6e26587c168c00c05f35fbebc3","e289a150c45930c2f4f164fb43432d5c034d8caec7bda7ce664caca9e4ad20c5","2a1d8aca95b935951cb371014dc53250bca5ead96b6750c991b6e3b51a154b04","278bee47cd45eccaf00a839b10f2e01146092ada4f32ea3a0afa4a9b2b55b53f","MFCL quarterly dependent-variable gradients; log-scale delta method"
1967,1,1967,"spawning_potential",826.078199894657,0.0494751035513132,798.96647948449,854.109915576807,775.326743968913,880.151752341149,749.73515758207,910.195000781322,"21dcaea9db8c89ddc8c29fa3c3a5e514b50bef6e26587c168c00c05f35fbebc3","e289a150c45930c2f4f164fb43432d5c034d8caec7bda7ce664caca9e4ad20c5","2a1d8aca95b935951cb371014dc53250bca5ead96b6750c991b6e3b51a154b04","278bee47cd45eccaf00a839b10f2e01146092ada4f32ea3a0afa4a9b2b55b53f","MFCL quarterly dependent-variable gradients; log-scale delta method"
1967,2,1967.25,"spawning_potential",812.234784658434,0.049664593775369,785.477004738407,839.904085580259,762.148717624953,865.612353800191,736.897368649929,895.274394340445,"21dcaea9db8c89ddc8c29fa3c3a5e514b50bef6e26587c168c00c05f35fbebc3","e289a150c45930c2f4f164fb43432d5c034d8caec7bda7ce664caca9e4ad20c5","2a1d8aca95b935951cb371014dc53250bca5ead96b6750c991b6e3b51a154b04","278bee47cd45eccaf00a839b10f2e01146092ada4f32ea3a0afa4a9b2b55b53f","MFCL quarterly dependent-variable gradients; log-scale delta method"
1967,3,1967.5,"spawning_potential",799.662242814262,0.049670645487822,773.315488699574,826.90662727843,750.345636132561,852.220192655008,725.482365824257,881.426941172049,"21dcaea9db8c89ddc8c29fa3c3a5e514b50bef6e26587c168c00c05f35fbebc3","e289a150c45930c2f4f164fb43432d5c034d8caec7bda7ce664caca9e4ad20c5","2a1d8aca95b935951cb371014dc53250bca5ead96b6750c991b6e3b51a154b04","278bee47cd45eccaf00a839b10f2e01146092ada4f32ea3a0afa4a9b2b55b53f","MFCL quarterly dependent-variable gradients; log-scale delta method"
1967,4,1967.75,"spawning_potential",787.284310720139,0.0495812418965148,761.391288587777,814.057890070841,738.815718533589,838.932592198098,714.377828259597,867.631330910861,"21dcaea9db8c89ddc8c29fa3c3a5e514b50bef6e26587c168c00c05f35fbebc3","e289a150c45930c2f4f164fb43432d5c034d8caec7bda7ce664caca9e4ad20c5","2a1d8aca95b935951cb371014dc53250bca5ead96b6750c991b6e3b51a154b04","278bee47cd45eccaf00a839b10f2e01146092ada4f32ea3a0afa4a9b2b55b53f","MFCL quarterly dependent-variable gradients; log-scale delta method"
1968,1,1968,"spawning_potential",774.710523904509,0.0495481989174809,749.247739912089,801.038647001884,727.046814934426,825.498968594657,703.013965126831,853.719023547592,"21dcaea9db8c89ddc8c29fa3c3a5e514b50bef6e26587c168c00c05f35fbebc3","e289a150c45930c2f4f164fb43432d5c034d8caec7bda7ce664caca9e4ad20c5","2a1d8aca95b935951cb371014dc53250bca5ead96b6750c991b6e3b51a154b04","278bee47cd45eccaf00a839b10f2e01146092ada4f32ea3a0afa4a9b2b55b53f","MFCL quarterly dependent-variable gradients; log-scale delta method"
1968,2,1968.25,"spawning_potential",767.002025395389,0.0493894323683894,741.872040496869,792.98325701373,719.959051634306,817.118842558069,696.235477863161,844.961404101635,"21dcaea9db8c89ddc8c29fa3c3a5e514b50bef6e26587c168c00c05f35fbebc3","e289a150c45930c2f4f164fb43432d5c034d8caec7bda7ce664caca9e4ad20c5","2a1d8aca95b935951cb371014dc53250bca5ead96b6750c991b6e3b51a154b04","278bee47cd45eccaf00a839b10f2e01146092ada4f32ea3a0afa4a9b2b55b53f","MFCL quarterly dependent-variable gradients; log-scale delta method"
1968,3,1968.5,"spawning_potential",766.082174985545,0.0490267576180457,741.163609548999,791.838524273612,719.429922479158,815.759645926578,695.894983257431,843.348368576295,"21dcaea9db8c89ddc8c29fa3c3a5e514b50bef6e26587c168c00c05f35fbebc3","e289a150c45930c2f4f164fb43432d5c034d8caec7bda7ce664caca9e4ad20c5","2a1d8aca95b935951cb371014dc53250bca5ead96b6750c991b6e3b51a154b04","278bee47cd45eccaf00a839b10f2e01146092ada4f32ea3a0afa4a9b2b55b53f","MFCL quarterly dependent-variable gradients; log-scale delta method"
1968,4,1968.75,"spawning_potential",772.003776641692,0.0484305485580568,747.193011114156,797.638390996647,725.545072642608,821.437362917094,702.094009067493,848.874685514859,"21dcaea9db8c89ddc8c29fa3c3a5e514b50bef6e26587c168c00c05f35fbebc3","e289a150c45930c2f4f164fb43432d5c034d8caec7bda7ce664caca9e4ad20c5","2a1d8aca95b935951cb371014dc53250bca5ead96b6750c991b6e3b51a154b04","278bee47cd45eccaf00a839b10f2e01146092ada4f32ea3a0afa4a9b2b55b53f","MFCL quarterly dependent-variable gradients; log-scale delta method"
1969,1,1969,"spawning_potential",777.349022591799,0.0479797273555363,752.595280880053,802.916943908838,730.990853477513,826.647146198547,707.580146540462,853.997255122068,"21dcaea9db8c89ddc8c29fa3c3a5e514b50bef6e26587c168c00c05f35fbebc3","e289a150c45930c2f4f164fb43432d5c034d8caec7bda7ce664caca9e4ad20c5","2a1d8aca95b935951cb371014dc53250bca5ead96b6750c991b6e3b51a154b04","278bee47cd45eccaf00a839b10f2e01146092ada4f32ea3a0afa4a9b2b55b53f","MFCL quarterly dependent-variable gradients; log-scale delta method"
1969,2,1969.25,"spawning_potential",774.01359809665,0.0480371816712512,749.337029822282,799.502795398499,727.800750713367,823.160802529136,704.464751014786,850.428710841131,"21dcaea9db8c89ddc8c29fa3c3a5e514b50bef6e26587c168c00c05f35fbebc3","e289a150c45930c2f4f164fb43432d5c034d8caec7bda7ce664caca9e4ad20c5","2a1d8aca95b935951cb371014dc53250bca5ead96b6750c991b6e3b51a154b04","278bee47cd45eccaf00a839b10f2e01146092ada4f32ea3a0afa4a9b2b55b53f","MFCL quarterly dependent-variable gradients; log-scale delta method"
1969,3,1969.5,"spawning_potential",771.155039378461,0.0479511776065783,746.612914611677,796.503895285679,725.192788954255,820.030347538808,701.981366980376,847.145127678894,"21dcaea9db8c89ddc8c29fa3c3a5e514b50bef6e26587c168c00c05f35fbebc3","e289a150c45930c2f4f164fb43432d5c034d8caec7bda7ce664caca9e4ad20c5","2a1d8aca95b935951cb371014dc53250bca5ead96b6750c991b6e3b51a154b04","278bee47cd45eccaf00a839b10f2e01146092ada4f32ea3a0afa4a9b2b55b53f","MFCL quarterly dependent-variable gradients; log-scale delta method"
1969,4,1969.75,"spawning_potential",768.076580243826,0.0477611123912043,743.727765487337,793.222547947345,722.473769168673,816.557857592363,699.439557264943,843.44905430561,"21dcaea9db8c89ddc8c29fa3c3a5e514b50bef6e26587c168c00c05f35fbebc3","e289a150c45930c2f4f164fb43432d5c034d8caec7bda7ce664caca9e4ad20c5","2a1d8aca95b935951cb371014dc53250bca5ead96b6750c991b6e3b51a154b04","278bee47cd45eccaf00a839b10f2e01146092ada4f32ea3a0afa4a9b2b55b53f","MFCL quarterly dependent-variable gradients; log-scale delta method"
1970,1,1970,"spawning_potential",760.205994565971,0.0477942831886116,736.090216443893,785.111853498038,715.04008466513,808.224834618449,692.2272989113,834.860392074901,"21dcaea9db8c89ddc8c29fa3c3a5e514b50bef6e26587c168c00c05f35fbebc3","e289a150c45930c2f4f164fb43432d5c034d8caec7bda7ce664caca9e4ad20c5","2a1d8aca95b935951cb371014dc53250bca5ead96b6750c991b6e3b51a154b04","278bee47cd45eccaf00a839b10f2e01146092ada4f32ea3a0afa4a9b2b55b53f","MFCL quarterly dependent-variable gradients; log-scale delta method"
1970,2,1970.25,"spawning_potential",749.262539432264,0.047953593874668,725.415964512934,773.893022017267,704.602940178642,796.752782289202,682.049424468028,823.099225447409,"21dcaea9db8c89ddc8c29fa3c3a5e514b50bef6e26587c168c00c05f35fbebc3","e289a150c45930c2f4f164fb43432d5c034d8caec7bda7ce664caca9e4ad20c5","2a1d8aca95b935951cb371014dc53250bca5ead96b6750c991b6e3b51a154b04","278bee47cd45eccaf00a839b10f2e01146092ada4f32ea3a0afa4a9b2b55b53f","MFCL quarterly dependent-variable gradients; log-scale delta method"
1970,3,1970.5,"spawning_potential",741.139926413882,0.0478787765844396,717.588078777428,765.464765608438,697.031303103285,788.039773937356,674.754394261789,814.056781543037,"21dcaea9db8c89ddc8c29fa3c3a5e514b50bef6e26587c168c00c05f35fbebc3","e289a150c45930c2f4f164fb43432d5c034d8caec7bda7ce664caca9e4ad20c5","2a1d8aca95b935951cb371014dc53250bca5ead96b6750c991b6e3b51a154b04","278bee47cd45eccaf00a839b10f2e01146092ada4f32ea3a0afa4a9b2b55b53f","MFCL quarterly dependent-variable gradients; log-scale delta method"
1970,4,1970.75,"spawning_potential",735.970062562723,0.0476194125738021,712.707171106959,759.992259018942,692.399228666414,782.282692648024,670.388307828688,807.967452091948,"21dcaea9db8c89ddc8c29fa3c3a5e514b50bef6e26587c168c00c05f35fbebc3","e289a150c45930c2f4f164fb43432d5c034d8caec7bda7ce664caca9e4ad20c5","2a1d8aca95b935951cb371014dc53250bca5ead96b6750c991b6e3b51a154b04","278bee47cd45eccaf00a839b10f2e01146092ada4f32ea3a0afa4a9b2b55b53f","MFCL quarterly dependent-variable gradients; log-scale delta method"
1971,1,1971,"spawning_potential",729.59489520774,0.0475111418799441,706.585111312336,753.353987497048,686.496731286531,775.398755527384,664.722270507882,800.798671460912,"21dcaea9db8c89ddc8c29fa3c3a5e514b50bef6e26587c168c00c05f35fbebc3","e289a150c45930c2f4f164fb43432d5c034d8caec7bda7ce664caca9e4ad20c5","2a1d8aca95b935951cb371014dc53250bca5ead96b6750c991b6e3b51a154b04","278bee47cd45eccaf00a839b10f2e01146092ada4f32ea3a0afa4a9b2b55b53f","MFCL quarterly dependent-variable gradients; log-scale delta method"
1971,2,1971.25,"spawning_potential",722.624296621075,0.047503131875561,699.838130726387,746.152361725572,679.94487520717,767.982660223743,658.381805396314,793.135335434692,"21dcaea9db8c89ddc8c29fa3c3a5e514b50bef6e26587c168c00c05f35fbebc3","e289a150c45930c2f4f164fb43432d5c034d8caec7bda7ce664caca9e4ad20c5","2a1d8aca95b935951cb371014dc53250bca5ead96b6750c991b6e3b51a154b04","278bee47cd45eccaf00a839b10f2e01146092ada4f32ea3a0afa4a9b2b55b53f","MFCL quarterly dependent-variable gradients; log-scale delta method"
1971,3,1971.5,"spawning_potential",721.036270637595,0.0472049037479347,698.440657682721,744.362885889072,678.709990555493,766.00213759851,657.319059035923,790.929909042177,"21dcaea9db8c89ddc8c29fa3c3a5e514b50bef6e26587c168c00c05f35fbebc3","e289a150c45930c2f4f164fb43432d5c034d8caec7bda7ce664caca9e4ad20c5","2a1d8aca95b935951cb371014dc53250bca5ead96b6750c991b6e3b51a154b04","278bee47cd45eccaf00a839b10f2e01146092ada4f32ea3a0afa4a9b2b55b53f","MFCL quarterly dependent-variable gradients; log-scale delta method"
1971,4,1971.75,"spawning_potential",724.070991426893,0.0467190783656585,701.610146248792,747.250882030452,681.991049608005,768.747333161145,660.714437782268,793.502866965796,"21dcaea9db8c89ddc8c29fa3c3a5e514b50bef6e26587c168c00c05f35fbebc3","e289a150c45930c2f4f164fb43432d5c034d8caec7bda7ce664caca9e4ad20c5","2a1d8aca95b935951cb371014dc53250bca5ead96b6750c991b6e3b51a154b04","278bee47cd45eccaf00a839b10f2e01146092ada4f32ea3a0afa4a9b2b55b53f","MFCL quarterly dependent-variable gradients; log-scale delta method"
1972,1,1972,"spawning_potential",727.263923087564,0.0463449113742091,704.881902319744,750.356637167274,685.326966891836,771.767111724047,664.114839034612,796.417701784177,"21dcaea9db8c89ddc8c29fa3c3a5e514b50bef6e26587c168c00c05f35fbebc3","e289a150c45930c2f4f164fb43432d5c034d8caec7bda7ce664caca9e4ad20c5","2a1d8aca95b935951cb371014dc53250bca5ead96b6750c991b6e3b51a154b04","278bee47cd45eccaf00a839b10f2e01146092ada4f32ea3a0afa4a9b2b55b53f","MFCL quarterly dependent-variable gradients; log-scale delta method"
1972,2,1972.25,"spawning_potential",725.375492910581,0.0462961992634603,703.074689526598,748.383654757299,683.59010438018,769.71507098154,662.453627284135,794.27386921015,"21dcaea9db8c89ddc8c29fa3c3a5e514b50bef6e26587c168c00c05f35fbebc3","e289a150c45930c2f4f164fb43432d5c034d8caec7bda7ce664caca9e4ad20c5","2a1d8aca95b935951cb371014dc53250bca5ead96b6750c991b6e3b51a154b04","278bee47cd45eccaf00a839b10f2e01146092ada4f32ea3a0afa4a9b2b55b53f","MFCL quarterly dependent-variable gradients; log-scale delta method"
1972,3,1972.5,"spawning_potential",721.252613968663,0.0462933090784158,699.079926359976,744.128551745543,679.70724221452,765.337340620021,658.692114005308,789.754912949265,"21dcaea9db8c89ddc8c29fa3c3a5e514b50bef6e26587c168c00c05f35fbebc3","e289a150c45930c2f4f164fb43432d5c034d8caec7bda7ce664caca9e4ad20c5","2a1d8aca95b935951cb371014dc53250bca5ead96b6750c991b6e3b51a154b04","278bee47cd45eccaf00a839b10f2e01146092ada4f32ea3a0afa4a9b2b55b53f","MFCL quarterly dependent-variable gradients; log-scale delta method"
1972,4,1972.75,"spawning_potential",713.576352237256,0.0463405942121274,691.617589280163,736.232302886043,672.432396636176,757.237772926234,651.621287878562,781.422000699158,"21dcaea9db8c89ddc8c29fa3c3a5e514b50bef6e26587c168c00c05f35fbebc3","e289a150c45930c2f4f164fb43432d5c034d8caec7bda7ce664caca9e4ad20c5","2a1d8aca95b935951cb371014dc53250bca5ead96b6750c991b6e3b51a154b04","278bee47cd45eccaf00a839b10f2e01146092ada4f32ea3a0afa4a9b2b55b53f","MFCL quarterly dependent-variable gradients; log-scale delta method"
1973,1,1973,"spawning_potential",700.706731418461,0.046529728856825,679.057370647199,723.046306068643,660.144793582311,743.760957033017,639.631896563911,767.613257082284,"21dcaea9db8c89ddc8c29fa3c3a5e514b50bef6e26587c168c00c05f35fbebc3","e289a150c45930c2f4f164fb43432d5c034d8caec7bda7ce664caca9e4ad20c5","2a1d8aca95b935951cb371014dc53250bca5ead96b6750c991b6e3b51a154b04","278bee47cd45eccaf00a839b10f2e01146092ada4f32ea3a0afa4a9b2b55b53f","MFCL quarterly dependent-variable gradients; log-scale delta method"
1973,2,1973.25,"spawning_potential",682.654887043967,0.0469280135954353,661.385566637498,704.608201800136,642.809731346522,724.969881567947,622.667224203888,748.421751925099,"21dcaea9db8c89ddc8c29fa3c3a5e514b50bef6e26587c168c00c05f35fbebc3","e289a150c45930c2f4f164fb43432d5c034d8caec7bda7ce664caca9e4ad20c5","2a1d8aca95b935951cb371014dc53250bca5ead96b6750c991b6e3b51a154b04","278bee47cd45eccaf00a839b10f2e01146092ada4f32ea3a0afa4a9b2b55b53f","MFCL quarterly dependent-variable gradients; log-scale delta method"
1973,3,1973.5,"spawning_potential",670.074863048112,0.046931534315345,649.195953898677,691.625262592169,630.961130473589,711.613283930713,611.188440597476,734.634839706752,"21dcaea9db8c89ddc8c29fa3c3a5e514b50bef6e26587c168c00c05f35fbebc3","e289a150c45930c2f4f164fb43432d5c034d8caec7bda7ce664caca9e4ad20c5","2a1d8aca95b935951cb371014dc53250bca5ead96b6750c991b6e3b51a154b04","278bee47cd45eccaf00a839b10f2e01146092ada4f32ea3a0afa4a9b2b55b53f","MFCL quarterly dependent-variable gradients; log-scale delta method"
1973,4,1973.75,"spawning_potential",661.618722437548,0.0467421854991472,641.085168977982,682.809952658454,623.149788602586,702.462460689465,603.69943016562,725.094827006549,"21dcaea9db8c89ddc8c29fa3c3a5e514b50bef6e26587c168c00c05f35fbebc3","e289a150c45930c2f4f164fb43432d5c034d8caec7bda7ce664caca9e4ad20c5","2a1d8aca95b935951cb371014dc53250bca5ead96b6750c991b6e3b51a154b04","278bee47cd45eccaf00a839b10f2e01146092ada4f32ea3a0afa4a9b2b55b53f","MFCL quarterly dependent-variable gradients; log-scale delta method"
1974,1,1974,"spawning_potential",654.119098081347,0.0466161833787647,633.872166609363,675.012750226087,616.185712388244,694.38772414308,597.003754021849,716.69866662027,"21dcaea9db8c89ddc8c29fa3c3a5e514b50bef6e26587c168c00c05f35fbebc3","e289a150c45930c2f4f164fb43432d5c034d8caec7bda7ce664caca9e4ad20c5","2a1d8aca95b935951cb371014dc53250bca5ead96b6750c991b6e3b51a154b04","278bee47cd45eccaf00a839b10f2e01146092ada4f32ea3a0afa4a9b2b55b53f","MFCL quarterly dependent-variable gradients; log-scale delta method"
1974,2,1974.25,"spawning_potential",644.767277774085,0.0467244529613777,624.764186805832,665.410808218119,607.29194925358,684.555168233615,588.343638867233,706.602085965643,"21dcaea9db8c89ddc8c29fa3c3a5e514b50bef6e26587c168c00c05f35fbebc3","e289a150c45930c2f4f164fb43432d5c034d8caec7bda7ce664caca9e4ad20c5","2a1d8aca95b935951cb371014dc53250bca5ead96b6750c991b6e3b51a154b04","278bee47cd45eccaf00a839b10f2e01146092ada4f32ea3a0afa4a9b2b55b53f","MFCL quarterly dependent-variable gradients; log-scale delta method"
1974,3,1974.5,"spawning_potential",638.032640079723,0.0467004406714228,618.2484958439,658.449883086954,600.967237165554,677.384097887115,582.225750661858,699.188672682954,"21dcaea9db8c89ddc8c29fa3c3a5e514b50bef6e26587c168c00c05f35fbebc3","e289a150c45930c2f4f164fb43432d5c034d8caec7bda7ce664caca9e4ad20c5","2a1d8aca95b935951cb371014dc53250bca5ead96b6750c991b6e3b51a154b04","278bee47cd45eccaf00a839b10f2e01146092ada4f32ea3a0afa4a9b2b55b53f","MFCL quarterly dependent-variable gradients; log-scale delta method"
1974,4,1974.75,"spawning_potential",633.835490484501,0.0465341732775909,614.250373295104,654.045070974205,597.141139139661,672.784711461266,578.584230945914,694.362907784266,"21dcaea9db8c89ddc8c29fa3c3a5e514b50bef6e26587c168c00c05f35fbebc3","e289a150c45930c2f4f164fb43432d5c034d8caec7bda7ce664caca9e4ad20c5","2a1d8aca95b935951cb371014dc53250bca5ead96b6750c991b6e3b51a154b04","278bee47cd45eccaf00a839b10f2e01146092ada4f32ea3a0afa4a9b2b55b53f","MFCL quarterly dependent-variable gradients; log-scale delta method"
1975,1,1975,"spawning_potential",628.91080490063,0.0464732268396523,609.502912169016,648.936686968737,592.547835886325,667.505265510137,574.157409431999,688.885650560612,"21dcaea9db8c89ddc8c29fa3c3a5e514b50bef6e26587c168c00c05f35fbebc3","e289a150c45930c2f4f164fb43432d5c034d8caec7bda7ce664caca9e4ad20c5","2a1d8aca95b935951cb371014dc53250bca5ead96b6750c991b6e3b51a154b04","278bee47cd45eccaf00a839b10f2e01146092ada4f32ea3a0afa4a9b2b55b53f","MFCL quarterly dependent-variable gradients; log-scale delta method"
1975,2,1975.25,"spawning_potential",620.725802176302,0.0467084387588194,601.475064390327,640.592676735429,584.659817311178,659.016594058734,566.423813041133,680.233621215064,"21dcaea9db8c89ddc8c29fa3c3a5e514b50bef6e26587c168c00c05f35fbebc3","e289a150c45930c2f4f164fb43432d5c034d8caec7bda7ce664caca9e4ad20c5","2a1d8aca95b935951cb371014dc53250bca5ead96b6750c991b6e3b51a154b04","278bee47cd45eccaf00a839b10f2e01146092ada4f32ea3a0afa4a9b2b55b53f","MFCL quarterly dependent-variable gradients; log-scale delta method"
1975,3,1975.5,"spawning_potential",617.444658137078,0.0466165501023379,598.332761654783,637.167025264739,581.637807004092,655.455854607697,563.531190177831,676.516069574974,"21dcaea9db8c89ddc8c29fa3c3a5e514b50bef6e26587c168c00c05f35fbebc3","e289a150c45930c2f4f164fb43432d5c034d8caec7bda7ce664caca9e4ad20c5","2a1d8aca95b935951cb371014dc53250bca5ead96b6750c991b6e3b51a154b04","278bee47cd45eccaf00a839b10f2e01146092ada4f32ea3a0afa4a9b2b55b53f","MFCL quarterly dependent-variable gradients; log-scale delta method"
1975,4,1975.75,"spawning_potential",612.463557099511,0.0466143751518418,593.506712365259,632.025891131174,576.947178111175,650.166294257712,558.987407225282,671.055562122547,"21dcaea9db8c89ddc8c29fa3c3a5e514b50bef6e26587c168c00c05f35fbebc3","e289a150c45930c2f4f164fb43432d5c034d8caec7bda7ce664caca9e4ad20c5","2a1d8aca95b935951cb371014dc53250bca5ead96b6750c991b6e3b51a154b04","278bee47cd45eccaf00a839b10f2e01146092ada4f32ea3a0afa4a9b2b55b53f","MFCL quarterly dependent-variable gradients; log-scale delta method"
1976,1,1976,"spawning_potential",599.915877989392,0.0471126541206922,581.152057644875,619.285531091946,564.766372928459,637.252991529248,547.000839274282,657.949741249518,"21dcaea9db8c89ddc8c29fa3c3a5e514b50bef6e26587c168c00c05f35fbebc3","e289a150c45930c2f4f164fb43432d5c034d8caec7bda7ce664caca9e4ad20c5","2a1d8aca95b935951cb371014dc53250bca5ead96b6750c991b6e3b51a154b04","278bee47cd45eccaf00a839b10f2e01146092ada4f32ea3a0afa4a9b2b55b53f","MFCL quarterly dependent-variable gradients; log-scale delta method"
1976,2,1976.25,"spawning_potential",588.095554315911,0.0475159332412593,569.546501121328,607.248715118457,553.352551331903,625.019944651332,535.799446562038,645.495965375346,"21dcaea9db8c89ddc8c29fa3c3a5e514b50bef6e26587c168c00c05f35fbebc3","e289a150c45930c2f4f164fb43432d5c034d8caec7bda7ce664caca9e4ad20c5","2a1d8aca95b935951cb371014dc53250bca5ead96b6750c991b6e3b51a154b04","278bee47cd45eccaf00a839b10f2e01146092ada4f32ea3a0afa4a9b2b55b53f","MFCL quarterly dependent-variable gradients; log-scale delta method"
1976,3,1976.5,"spawning_potential",577.200355056614,0.0478383168039053,558.873408958193,596.128290480902,542.876672810912,613.694171371264,525.540924223866,633.937785852742,"21dcaea9db8c89ddc8c29fa3c3a5e514b50bef6e26587c168c00c05f35fbebc3","e289a150c45930c2f4f164fb43432d5c034d8caec7bda7ce664caca9e4ad20c5","2a1d8aca95b935951cb371014dc53250bca5ead96b6750c991b6e3b51a154b04","278bee47cd45eccaf00a839b10f2e01146092ada4f32ea3a0afa4a9b2b55b53f","MFCL quarterly dependent-variable gradients; log-scale delta method"
1976,4,1976.75,"spawning_potential",570.372377871323,0.047911559046488,552.234948213172,589.105507522148,536.404375499424,606.491416360449,519.249506248122,626.528567719296,"21dcaea9db8c89ddc8c29fa3c3a5e514b50bef6e26587c168c00c05f35fbebc3","e289a150c45930c2f4f164fb43432d5c034d8caec7bda7ce664caca9e4ad20c5","2a1d8aca95b935951cb371014dc53250bca5ead96b6750c991b6e3b51a154b04","278bee47cd45eccaf00a839b10f2e01146092ada4f32ea3a0afa4a9b2b55b53f","MFCL quarterly dependent-variable gradients; log-scale delta method"
1977,1,1977,"spawning_potential",565.997375935302,0.0480209748545326,547.958627426979,584.629958414767,532.215289255004,601.92376287062,515.156151147827,621.856167012398,"21dcaea9db8c89ddc8c29fa3c3a5e514b50bef6e26587c168c00c05f35fbebc3","e289a150c45930c2f4f164fb43432d5c034d8caec7bda7ce664caca9e4ad20c5","2a1d8aca95b935951cb371014dc53250bca5ead96b6750c991b6e3b51a154b04","278bee47cd45eccaf00a839b10f2e01146092ada4f32ea3a0afa4a9b2b55b53f","MFCL quarterly dependent-variable gradients; log-scale delta method"
1977,2,1977.25,"spawning_potential",566.960389804255,0.0480718820158217,548.872102749848,585.64478317728,533.08604498457,602.987241236631,515.981176216548,622.976376704269,"21dcaea9db8c89ddc8c29fa3c3a5e514b50bef6e26587c168c00c05f35fbebc3","e289a150c45930c2f4f164fb43432d5c034d8caec7bda7ce664caca9e4ad20c5","2a1d8aca95b935951cb371014dc53250bca5ead96b6750c991b6e3b51a154b04","278bee47cd45eccaf00a839b10f2e01146092ada4f32ea3a0afa4a9b2b55b53f","MFCL quarterly dependent-variable gradients; log-scale delta method"
1977,3,1977.5,"spawning_potential",574.321556275779,0.047929128479748,556.051956118087,593.191421006321,540.106202975275,610.704428473547,522.826712968053,630.888288263855,"21dcaea9db8c89ddc8c29fa3c3a5e514b50bef6e26587c168c00c05f35fbebc3","e289a150c45930c2f4f164fb43432d5c034d8caec7bda7ce664caca9e4ad20c5","2a1d8aca95b935951cb371014dc53250bca5ead96b6750c991b6e3b51a154b04","278bee47cd45eccaf00a839b10f2e01146092ada4f32ea3a0afa4a9b2b55b53f","MFCL quarterly dependent-variable gradients; log-scale delta method"
1977,4,1977.75,"spawning_potential",585.630732736388,0.0475692386831852,567.139030922714,604.725360847357,550.99570253447,622.442885757176,533.49806697449,642.857727808333,"21dcaea9db8c89ddc8c29fa3c3a5e514b50bef6e26587c168c00c05f35fbebc3","e289a150c45930c2f4f164fb43432d5c034d8caec7bda7ce664caca9e4ad20c5","2a1d8aca95b935951cb371014dc53250bca5ead96b6750c991b6e3b51a154b04","278bee47cd45eccaf00a839b10f2e01146092ada4f32ea3a0afa4a9b2b55b53f","MFCL quarterly dependent-variable gradients; log-scale delta method"
1978,1,1978,"spawning_potential",589.86249005727,0.0476577579975146,571.203062624789,609.131462947207,554.914233551668,627.011772521359,537.259894760856,647.615354448588,"21dcaea9db8c89ddc8c29fa3c3a5e514b50bef6e26587c168c00c05f35fbebc3","e289a150c45930c2f4f164fb43432d5c034d8caec7bda7ce664caca9e4ad20c5","2a1d8aca95b935951cb371014dc53250bca5ead96b6750c991b6e3b51a154b04","278bee47cd45eccaf00a839b10f2e01146092ada4f32ea3a0afa4a9b2b55b53f","MFCL quarterly dependent-variable gradients; log-scale delta method"
1978,2,1978.25,"spawning_potential",588.978359585812,0.0479223346065787,570.245128588116,608.326999512089,553.894646060078,626.284277213917,536.17649691193,646.980071036894,"21dcaea9db8c89ddc8c29fa3c3a5e514b50bef6e26587c168c00c05f35fbebc3","e289a150c45930c2f4f164fb43432d5c034d8caec7bda7ce664caca9e4ad20c5","2a1d8aca95b935951cb371014dc53250bca5ead96b6750c991b6e3b51a154b04","278bee47cd45eccaf00a839b10f2e01146092ada4f32ea3a0afa4a9b2b55b53f","MFCL quarterly dependent-variable gradients; log-scale delta method"
1978,3,1978.5,"spawning_potential",588.860575692677,0.0479178745801215,570.132806061489,608.203516651721,553.787043509422,626.155453922626,536.073958400685,646.845033546527,"21dcaea9db8c89ddc8c29fa3c3a5e514b50bef6e26587c168c00c05f35fbebc3","e289a150c45930c2f4f164fb43432d5c034d8caec7bda7ce664caca9e4ad20c5","2a1d8aca95b935951cb371014dc53250bca5ead96b6750c991b6e3b51a154b04","278bee47cd45eccaf00a839b10f2e01146092ada4f32ea3a0afa4a9b2b55b53f","MFCL quarterly dependent-variable gradients; log-scale delta method"
1978,4,1978.75,"spawning_potential",587.919152111271,0.0478631432072009,569.242336572672,607.208753130238,552.940475189437,625.110558782691,535.274342488661,645.74163561101,"21dcaea9db8c89ddc8c29fa3c3a5e514b50bef6e26587c168c00c05f35fbebc3","e289a150c45930c2f4f164fb43432d5c034d8caec7bda7ce664caca9e4ad20c5","2a1d8aca95b935951cb371014dc53250bca5ead96b6750c991b6e3b51a154b04","278bee47cd45eccaf00a839b10f2e01146092ada4f32ea3a0afa4a9b2b55b53f","MFCL quarterly dependent-variable gradients; log-scale delta method"
1979,1,1979,"spawning_potential",582.768161173835,0.0480919184818576,564.167919024476,601.981640971681,547.93527497633,619.815414681239,530.346737250361,640.371111621657,"21dcaea9db8c89ddc8c29fa3c3a5e514b50bef6e26587c168c00c05f35fbebc3","e289a150c45930c2f4f164fb43432d5c034d8caec7bda7ce664caca9e4ad20c5","2a1d8aca95b935951cb371014dc53250bca5ead96b6750c991b6e3b51a154b04","278bee47cd45eccaf00a839b10f2e01146092ada4f32ea3a0afa4a9b2b55b53f","MFCL quarterly dependent-variable gradients; log-scale delta method"
1979,2,1979.25,"spawning_potential",576.104715569125,0.0484326100900452,557.589006192683,595.235271167257,541.433663983619,612.995950157662,523.932715520943,633.471881920907,"21dcaea9db8c89ddc8c29fa3c3a5e514b50bef6e26587c168c00c05f35fbebc3","e289a150c45930c2f4f164fb43432d5c034d8caec7bda7ce664caca9e4ad20c5","2a1d8aca95b935951cb371014dc53250bca5ead96b6750c991b6e3b51a154b04","278bee47cd45eccaf00a839b10f2e01146092ada4f32ea3a0afa4a9b2b55b53f","MFCL quarterly dependent-variable gradients; log-scale delta method"
1979,3,1979.5,"spawning_potential",572.944837264355,0.0485259926209978,554.495758426335,592.007750391996,538.399516458957,609.706689015762,520.963636735676,630.11266698914,"21dcaea9db8c89ddc8c29fa3c3a5e514b50bef6e26587c168c00c05f35fbebc3","e289a150c45930c2f4f164fb43432d5c034d8caec7bda7ce664caca9e4ad20c5","2a1d8aca95b935951cb371014dc53250bca5ead96b6750c991b6e3b51a154b04","278bee47cd45eccaf00a839b10f2e01146092ada4f32ea3a0afa4a9b2b55b53f","MFCL quarterly dependent-variable gradients; log-scale delta method"
1979,4,1979.75,"spawning_potential",570.65763536869,0.0485769052555088,552.263240376995,589.664697911605,536.215232186137,607.312357533963,518.832169093891,627.659879635669,"21dcaea9db8c89ddc8c29fa3c3a5e514b50bef6e26587c168c00c05f35fbebc3","e289a150c45930c2f4f164fb43432d5c034d8caec7bda7ce664caca9e4ad20c5","2a1d8aca95b935951cb371014dc53250bca5ead96b6750c991b6e3b51a154b04","278bee47cd45eccaf00a839b10f2e01146092ada4f32ea3a0afa4a9b2b55b53f","MFCL quarterly dependent-variable gradients; log-scale delta method"
1980,1,1980,"spawning_potential",566.280445384734,0.0487816004094581,547.951485303767,585.222508608333,531.962663592229,602.812123429291,514.645987882668,623.09539057019,"21dcaea9db8c89ddc8c29fa3c3a5e514b50bef6e26587c168c00c05f35fbebc3","e289a150c45930c2f4f164fb43432d5c034d8caec7bda7ce664caca9e4ad20c5","2a1d8aca95b935951cb371014dc53250bca5ead96b6750c991b6e3b51a154b04","278bee47cd45eccaf00a839b10f2e01146092ada4f32ea3a0afa4a9b2b55b53f","MFCL quarterly dependent-variable gradients; log-scale delta method"
1980,2,1980.25,"spawning_potential",556.011758292869,0.0493684486666657,537.802251016203,574.837823337066,521.923606440934,592.326293627637,504.73273960342,612.500539598112,"21dcaea9db8c89ddc8c29fa3c3a5e514b50bef6e26587c168c00c05f35fbebc3","e289a150c45930c2f4f164fb43432d5c034d8caec7bda7ce664caca9e4ad20c5","2a1d8aca95b935951cb371014dc53250bca5ead96b6750c991b6e3b51a154b04","278bee47cd45eccaf00a839b10f2e01146092ada4f32ea3a0afa4a9b2b55b53f","MFCL quarterly dependent-variable gradients; log-scale delta method"
1980,3,1980.5,"spawning_potential",546.530131790698,0.0496925826263413,528.51559049542,565.158701704838,512.810219882016,582.467301497772,495.810486374216,602.438216140743,"21dcaea9db8c89ddc8c29fa3c3a5e514b50bef6e26587c168c00c05f35fbebc3","e289a150c45930c2f4f164fb43432d5c034d8caec7bda7ce664caca9e4ad20c5","2a1d8aca95b935951cb371014dc53250bca5ead96b6750c991b6e3b51a154b04","278bee47cd45eccaf00a839b10f2e01146092ada4f32ea3a0afa4a9b2b55b53f","MFCL quarterly dependent-variable gradients; log-scale delta method"
1980,4,1980.75,"spawning_potential",534.103394050714,0.0500917338394487,516.359423924815,552.45711091743,500.893899951401,569.514692760622,484.158071685218,589.201032100032,"21dcaea9db8c89ddc8c29fa3c3a5e514b50bef6e26587c168c00c05f35fbebc3","e289a150c45930c2f4f164fb43432d5c034d8caec7bda7ce664caca9e4ad20c5","2a1d8aca95b935951cb371014dc53250bca5ead96b6750c991b6e3b51a154b04","278bee47cd45eccaf00a839b10f2e01146092ada4f32ea3a0afa4a9b2b55b53f","MFCL quarterly dependent-variable gradients; log-scale delta method"
1981,1,1981,"spawning_potential",521.802645184716,0.0503689364326519,504.373018647107,539.834587607609,489.184174089376,556.59609395299,472.750677521947,575.944178333041,"21dcaea9db8c89ddc8c29fa3c3a5e514b50bef6e26587c168c00c05f35fbebc3","e289a150c45930c2f4f164fb43432d5c034d8caec7bda7ce664caca9e4ad20c5","2a1d8aca95b935951cb371014dc53250bca5ead96b6750c991b6e3b51a154b04","278bee47cd45eccaf00a839b10f2e01146092ada4f32ea3a0afa4a9b2b55b53f","MFCL quarterly dependent-variable gradients; log-scale delta method"
1981,2,1981.25,"spawning_potential",507.80090021094,0.0507709318138499,490.705901107085,525.491447470424,475.812502768799,541.939845536884,459.702823213402,560.931413151964,"21dcaea9db8c89ddc8c29fa3c3a5e514b50bef6e26587c168c00c05f35fbebc3","e289a150c45930c2f4f164fb43432d5c034d8caec7bda7ce664caca9e4ad20c5","2a1d8aca95b935951cb371014dc53250bca5ead96b6750c991b6e3b51a154b04","278bee47cd45eccaf00a839b10f2e01146092ada4f32ea3a0afa4a9b2b55b53f","MFCL quarterly dependent-variable gradients; log-scale delta method"
1981,3,1981.5,"spawning_potential",495.164208566982,0.0510823811808875,478.394114222252,512.522178171816,463.786694529573,528.664570022785,447.989508976059,547.306551901572,"21dcaea9db8c89ddc8c29fa3c3a5e514b50bef6e26587c168c00c05f35fbebc3","e289a150c45930c2f4f164fb43432d5c034d8caec7bda7ce664caca9e4ad20c5","2a1d8aca95b935951cb371014dc53250bca5ead96b6750c991b6e3b51a154b04","278bee47cd45eccaf00a839b10f2e01146092ada4f32ea3a0afa4a9b2b55b53f","MFCL quarterly dependent-variable gradients; log-scale delta method"
1981,4,1981.75,"spawning_potential",488.182563797703,0.0509642410410684,471.686506524304,505.25552946641,457.316695632093,521.131674990992,441.775292632605,539.464790291689,"21dcaea9db8c89ddc8c29fa3c3a5e514b50bef6e26587c168c00c05f35fbebc3","e289a150c45930c2f4f164fb43432d5c034d8caec7bda7ce664caca9e4ad20c5","2a1d8aca95b935951cb371014dc53250bca5ead96b6750c991b6e3b51a154b04","278bee47cd45eccaf00a839b10f2e01146092ada4f32ea3a0afa4a9b2b55b53f","MFCL quarterly dependent-variable gradients; log-scale delta method"
1982,1,1982,"spawning_potential",483.808632936393,0.050783464218517,467.517375994584,500.667580121113,453.324322924539,516.342895068406,437.972306477523,534.44199517166,"21dcaea9db8c89ddc8c29fa3c3a5e514b50bef6e26587c168c00c05f35fbebc3","e289a150c45930c2f4f164fb43432d5c034d8caec7bda7ce664caca9e4ad20c5","2a1d8aca95b935951cb371014dc53250bca5ead96b6750c991b6e3b51a154b04","278bee47cd45eccaf00a839b10f2e01146092ada4f32ea3a0afa4a9b2b55b53f","MFCL quarterly dependent-variable gradients; log-scale delta method"
1982,2,1982.25,"spawning_potential",477.798665575275,0.0509249628152557,461.665718697183,494.495379621753,447.611861457242,510.021258333702,432.411788785126,527.949447139045,"21dcaea9db8c89ddc8c29fa3c3a5e514b50bef6e26587c168c00c05f35fbebc3","e289a150c45930c2f4f164fb43432d5c034d8caec7bda7ce664caca9e4ad20c5","2a1d8aca95b935951cb371014dc53250bca5ead96b6750c991b6e3b51a154b04","278bee47cd45eccaf00a839b10f2e01146092ada4f32ea3a0afa4a9b2b55b53f","MFCL quarterly dependent-variable gradients; log-scale delta method"
1982,3,1982.5,"spawning_potential",474.845478189641,0.0508662900092311,458.830403636539,491.41954493443,444.878703426553,506.830797744344,429.788550874502,524.625953153854,"21dcaea9db8c89ddc8c29fa3c3a5e514b50bef6e26587c168c00c05f35fbebc3","e289a150c45930c2f4f164fb43432d5c034d8caec7bda7ce664caca9e4ad20c5","2a1d8aca95b935951cb371014dc53250bca5ead96b6750c991b6e3b51a154b04","278bee47cd45eccaf00a839b10f2e01146092ada4f32ea3a0afa4a9b2b55b53f","MFCL quarterly dependent-variable gradients; log-scale delta method"
1982,4,1982.75,"spawning_potential",475.177986388665,0.0505634043414898,459.245508546462,491.663205293042,445.363067724786,506.988870680038,430.34490446892,524.68175271422,"21dcaea9db8c89ddc8c29fa3c3a5e514b50bef6e26587c168c00c05f35fbebc3","e289a150c45930c2f4f164fb43432d5c034d8caec7bda7ce664caca9e4ad20c5","2a1d8aca95b935951cb371014dc53250bca5ead96b6750c991b6e3b51a154b04","278bee47cd45eccaf00a839b10f2e01146092ada4f32ea3a0afa4a9b2b55b53f","MFCL quarterly dependent-variable gradients; log-scale delta method"
1983,1,1983,"spawning_potential",475.082960294314,0.0504039801301621,459.203044076043,491.512027356318,445.364987398559,506.783931265853,430.393306236926,524.412940190482,"21dcaea9db8c89ddc8c29fa3c3a5e514b50bef6e26587c168c00c05f35fbebc3","e289a150c45930c2f4f164fb43432d5c034d8caec7bda7ce664caca9e4ad20c5","2a1d8aca95b935951cb371014dc53250bca5ead96b6750c991b6e3b51a154b04","278bee47cd45eccaf00a839b10f2e01146092ada4f32ea3a0afa4a9b2b55b53f","MFCL quarterly dependent-variable gradients; log-scale delta method"
1983,2,1983.25,"spawning_potential",474.181159651657,0.0504287784982703,458.323720530095,490.58724673585,444.505470516857,505.838031435574,429.555456741772,523.44294232481,"21dcaea9db8c89ddc8c29fa3c3a5e514b50bef6e26587c168c00c05f35fbebc3","e289a150c45930c2f4f164fb43432d5c034d8caec7bda7ce664caca9e4ad20c5","2a1d8aca95b935951cb371014dc53250bca5ead96b6750c991b6e3b51a154b04","278bee47cd45eccaf00a839b10f2e01146092ada4f32ea3a0afa4a9b2b55b53f","MFCL quarterly dependent-variable gradients; log-scale delta method"
1983,3,1983.5,"spawning_potential",478.420207755406,0.0500704094400588,462.532795709321,494.853332157163,448.685245841686,510.125744739746,433.700083270719,527.751559240199,"21dcaea9db8c89ddc8c29fa3c3a5e514b50bef6e26587c168c00c05f35fbebc3","e289a150c45930c2f4f164fb43432d5c034d8caec7bda7ce664caca9e4ad20c5","2a1d8aca95b935951cb371014dc53250bca5ead96b6750c991b6e3b51a154b04","278bee47cd45eccaf00a839b10f2e01146092ada4f32ea3a0afa4a9b2b55b53f","MFCL quarterly dependent-variable gradients; log-scale delta method"
1983,4,1983.75,"spawning_potential",487.987329821583,0.0493871817457195,471.999673645914,504.516522706413,458.05864508388,519.871498163278,442.965701818468,537.584813200699,"21dcaea9db8c89ddc8c29fa3c3a5e514b50bef6e26587c168c00c05f35fbebc3","e289a150c45930c2f4f164fb43432d5c034d8caec7bda7ce664caca9e4ad20c5","2a1d8aca95b935951cb371014dc53250bca5ead96b6750c991b6e3b51a154b04","278bee47cd45eccaf00a839b10f2e01146092ada4f32ea3a0afa4a9b2b55b53f","MFCL quarterly dependent-variable gradients; log-scale delta method"
1984,1,1984,"spawning_potential",497.248271711996,0.0489522636814857,481.098312895074,513.940367474314,467.011831225408,529.442354965149,451.757155228226,547.320260142099,"21dcaea9db8c89ddc8c29fa3c3a5e514b50bef6e26587c168c00c05f35fbebc3","e289a150c45930c2f4f164fb43432d5c034d8caec7bda7ce664caca9e4ad20c5","2a1d8aca95b935951cb371014dc53250bca5ead96b6750c991b6e3b51a154b04","278bee47cd45eccaf00a839b10f2e01146092ada4f32ea3a0afa4a9b2b55b53f","MFCL quarterly dependent-variable gradients; log-scale delta method"
1984,2,1984.25,"spawning_potential",504.410006358692,0.0488651429794885,488.056122300229,521.311879698668,473.790974113114,537.007812339693,458.341950201985,555.108373568363,"21dcaea9db8c89ddc8c29fa3c3a5e514b50bef6e26587c168c00c05f35fbebc3","e289a150c45930c2f4f164fb43432d5c034d8caec7bda7ce664caca9e4ad20c5","2a1d8aca95b935951cb371014dc53250bca5ead96b6750c991b6e3b51a154b04","278bee47cd45eccaf00a839b10f2e01146092ada4f32ea3a0afa4a9b2b55b53f","MFCL quarterly dependent-variable gradients; log-scale delta method"
1984,3,1984.5,"spawning_potential",515.629993824866,0.0484496741290615,499.052167030886,532.758513230494,484.587825994441,548.660689084008,468.918896855948,566.99419092404,"21dcaea9db8c89ddc8c29fa3c3a5e514b50bef6e26587c168c00c05f35fbebc3","e289a150c45930c2f4f164fb43432d5c034d8caec7bda7ce664caca9e4ad20c5","2a1d8aca95b935951cb371014dc53250bca5ead96b6750c991b6e3b51a154b04","278bee47cd45eccaf00a839b10f2e01146092ada4f32ea3a0afa4a9b2b55b53f","MFCL quarterly dependent-variable gradients; log-scale delta method"
1984,4,1984.75,"spawning_potential",523.736891120227,0.0482317260076308,506.972943966339,541.055167509083,492.344166852898,557.131270333981,476.494888637792,575.662693684822,"21dcaea9db8c89ddc8c29fa3c3a5e514b50bef6e26587c168c00c05f35fbebc3","e289a150c45930c2f4f164fb43432d5c034d8caec7bda7ce664caca9e4ad20c5","2a1d8aca95b935951cb371014dc53250bca5ead96b6750c991b6e3b51a154b04","278bee47cd45eccaf00a839b10f2e01146092ada4f32ea3a0afa4a9b2b55b53f","MFCL quarterly dependent-variable gradients; log-scale delta method"
1985,1,1985,"spawning_potential",530.112602769454,0.0480502639823566,513.207389488584,547.574679107883,498.453622516279,563.782383998679,482.467062973994,582.463328963355,"21dcaea9db8c89ddc8c29fa3c3a5e514b50bef6e26587c168c00c05f35fbebc3","e289a150c45930c2f4f164fb43432d5c034d8caec7bda7ce664caca9e4ad20c5","2a1d8aca95b935951cb371014dc53250bca5ead96b6750c991b6e3b51a154b04","278bee47cd45eccaf00a839b10f2e01146092ada4f32ea3a0afa4a9b2b55b53f","MFCL quarterly dependent-variable gradients; log-scale delta method"
1985,2,1985.25,"spawning_potential",528.736100230983,0.0484056297034516,511.752106575905,546.283757497347,496.932961911137,562.574602844437,480.87922695576,581.35566690467,"21dcaea9db8c89ddc8c29fa3c3a5e514b50bef6e26587c168c00c05f35fbebc3","e289a150c45930c2f4f164fb43432d5c034d8caec7bda7ce664caca9e4ad20c5","2a1d8aca95b935951cb371014dc53250bca5ead96b6750c991b6e3b51a154b04","278bee47cd45eccaf00a839b10f2e01146092ada4f32ea3a0afa4a9b2b55b53f","MFCL quarterly dependent-variable gradients; log-scale delta method"
1985,3,1985.5,"spawning_potential",527.046848953782,0.0486381107446063,510.037134018951,544.623837098475,495.197758579063,560.94434229504,479.124507938641,579.762413296721,"21dcaea9db8c89ddc8c29fa3c3a5e514b50bef6e26587c168c00c05f35fbebc3","e289a150c45930c2f4f164fb43432d5c034d8caec7bda7ce664caca9e4ad20c5","2a1d8aca95b935951cb371014dc53250bca5ead96b6750c991b6e3b51a154b04","278bee47cd45eccaf00a839b10f2e01146092ada4f32ea3a0afa4a9b2b55b53f","MFCL quarterly dependent-variable gradients; log-scale delta method"
1985,4,1985.75,"spawning_potential",525.52062718301,0.048718123147221,508.532723961273,543.076023591071,493.713137423765,559.377315815235,477.662146104568,578.174200838527,"21dcaea9db8c89ddc8c29fa3c3a5e514b50bef6e26587c168c00c05f35fbebc3","e289a150c45930c2f4f164fb43432d5c034d8caec7bda7ce664caca9e4ad20c5","2a1d8aca95b935951cb371014dc53250bca5ead96b6750c991b6e3b51a154b04","278bee47cd45eccaf00a839b10f2e01146092ada4f32ea3a0afa4a9b2b55b53f","MFCL quarterly dependent-variable gradients; log-scale delta method"
1986,1,1986,"spawning_potential",521.385370000895,0.0489541922981704,504.450814307603,538.88842349099,489.680001818289,555.143569354596,473.684263146546,573.890089244677,"21dcaea9db8c89ddc8c29fa3c3a5e514b50bef6e26587c168c00c05f35fbebc3","e289a150c45930c2f4f164fb43432d5c034d8caec7bda7ce664caca9e4ad20c5","2a1d8aca95b935951cb371014dc53250bca5ead96b6750c991b6e3b51a154b04","278bee47cd45eccaf00a839b10f2e01146092ada4f32ea3a0afa4a9b2b55b53f","MFCL quarterly dependent-variable gradients; log-scale delta method"
1986,2,1986.25,"spawning_potential",515.991061179373,0.0492025719871006,499.148083150234,533.402379383436,484.459486614982,549.574902696894,468.555319677217,568.229116255537,"21dcaea9db8c89ddc8c29fa3c3a5e514b50bef6e26587c168c00c05f35fbebc3","e289a150c45930c2f4f164fb43432d5c034d8caec7bda7ce664caca9e4ad20c5","2a1d8aca95b935951cb371014dc53250bca5ead96b6750c991b6e3b51a154b04","278bee47cd45eccaf00a839b10f2e01146092ada4f32ea3a0afa4a9b2b55b53f","MFCL quarterly dependent-variable gradients; log-scale delta method"
1986,3,1986.5,"spawning_potential",513.982615056419,0.0491148337265071,497.234621474058,531.294719175177,482.628038325858,547.374183846875,466.811780506096,565.920012330934,"21dcaea9db8c89ddc8c29fa3c3a5e514b50bef6e26587c168c00c05f35fbebc3","e289a150c45930c2f4f164fb43432d5c034d8caec7bda7ce664caca9e4ad20c5","2a1d8aca95b935951cb371014dc53250bca5ead96b6750c991b6e3b51a154b04","278bee47cd45eccaf00a839b10f2e01146092ada4f32ea3a0afa4a9b2b55b53f","MFCL quarterly dependent-variable gradients; log-scale delta method"
1986,4,1986.75,"spawning_potential",515.320708623411,0.0487464982311457,498.652982820023,532.545561513226,484.112971133264,548.540213897788,468.365072436387,566.983851623996,"21dcaea9db8c89ddc8c29fa3c3a5e514b50bef6e26587c168c00c05f35fbebc3","e289a150c45930c2f4f164fb43432d5c034d8caec7bda7ce664caca9e4ad20c5","2a1d8aca95b935951cb371014dc53250bca5ead96b6750c991b6e3b51a154b04","278bee47cd45eccaf00a839b10f2e01146092ada4f32ea3a0afa4a9b2b55b53f","MFCL quarterly dependent-variable gradients; log-scale delta method"
1987,1,1987,"spawning_potential",517.903764424667,0.0483354453664445,501.291455562423,535.06658896531,486.795966996362,550.999448208751,471.092144112514,569.366975351596,"21dcaea9db8c89ddc8c29fa3c3a5e514b50bef6e26587c168c00c05f35fbebc3","e289a150c45930c2f4f164fb43432d5c034d8caec7bda7ce664caca9e4ad20c5","2a1d8aca95b935951cb371014dc53250bca5ead96b6750c991b6e3b51a154b04","278bee47cd45eccaf00a839b10f2e01146092ada4f32ea3a0afa4a9b2b55b53f","MFCL quarterly dependent-variable gradients; log-scale delta method"
1987,2,1987.25,"spawning_potential",515.114621560121,0.0485032615872317,498.535344824276,532.245258234509,484.070235672644,548.149945588612,468.401013838125,566.486974848279,"21dcaea9db8c89ddc8c29fa3c3a5e514b50bef6e26587c168c00c05f35fbebc3","e289a150c45930c2f4f164fb43432d5c034d8caec7bda7ce664caca9e4ad20c5","2a1d8aca95b935951cb371014dc53250bca5ead96b6750c991b6e3b51a154b04","278bee47cd45eccaf00a839b10f2e01146092ada4f32ea3a0afa4a9b2b55b53f","MFCL quarterly dependent-variable gradients; log-scale delta method"
1987,3,1987.5,"spawning_potential",517.33438350072,0.0483367515710622,500.739896968589,534.478810201254,486.259971851675,550.394603390688,470.573022938133,568.742472063165,"21dcaea9db8c89ddc8c29fa3c3a5e514b50bef6e26587c168c00c05f35fbebc3","e289a150c45930c2f4f164fb43432d5c034d8caec7bda7ce664caca9e4ad20c5","2a1d8aca95b935951cb371014dc53250bca5ead96b6750c991b6e3b51a154b04","278bee47cd45eccaf00a839b10f2e01146092ada4f32ea3a0afa4a9b2b55b53f","MFCL quarterly dependent-variable gradients; log-scale delta method"
1987,4,1987.75,"spawning_potential",520.395678302739,0.0481976185316022,503.750266529867,537.591104143092,489.224609696823,553.552819356313,473.48671043693,571.95198096746,"21dcaea9db8c89ddc8c29fa3c3a5e514b50bef6e26587c168c00c05f35fbebc3","e289a150c45930c2f4f164fb43432d5c034d8caec7bda7ce664caca9e4ad20c5","2a1d8aca95b935951cb371014dc53250bca5ead96b6750c991b6e3b51a154b04","278bee47cd45eccaf00a839b10f2e01146092ada4f32ea3a0afa4a9b2b55b53f","MFCL quarterly dependent-variable gradients; log-scale delta method"
1988,1,1988,"spawning_potential",523.89403575808,0.0480394344950106,507.190836368817,541.147317778636,492.613272726377,557.161115825924,476.817529796373,575.618435882799,"21dcaea9db8c89ddc8c29fa3c3a5e514b50bef6e26587c168c00c05f35fbebc3","e289a150c45930c2f4f164fb43432d5c034d8caec7bda7ce664caca9e4ad20c5","2a1d8aca95b935951cb371014dc53250bca5ead96b6750c991b6e3b51a154b04","278bee47cd45eccaf00a839b10f2e01146092ada4f32ea3a0afa4a9b2b55b53f","MFCL quarterly dependent-variable gradients; log-scale delta method"
1988,2,1988.25,"spawning_potential",521.593965865287,0.0483655526099153,504.853037735732,538.890023217983,490.245601150423,554.946876807572,474.420804387868,573.457704027356,"21dcaea9db8c89ddc8c29fa3c3a5e514b50bef6e26587c168c00c05f35fbebc3","e289a150c45930c2f4f164fb43432d5c034d8caec7bda7ce664caca9e4ad20c5","2a1d8aca95b935951cb371014dc53250bca5ead96b6750c991b6e3b51a154b04","278bee47cd45eccaf00a839b10f2e01146092ada4f32ea3a0afa4a9b2b55b53f","MFCL quarterly dependent-variable gradients; log-scale delta method"
1988,3,1988.5,"spawning_potential",522.011407992567,0.0483338781087332,505.267876253444,539.309785721857,490.657871180407,555.368467683646,474.829969834653,573.881025600115,"21dcaea9db8c89ddc8c29fa3c3a5e514b50bef6e26587c168c00c05f35fbebc3","e289a150c45930c2f4f164fb43432d5c034d8caec7bda7ce664caca9e4ad20c5","2a1d8aca95b935951cb371014dc53250bca5ead96b6750c991b6e3b51a154b04","278bee47cd45eccaf00a839b10f2e01146092ada4f32ea3a0afa4a9b2b55b53f","MFCL quarterly dependent-variable gradients; log-scale delta method"
1988,4,1988.75,"spawning_potential",521.437511144909,0.0482596882550811,504.73764375367,538.689914243235,490.165046018449,554.705155411598,474.376917902354,573.166753625573,"21dcaea9db8c89ddc8c29fa3c3a5e514b50bef6e26587c168c00c05f35fbebc3","e289a150c45930c2f4f164fb43432d5c034d8caec7bda7ce664caca9e4ad20c5","2a1d8aca95b935951cb371014dc53250bca5ead96b6750c991b6e3b51a154b04","278bee47cd45eccaf00a839b10f2e01146092ada4f32ea3a0afa4a9b2b55b53f","MFCL quarterly dependent-variable gradients; log-scale delta method"
1989,1,1989,"spawning_potential",519.511757195444,0.0482113896828871,502.889947468422,536.682960601922,488.385015079544,552.622331830431,472.669708848306,570.995900122118,"21dcaea9db8c89ddc8c29fa3c3a5e514b50bef6e26587c168c00c05f35fbebc3","e289a150c45930c2f4f164fb43432d5c034d8caec7bda7ce664caca9e4ad20c5","2a1d8aca95b935951cb371014dc53250bca5ead96b6750c991b6e3b51a154b04","278bee47cd45eccaf00a839b10f2e01146092ada4f32ea3a0afa4a9b2b55b53f","MFCL quarterly dependent-variable gradients; log-scale delta method"
1989,2,1989.25,"spawning_potential",515.578433403548,0.0483468542352933,499.036871797678,532.668297701712,484.603221107606,548.533541282077,468.966505461131,566.823254742845,"21dcaea9db8c89ddc8c29fa3c3a5e514b50bef6e26587c168c00c05f35fbebc3","e289a150c45930c2f4f164fb43432d5c034d8caec7bda7ce664caca9e4ad20c5","2a1d8aca95b935951cb371014dc53250bca5ead96b6750c991b6e3b51a154b04","278bee47cd45eccaf00a839b10f2e01146092ada4f32ea3a0afa4a9b2b55b53f","MFCL quarterly dependent-variable gradients; log-scale delta method"
1989,3,1989.5,"spawning_potential",518.16278105564,0.0480467927396316,501.639820336261,535.229973352869,487.219626363117,551.071125101213,471.594477610562,569.329541413828,"21dcaea9db8c89ddc8c29fa3c3a5e514b50bef6e26587c168c00c05f35fbebc3","e289a150c45930c2f4f164fb43432d5c034d8caec7bda7ce664caca9e4ad20c5","2a1d8aca95b935951cb371014dc53250bca5ead96b6750c991b6e3b51a154b04","278bee47cd45eccaf00a839b10f2e01146092ada4f32ea3a0afa4a9b2b55b53f","MFCL quarterly dependent-variable gradients; log-scale delta method"
1989,4,1989.75,"spawning_potential",527.310438270098,0.047435490297885,510.7063104426,544.454400940585,496.209598548122,560.360579727151,480.49536850806,578.686739836781,"21dcaea9db8c89ddc8c29fa3c3a5e514b50bef6e26587c168c00c05f35fbebc3","e289a150c45930c2f4f164fb43432d5c034d8caec7bda7ce664caca9e4ad20c5","2a1d8aca95b935951cb371014dc53250bca5ead96b6750c991b6e3b51a154b04","278bee47cd45eccaf00a839b10f2e01146092ada4f32ea3a0afa4a9b2b55b53f","MFCL quarterly dependent-variable gradients; log-scale delta method"
1990,1,1990,"spawning_potential",538.770365467734,0.0468686123369241,522.004935807865,556.074256763498,507.362073955135,572.122989886517,491.483638366488,590.606653094291,"21dcaea9db8c89ddc8c29fa3c3a5e514b50bef6e26587c168c00c05f35fbebc3","e289a150c45930c2f4f164fb43432d5c034d8caec7bda7ce664caca9e4ad20c5","2a1d8aca95b935951cb371014dc53250bca5ead96b6750c991b6e3b51a154b04","278bee47cd45eccaf00a839b10f2e01146092ada4f32ea3a0afa4a9b2b55b53f","MFCL quarterly dependent-variable gradients; log-scale delta method"
1990,2,1990.25,"spawning_potential",547.295809824768,0.0466951554192363,530.32712775473,564.807432574482,515.505097829368,581.047024972183,499.430584849654,599.748418575363,"21dcaea9db8c89ddc8c29fa3c3a5e514b50bef6e26587c168c00c05f35fbebc3","e289a150c45930c2f4f164fb43432d5c034d8caec7bda7ce664caca9e4ad20c5","2a1d8aca95b935951cb371014dc53250bca5ead96b6750c991b6e3b51a154b04","278bee47cd45eccaf00a839b10f2e01146092ada4f32ea3a0afa4a9b2b55b53f","MFCL quarterly dependent-variable gradients; log-scale delta method"
1990,3,1990.5,"spawning_potential",556.345465449982,0.0465027453330351,539.166170226852,574.072139571605,524.158319927008,590.509136571293,507.880272629625,609.435517792748,"21dcaea9db8c89ddc8c29fa3c3a5e514b50bef6e26587c168c00c05f35fbebc3","e289a150c45930c2f4f164fb43432d5c034d8caec7bda7ce664caca9e4ad20c5","2a1d8aca95b935951cb371014dc53250bca5ead96b6750c991b6e3b51a154b04","278bee47cd45eccaf00a839b10f2e01146092ada4f32ea3a0afa4a9b2b55b53f","MFCL quarterly dependent-variable gradients; log-scale delta method"
1990,4,1990.75,"spawning_potential",559.973489279193,0.0466312120485755,542.635143845161,577.865831677484,527.489594575073,594.457809064681,511.063549694257,613.564220894071,"21dcaea9db8c89ddc8c29fa3c3a5e514b50bef6e26587c168c00c05f35fbebc3","e289a150c45930c2f4f164fb43432d5c034d8caec7bda7ce664caca9e4ad20c5","2a1d8aca95b935951cb371014dc53250bca5ead96b6750c991b6e3b51a154b04","278bee47cd45eccaf00a839b10f2e01146092ada4f32ea3a0afa4a9b2b55b53f","MFCL quarterly dependent-variable gradients; log-scale delta method"
1991,1,1991,"spawning_potential",564.979497024466,0.0464759970189404,547.543471433016,582.970757048042,532.311080002172,599.652804628294,515.789203534794,618.861018940436,"21dcaea9db8c89ddc8c29fa3c3a5e514b50bef6e26587c168c00c05f35fbebc3","e289a150c45930c2f4f164fb43432d5c034d8caec7bda7ce664caca9e4ad20c5","2a1d8aca95b935951cb371014dc53250bca5ead96b6750c991b6e3b51a154b04","278bee47cd45eccaf00a839b10f2e01146092ada4f32ea3a0afa4a9b2b55b53f","MFCL quarterly dependent-variable gradients; log-scale delta method"
1991,2,1991.25,"spawning_potential",565.714447985217,0.0465202083925195,548.239392013371,583.746518986752,532.973335729655,600.466881182874,516.415414801361,619.71975949308,"21dcaea9db8c89ddc8c29fa3c3a5e514b50bef6e26587c168c00c05f35fbebc3","e289a150c45930c2f4f164fb43432d5c034d8caec7bda7ce664caca9e4ad20c5","2a1d8aca95b935951cb371014dc53250bca5ead96b6750c991b6e3b51a154b04","278bee47cd45eccaf00a839b10f2e01146092ada4f32ea3a0afa4a9b2b55b53f","MFCL quarterly dependent-variable gradients; log-scale delta method"
1991,3,1991.5,"spawning_potential",568.663824848658,0.0463175022190296,551.173014919948,586.709684505277,535.891210269227,603.44066014638,519.314049842367,622.703248236137,"21dcaea9db8c89ddc8c29fa3c3a5e514b50bef6e26587c168c00c05f35fbebc3","e289a150c45930c2f4f164fb43432d5c034d8caec7bda7ce664caca9e4ad20c5","2a1d8aca95b935951cb371014dc53250bca5ead96b6750c991b6e3b51a154b04","278bee47cd45eccaf00a839b10f2e01146092ada4f32ea3a0afa4a9b2b55b53f","MFCL quarterly dependent-variable gradients; log-scale delta method"
1991,4,1991.75,"spawning_potential",571.000132688833,0.0460813638987243,553.525617824998,589.026308866785,538.255738714523,605.736507908538,521.689001849068,624.972254302945,"21dcaea9db8c89ddc8c29fa3c3a5e514b50bef6e26587c168c00c05f35fbebc3","e289a150c45930c2f4f164fb43432d5c034d8caec7bda7ce664caca9e4ad20c5","2a1d8aca95b935951cb371014dc53250bca5ead96b6750c991b6e3b51a154b04","278bee47cd45eccaf00a839b10f2e01146092ada4f32ea3a0afa4a9b2b55b53f","MFCL quarterly dependent-variable gradients; log-scale delta method"
1992,1,1992,"spawning_potential",572.314944447927,0.0458224450871651,554.897089647943,590.279534257866,539.674195494258,606.929881719569,523.155686752109,626.093539519597,"21dcaea9db8c89ddc8c29fa3c3a5e514b50bef6e26587c168c00c05f35fbebc3","e289a150c45930c2f4f164fb43432d5c034d8caec7bda7ce664caca9e4ad20c5","2a1d8aca95b935951cb371014dc53250bca5ead96b6750c991b6e3b51a154b04","278bee47cd45eccaf00a839b10f2e01146092ada4f32ea3a0afa4a9b2b55b53f","MFCL quarterly dependent-variable gradients; log-scale delta method"
1992,2,1992.25,"spawning_potential",564.01984781247,0.0462147683896767,546.70975788841,581.878015046027,531.584853026311,598.43388485461,515.176809127792,617.49361207657,"21dcaea9db8c89ddc8c29fa3c3a5e514b50bef6e26587c168c00c05f35fbebc3","e289a150c45930c2f4f164fb43432d5c034d8caec7bda7ce664caca9e4ad20c5","2a1d8aca95b935951cb371014dc53250bca5ead96b6750c991b6e3b51a154b04","278bee47cd45eccaf00a839b10f2e01146092ada4f32ea3a0afa4a9b2b55b53f","MFCL quarterly dependent-variable gradients; log-scale delta method"
1992,3,1992.5,"spawning_potential",557.738069142908,0.0463167162799497,540.583597255427,575.436908094489,525.595645214885,591.846139904907,509.337237483291,610.738290623144,"21dcaea9db8c89ddc8c29fa3c3a5e514b50bef6e26587c168c00c05f35fbebc3","e289a150c45930c2f4f164fb43432d5c034d8caec7bda7ce664caca9e4ad20c5","2a1d8aca95b935951cb371014dc53250bca5ead96b6750c991b6e3b51a154b04","278bee47cd45eccaf00a839b10f2e01146092ada4f32ea3a0afa4a9b2b55b53f","MFCL quarterly dependent-variable gradients; log-scale delta method"
1992,4,1992.75,"spawning_potential",550.14916031759,0.0465097442496162,533.158682840137,567.681083211208,518.315850521803,583.937570679055,502.216859967055,602.656188440198,"21dcaea9db8c89ddc8c29fa3c3a5e514b50bef6e26587c168c00c05f35fbebc3","e289a150c45930c2f4f164fb43432d5c034d8caec7bda7ce664caca9e4ad20c5","2a1d8aca95b935951cb371014dc53250bca5ead96b6750c991b6e3b51a154b04","278bee47cd45eccaf00a839b10f2e01146092ada4f32ea3a0afa4a9b2b55b53f","MFCL quarterly dependent-variable gradients; log-scale delta method"
1993,1,1993,"spawning_potential",542.06690893263,0.0466391667996995,525.280182964701,559.390099396767,510.61656413292,575.454371047953,494.713276246982,593.953200506146,"21dcaea9db8c89ddc8c29fa3c3a5e514b50bef6e26587c168c00c05f35fbebc3","e289a150c45930c2f4f164fb43432d5c034d8caec7bda7ce664caca9e4ad20c5","2a1d8aca95b935951cb371014dc53250bca5ead96b6750c991b6e3b51a154b04","278bee47cd45eccaf00a839b10f2e01146092ada4f32ea3a0afa4a9b2b55b53f","MFCL quarterly dependent-variable gradients; log-scale delta method"
1993,2,1993.25,"spawning_potential",531.120774174259,0.0468473594075188,514.600760807823,548.171122632308,500.172048005326,563.984488706295,484.525617885751,582.196825815678,"21dcaea9db8c89ddc8c29fa3c3a5e514b50bef6e26587c168c00c05f35fbebc3","e289a150c45930c2f4f164fb43432d5c034d8caec7bda7ce664caca9e4ad20c5","2a1d8aca95b935951cb371014dc53250bca5ead96b6750c991b6e3b51a154b04","278bee47cd45eccaf00a839b10f2e01146092ada4f32ea3a0afa4a9b2b55b53f","MFCL quarterly dependent-variable gradients; log-scale delta method"
1993,3,1993.5,"spawning_potential",522.011407992567,0.0468011603727591,505.790493492935,538.752534063174,491.622596421133,554.278652075946,476.258537729088,572.159632819826,"21dcaea9db8c89ddc8c29fa3c3a5e514b50bef6e26587c168c00c05f35fbebc3","e289a150c45930c2f4f164fb43432d5c034d8caec7bda7ce664caca9e4ad20c5","2a1d8aca95b935951cb371014dc53250bca5ead96b6750c991b6e3b51a154b04","278bee47cd45eccaf00a839b10f2e01146092ada4f32ea3a0afa4a9b2b55b53f","MFCL quarterly dependent-variable gradients; log-scale delta method"
1993,4,1993.75,"spawning_potential",513.879828812375,0.0468126967929339,497.907719611837,530.364298561396,483.957240709975,545.652500358992,468.829068394925,563.259610510735,"21dcaea9db8c89ddc8c29fa3c3a5e514b50bef6e26587c168c00c05f35fbebc3","e289a150c45930c2f4f164fb43432d5c034d8caec7bda7ce664caca9e4ad20c5","2a1d8aca95b935951cb371014dc53250bca5ead96b6750c991b6e3b51a154b04","278bee47cd45eccaf00a839b10f2e01146092ada4f32ea3a0afa4a9b2b55b53f","MFCL quarterly dependent-variable gradients; log-scale delta method"
1994,1,1994,"spawning_potential",512.289267986112,0.0465125925869378,496.46707896868,528.615703258548,482.644885333781,543.754429122876,467.652938187392,561.186026353125,"21dcaea9db8c89ddc8c29fa3c3a5e514b50bef6e26587c168c00c05f35fbebc3","e289a150c45930c2f4f164fb43432d5c034d8caec7bda7ce664caca9e4ad20c5","2a1d8aca95b935951cb371014dc53250bca5ead96b6750c991b6e3b51a154b04","278bee47cd45eccaf00a839b10f2e01146092ada4f32ea3a0afa4a9b2b55b53f","MFCL quarterly dependent-variable gradients; log-scale delta method"
1994,2,1994.25,"spawning_potential",509.938149072681,0.0464360076457782,494.214103327043,526.162475188601,480.476972747516,541.205782230729,465.576554392988,558.526655661826,"21dcaea9db8c89ddc8c29fa3c3a5e514b50bef6e26587c168c00c05f35fbebc3","e289a150c45930c2f4f164fb43432d5c034d8caec7bda7ce664caca9e4ad20c5","2a1d8aca95b935951cb371014dc53250bca5ead96b6750c991b6e3b51a154b04","278bee47cd45eccaf00a839b10f2e01146092ada4f32ea3a0afa4a9b2b55b53f","MFCL quarterly dependent-variable gradients; log-scale delta method"
1994,3,1994.5,"spawning_potential",508.461470658976,0.0463930089539906,492.797250576035,524.623598939497,479.112008739939,539.608823048766,464.267463147268,556.862342650706,"21dcaea9db8c89ddc8c29fa3c3a5e514b50bef6e26587c168c00c05f35fbebc3","e289a150c45930c2f4f164fb43432d5c034d8caec7bda7ce664caca9e4ad20c5","2a1d8aca95b935951cb371014dc53250bca5ead96b6750c991b6e3b51a154b04","278bee47cd45eccaf00a839b10f2e01146092ada4f32ea3a0afa4a9b2b55b53f","MFCL quarterly dependent-variable gradients; log-scale delta method"
1994,4,1994.75,"spawning_potential",502.095048813835,0.0467184492938582,486.520153784972,518.168540567362,472.915790656396,533.074689033876,458.162059855614,550.240755689842,"21dcaea9db8c89ddc8c29fa3c3a5e514b50bef6e26587c168c00c05f35fbebc3","e289a150c45930c2f4f164fb43432d5c034d8caec7bda7ce664caca9e4ad20c5","2a1d8aca95b935951cb371014dc53250bca5ead96b6750c991b6e3b51a154b04","278bee47cd45eccaf00a839b10f2e01146092ada4f32ea3a0afa4a9b2b55b53f","MFCL quarterly dependent-variable gradients; log-scale delta method"
1995,1,1995,"spawning_potential",494.372579305564,0.0471698808169031,478.891395948309,510.354224855644,465.372801217864,525.179483050233,450.716335819716,542.257352897449,"21dcaea9db8c89ddc8c29fa3c3a5e514b50bef6e26587c168c00c05f35fbebc3","e289a150c45930c2f4f164fb43432d5c034d8caec7bda7ce664caca9e4ad20c5","2a1d8aca95b935951cb371014dc53250bca5ead96b6750c991b6e3b51a154b04","278bee47cd45eccaf00a839b10f2e01146092ada4f32ea3a0afa4a9b2b55b53f","MFCL quarterly dependent-variable gradients; log-scale delta method"
1995,2,1995.25,"spawning_potential",484.534890442754,0.04781064695023,469.158962718529,500.414739379547,455.737794735531,515.151612985298,441.192944631482,532.134665599588,"21dcaea9db8c89ddc8c29fa3c3a5e514b50bef6e26587c168c00c05f35fbebc3","e289a150c45930c2f4f164fb43432d5c034d8caec7bda7ce664caca9e4ad20c5","2a1d8aca95b935951cb371014dc53250bca5ead96b6750c991b6e3b51a154b04","278bee47cd45eccaf00a839b10f2e01146092ada4f32ea3a0afa4a9b2b55b53f","MFCL quarterly dependent-variable gradients; log-scale delta method"
1995,3,1995.5,"spawning_potential",476.700991453582,0.0481633737704737,461.463859573285,492.441240063653,448.166849490673,507.051861401804,433.759817092685,523.893238373141,"21dcaea9db8c89ddc8c29fa3c3a5e514b50bef6e26587c168c00c05f35fbebc3","e289a150c45930c2f4f164fb43432d5c034d8caec7bda7ce664caca9e4ad20c5","2a1d8aca95b935951cb371014dc53250bca5ead96b6750c991b6e3b51a154b04","278bee47cd45eccaf00a839b10f2e01146092ada4f32ea3a0afa4a9b2b55b53f","MFCL quarterly dependent-variable gradients; log-scale delta method"
1995,4,1995.75,"spawning_potential",471.06186898019,0.0482205652147766,455.987394298342,486.634690304456,442.832812854585,501.090429538643,428.58062251533,517.753889816081,"21dcaea9db8c89ddc8c29fa3c3a5e514b50bef6e26587c168c00c05f35fbebc3","e289a150c45930c2f4f164fb43432d5c034d8caec7bda7ce664caca9e4ad20c5","2a1d8aca95b935951cb371014dc53250bca5ead96b6750c991b6e3b51a154b04","278bee47cd45eccaf00a839b10f2e01146092ada4f32ea3a0afa4a9b2b55b53f","MFCL quarterly dependent-variable gradients; log-scale delta method"
1996,1,1996,"spawning_potential",466.001774489477,0.0483034470502082,451.064011634185,481.434227130177,438.029422968459,495.760427132261,423.907989373522,512.275444839505,"21dcaea9db8c89ddc8c29fa3c3a5e514b50bef6e26587c168c00c05f35fbebc3","e289a150c45930c2f4f164fb43432d5c034d8caec7bda7ce664caca9e4ad20c5","2a1d8aca95b935951cb371014dc53250bca5ead96b6750c991b6e3b51a154b04","278bee47cd45eccaf00a839b10f2e01146092ada4f32ea3a0afa4a9b2b55b53f","MFCL quarterly dependent-variable gradients; log-scale delta method"
1996,2,1996.25,"spawning_potential",462.242406112362,0.048374083580318,447.40383397925,477.573113551941,434.456384813773,491.805505632363,420.429993007189,508.213128374246,"21dcaea9db8c89ddc8c29fa3c3a5e514b50bef6e26587c168c00c05f35fbebc3","e289a150c45930c2f4f164fb43432d5c034d8caec7bda7ce664caca9e4ad20c5","2a1d8aca95b935951cb371014dc53250bca5ead96b6750c991b6e3b51a154b04","278bee47cd45eccaf00a839b10f2e01146092ada4f32ea3a0afa4a9b2b55b53f","MFCL quarterly dependent-variable gradients; log-scale delta method"
1996,3,1996.5,"spawning_potential",463.492146999846,0.048197698458841,448.666831285024,478.807336203678,435.729486122382,493.023715797351,421.712452211515,509.411019769412,"21dcaea9db8c89ddc8c29fa3c3a5e514b50bef6e26587c168c00c05f35fbebc3","e289a150c45930c2f4f164fb43432d5c034d8caec7bda7ce664caca9e4ad20c5","2a1d8aca95b935951cb371014dc53250bca5ead96b6750c991b6e3b51a154b04","278bee47cd45eccaf00a839b10f2e01146092ada4f32ea3a0afa4a9b2b55b53f","MFCL quarterly dependent-variable gradients; log-scale delta method"
1996,4,1996.75,"spawning_potential",473.612483533987,0.0474000592021654,458.710176987993,488.998927453711,445.698993613109,503.274155368506,431.594734404409,519.720855419546,"21dcaea9db8c89ddc8c29fa3c3a5e514b50bef6e26587c168c00c05f35fbebc3","e289a150c45930c2f4f164fb43432d5c034d8caec7bda7ce664caca9e4ad20c5","2a1d8aca95b935951cb371014dc53250bca5ead96b6750c991b6e3b51a154b04","278bee47cd45eccaf00a839b10f2e01146092ada4f32ea3a0afa4a9b2b55b53f","MFCL quarterly dependent-variable gradients; log-scale delta method"
1997,1,1997,"spawning_potential",486.136496778211,0.0466265080379654,471.085845810886,501.667998733852,457.93862457847,516.070671517019,443.679815291164,532.655949977578,"21dcaea9db8c89ddc8c29fa3c3a5e514b50bef6e26587c168c00c05f35fbebc3","e289a150c45930c2f4f164fb43432d5c034d8caec7bda7ce664caca9e4ad20c5","2a1d8aca95b935951cb371014dc53250bca5ead96b6750c991b6e3b51a154b04","278bee47cd45eccaf00a839b10f2e01146092ada4f32ea3a0afa4a9b2b55b53f","MFCL quarterly dependent-variable gradients; log-scale delta method"
1997,2,1997.25,"spawning_potential",495.857923946434,0.0461902803826468,480.647700983067,511.549478417519,467.35737216314,526.096506411031,452.939315911801,542.84331720134,"21dcaea9db8c89ddc8c29fa3c3a5e514b50bef6e26587c168c00c05f35fbebc3","e289a150c45930c2f4f164fb43432d5c034d8caec7bda7ce664caca9e4ad20c5","2a1d8aca95b935951cb371014dc53250bca5ead96b6750c991b6e3b51a154b04","278bee47cd45eccaf00a839b10f2e01146092ada4f32ea3a0afa4a9b2b55b53f","MFCL quarterly dependent-variable gradients; log-scale delta method"
1997,3,1997.5,"spawning_potential",499.89068375855,0.0461002812852619,484.586172836632,515.678551548017,471.212685838451,530.314024258385,456.70357636251,547.161679133073,"21dcaea9db8c89ddc8c29fa3c3a5e514b50bef6e26587c168c00c05f35fbebc3","e289a150c45930c2f4f164fb43432d5c034d8caec7bda7ce664caca9e4ad20c5","2a1d8aca95b935951cb371014dc53250bca5ead96b6750c991b6e3b51a154b04","278bee47cd45eccaf00a839b10f2e01146092ada4f32ea3a0afa4a9b2b55b53f","MFCL quarterly dependent-variable gradients; log-scale delta method"
1997,4,1997.75,"spawning_potential",500.040673461008,0.0461896744010142,484.702344613969,515.864381292561,471.300074731891,530.533917817813,456.760573197007,547.421756140701,"21dcaea9db8c89ddc8c29fa3c3a5e514b50bef6e26587c168c00c05f35fbebc3","e289a150c45930c2f4f164fb43432d5c034d8caec7bda7ce664caca9e4ad20c5","2a1d8aca95b935951cb371014dc53250bca5ead96b6750c991b6e3b51a154b04","278bee47cd45eccaf00a839b10f2e01146092ada4f32ea3a0afa4a9b2b55b53f","MFCL quarterly dependent-variable gradients; log-scale delta method"
1998,1,1998,"spawning_potential",496.800949592604,0.0464464955135492,481.478586072393,512.610925294617,468.092470527065,527.270142239647,453.572889685918,544.148887926306,"21dcaea9db8c89ddc8c29fa3c3a5e514b50bef6e26587c168c00c05f35fbebc3","e289a150c45930c2f4f164fb43432d5c034d8caec7bda7ce664caca9e4ad20c5","2a1d8aca95b935951cb371014dc53250bca5ead96b6750c991b6e3b51a154b04","278bee47cd45eccaf00a839b10f2e01146092ada4f32ea3a0afa4a9b2b55b53f","MFCL quarterly dependent-variable gradients; log-scale delta method"
1998,2,1998.25,"spawning_potential",487.402096236176,0.0473284426820082,472.088700422544,503.212220929645,458.717981676235,517.879858442283,444.223315547963,534.777881080779,"21dcaea9db8c89ddc8c29fa3c3a5e514b50bef6e26587c168c00c05f35fbebc3","e289a150c45930c2f4f164fb43432d5c034d8caec7bda7ce664caca9e4ad20c5","2a1d8aca95b935951cb371014dc53250bca5ead96b6750c991b6e3b51a154b04","278bee47cd45eccaf00a839b10f2e01146092ada4f32ea3a0afa4a9b2b55b53f","MFCL quarterly dependent-variable gradients; log-scale delta method"
1998,3,1998.5,"spawning_potential",483.42174080753,0.0477835480626725,468.08969270756,499.255982616532,454.706593369575,513.950276712702,440.202746718782,530.883964780613,"21dcaea9db8c89ddc8c29fa3c3a5e514b50bef6e26587c168c00c05f35fbebc3","e289a150c45930c2f4f164fb43432d5c034d8caec7bda7ce664caca9e4ad20c5","2a1d8aca95b935951cb371014dc53250bca5ead96b6750c991b6e3b51a154b04","278bee47cd45eccaf00a839b10f2e01146092ada4f32ea3a0afa4a9b2b55b53f","MFCL quarterly dependent-variable gradients; log-scale delta method"
1998,4,1998.75,"spawning_potential",480.866383260413,0.0480527198825354,465.530853565881,496.707096379867,452.147025068559,511.409930243129,437.644895949031,528.356392797689,"21dcaea9db8c89ddc8c29fa3c3a5e514b50bef6e26587c168c00c05f35fbebc3","e289a150c45930c2f4f164fb43432d5c034d8caec7bda7ce664caca9e4ad20c5","2a1d8aca95b935951cb371014dc53250bca5ead96b6750c991b6e3b51a154b04","278bee47cd45eccaf00a839b10f2e01146092ada4f32ea3a0afa4a9b2b55b53f","MFCL quarterly dependent-variable gradients; log-scale delta method"
1999,1,1999,"spawning_potential",476.224528733195,0.0483541780091792,460.94330122125,492.012360666233,447.609441357558,506.668941296951,433.164253598164,523.565367832824,"21dcaea9db8c89ddc8c29fa3c3a5e514b50bef6e26587c168c00c05f35fbebc3","e289a150c45930c2f4f164fb43432d5c034d8caec7bda7ce664caca9e4ad20c5","2a1d8aca95b935951cb371014dc53250bca5ead96b6750c991b6e3b51a154b04","278bee47cd45eccaf00a839b10f2e01146092ada4f32ea3a0afa4a9b2b55b53f","MFCL quarterly dependent-variable gradients; log-scale delta method"
1999,2,1999.25,"spawning_potential",470.120686738198,0.0485989448575708,454.960204213575,485.786356811644,441.73377789931,500.331808788172,427.407230619122,517.102763514424,"21dcaea9db8c89ddc8c29fa3c3a5e514b50bef6e26587c168c00c05f35fbebc3","e289a150c45930c2f4f164fb43432d5c034d8caec7bda7ce664caca9e4ad20c5","2a1d8aca95b935951cb371014dc53250bca5ead96b6750c991b6e3b51a154b04","278bee47cd45eccaf00a839b10f2e01146092ada4f32ea3a0afa4a9b2b55b53f","MFCL quarterly dependent-variable gradients; log-scale delta method"
1999,3,1999.5,"spawning_potential",458.146701617989,0.049071517160434,443.231056666683,473.564288978265,430.222175472072,487.883731174773,416.135544674247,504.399114398535,"21dcaea9db8c89ddc8c29fa3c3a5e514b50bef6e26587c168c00c05f35fbebc3","e289a150c45930c2f4f164fb43432d5c034d8caec7bda7ce664caca9e4ad20c5","2a1d8aca95b935951cb371014dc53250bca5ead96b6750c991b6e3b51a154b04","278bee47cd45eccaf00a839b10f2e01146092ada4f32ea3a0afa4a9b2b55b53f","MFCL quarterly dependent-variable gradients; log-scale delta method"
1999,4,1999.75,"spawning_potential",444.917753743359,0.0496283115616532,430.271177200798,460.062904710108,417.501526953783,474.134332011556,403.6788914432,490.369478791262,"21dcaea9db8c89ddc8c29fa3c3a5e514b50bef6e26587c168c00c05f35fbebc3","e289a150c45930c2f4f164fb43432d5c034d8caec7bda7ce664caca9e4ad20c5","2a1d8aca95b935951cb371014dc53250bca5ead96b6750c991b6e3b51a154b04","278bee47cd45eccaf00a839b10f2e01146092ada4f32ea3a0afa4a9b2b55b53f","MFCL quarterly dependent-variable gradients; log-scale delta method"
2000,1,2000,"spawning_potential",435.062388235433,0.0498984052904152,420.663606194516,449.954022334882,408.112169807461,463.792299422037,394.528099063778,479.761218798565,"21dcaea9db8c89ddc8c29fa3c3a5e514b50bef6e26587c168c00c05f35fbebc3","e289a150c45930c2f4f164fb43432d5c034d8caec7bda7ce664caca9e4ad20c5","2a1d8aca95b935951cb371014dc53250bca5ead96b6750c991b6e3b51a154b04","278bee47cd45eccaf00a839b10f2e01146092ada4f32ea3a0afa4a9b2b55b53f","MFCL quarterly dependent-variable gradients; log-scale delta method"
2000,2,2000.25,"spawning_potential",428.756621475583,0.0499211590905607,414.560172082828,443.439222671943,402.185289848603,457.083451581129,388.792494508291,472.82867610819,"21dcaea9db8c89ddc8c29fa3c3a5e514b50bef6e26587c168c00c05f35fbebc3","e289a150c45930c2f4f164fb43432d5c034d8caec7bda7ce664caca9e4ad20c5","2a1d8aca95b935951cb371014dc53250bca5ead96b6750c991b6e3b51a154b04","278bee47cd45eccaf00a839b10f2e01146092ada4f32ea3a0afa4a9b2b55b53f","MFCL quarterly dependent-variable gradients; log-scale delta method"
2000,3,2000.5,"spawning_potential",422.373266999467,0.0500563257138786,408.350944761676,436.877100357688,396.128906382423,450.356370871801,382.902675697268,465.912588233909,"21dcaea9db8c89ddc8c29fa3c3a5e514b50bef6e26587c168c00c05f35fbebc3","e289a150c45930c2f4f164fb43432d5c034d8caec7bda7ce664caca9e4ad20c5","2a1d8aca95b935951cb371014dc53250bca5ead96b6750c991b6e3b51a154b04","278bee47cd45eccaf00a839b10f2e01146092ada4f32ea3a0afa4a9b2b55b53f","MFCL quarterly dependent-variable gradients; log-scale delta method"
2000,4,2000.75,"spawning_potential",414.051118994831,0.0504256729264682,400.205370860289,428.375883043109,388.140094189643,441.691883181509,375.086602460908,457.063323552697,"21dcaea9db8c89ddc8c29fa3c3a5e514b50bef6e26587c168c00c05f35fbebc3","e289a150c45930c2f4f164fb43432d5c034d8caec7bda7ce664caca9e4ad20c5","2a1d8aca95b935951cb371014dc53250bca5ead96b6750c991b6e3b51a154b04","278bee47cd45eccaf00a839b10f2e01146092ada4f32ea3a0afa4a9b2b55b53f","MFCL quarterly dependent-variable gradients; log-scale delta method"
2001,1,2001,"spawning_potential",408.989483106322,0.0503220472112617,395.340625756137,423.109557667259,383.446130794234,436.23441171542,370.576552146783,451.38419126238,"21dcaea9db8c89ddc8c29fa3c3a5e514b50bef6e26587c168c00c05f35fbebc3","e289a150c45930c2f4f164fb43432d5c034d8caec7bda7ce664caca9e4ad20c5","2a1d8aca95b935951cb371014dc53250bca5ead96b6750c991b6e3b51a154b04","278bee47cd45eccaf00a839b10f2e01146092ada4f32ea3a0afa4a9b2b55b53f","MFCL quarterly dependent-variable gradients; log-scale delta method"
2001,2,2001.25,"spawning_potential",400.490258167171,0.0505230496034373,387.072557652189,414.373077388067,375.381014462911,427.279059694306,362.732658301789,442.17812544842,"21dcaea9db8c89ddc8c29fa3c3a5e514b50bef6e26587c168c00c05f35fbebc3","e289a150c45930c2f4f164fb43432d5c034d8caec7bda7ce664caca9e4ad20c5","2a1d8aca95b935951cb371014dc53250bca5ead96b6750c991b6e3b51a154b04","278bee47cd45eccaf00a839b10f2e01146092ada4f32ea3a0afa4a9b2b55b53f","MFCL quarterly dependent-variable gradients; log-scale delta method"
2001,3,2001.5,"spawning_potential",390.563060202328,0.0508331038804947,377.399019351237,404.186275462051,365.930783053472,416.853435291114,353.526479510076,431.479713219783,"21dcaea9db8c89ddc8c29fa3c3a5e514b50bef6e26587c168c00c05f35fbebc3","e289a150c45930c2f4f164fb43432d5c034d8caec7bda7ce664caca9e4ad20c5","2a1d8aca95b935951cb371014dc53250bca5ead96b6750c991b6e3b51a154b04","278bee47cd45eccaf00a839b10f2e01146092ada4f32ea3a0afa4a9b2b55b53f","MFCL quarterly dependent-variable gradients; log-scale delta method"
2001,4,2001.75,"spawning_potential",385.557154238393,0.0506561488634783,372.606308423062,398.958138453265,361.32252306071,411.417251061958,349.116338456706,425.801667838134,"21dcaea9db8c89ddc8c29fa3c3a5e514b50bef6e26587c168c00c05f35fbebc3","e289a150c45930c2f4f164fb43432d5c034d8caec7bda7ce664caca9e4ad20c5","2a1d8aca95b935951cb371014dc53250bca5ead96b6750c991b6e3b51a154b04","278bee47cd45eccaf00a839b10f2e01146092ada4f32ea3a0afa4a9b2b55b53f","MFCL quarterly dependent-variable gradients; log-scale delta method"
2002,1,2002,"spawning_potential",387.412277312279,0.0498427516894029,374.60458022087,400.657868421666,363.43969621007,412.966096376921,351.355820581147,427.168880720514,"21dcaea9db8c89ddc8c29fa3c3a5e514b50bef6e26587c168c00c05f35fbebc3","e289a150c45930c2f4f164fb43432d5c034d8caec7bda7ce664caca9e4ad20c5","2a1d8aca95b935951cb371014dc53250bca5ead96b6750c991b6e3b51a154b04","278bee47cd45eccaf00a839b10f2e01146092ada4f32ea3a0afa4a9b2b55b53f","MFCL quarterly dependent-variable gradients; log-scale delta method"
2002,2,2002.25,"spawning_potential",388.615118812998,0.0492513926819766,375.917566938711,401.741562119291,364.844502637501,413.934455578441,352.855451131346,427.998802585665,"21dcaea9db8c89ddc8c29fa3c3a5e514b50bef6e26587c168c00c05f35fbebc3","e289a150c45930c2f4f164fb43432d5c034d8caec7bda7ce664caca9e4ad20c5","2a1d8aca95b935951cb371014dc53250bca5ead96b6750c991b6e3b51a154b04","278bee47cd45eccaf00a839b10f2e01146092ada4f32ea3a0afa4a9b2b55b53f","MFCL quarterly dependent-variable gradients; log-scale delta method"
2002,3,2002.5,"spawning_potential",387.683560844558,0.0491130638027838,375.051437751071,400.741147002006,364.034454446698,412.869005977902,352.105063111466,426.857092087699,"21dcaea9db8c89ddc8c29fa3c3a5e514b50bef6e26587c168c00c05f35fbebc3","e289a150c45930c2f4f164fb43432d5c034d8caec7bda7ce664caca9e4ad20c5","2a1d8aca95b935951cb371014dc53250bca5ead96b6750c991b6e3b51a154b04","278bee47cd45eccaf00a839b10f2e01146092ada4f32ea3a0afa4a9b2b55b53f","MFCL quarterly dependent-variable gradients; log-scale delta method"
2002,4,2002.75,"spawning_potential",385.827138729908,0.0491938471762263,373.235167311119,398.843930096277,362.253770669398,410.934524450716,350.363530250214,424.880354625371,"21dcaea9db8c89ddc8c29fa3c3a5e514b50bef6e26587c168c00c05f35fbebc3","e289a150c45930c2f4f164fb43432d5c034d8caec7bda7ce664caca9e4ad20c5","2a1d8aca95b935951cb371014dc53250bca5ead96b6750c991b6e3b51a154b04","278bee47cd45eccaf00a839b10f2e01146092ada4f32ea3a0afa4a9b2b55b53f","MFCL quarterly dependent-variable gradients; log-scale delta method"
2003,1,2003,"spawning_potential",384.902263890703,0.0491553811180911,372.35013745226,397.877529364906,361.403219456167,409.929255669392,349.550018330379,423.829909824704,"21dcaea9db8c89ddc8c29fa3c3a5e514b50bef6e26587c168c00c05f35fbebc3","e289a150c45930c2f4f164fb43432d5c034d8caec7bda7ce664caca9e4ad20c5","2a1d8aca95b935951cb371014dc53250bca5ead96b6750c991b6e3b51a154b04","278bee47cd45eccaf00a839b10f2e01146092ada4f32ea3a0afa4a9b2b55b53f","MFCL quarterly dependent-variable gradients; log-scale delta method"
2003,2,2003.25,"spawning_potential",379.778976243038,0.0494519947727193,367.320431854504,392.660081738498,356.457194357063,404.626622998476,344.696842491699,418.43165650606,"21dcaea9db8c89ddc8c29fa3c3a5e514b50bef6e26587c168c00c05f35fbebc3","e289a150c45930c2f4f164fb43432d5c034d8caec7bda7ce664caca9e4ad20c5","2a1d8aca95b935951cb371014dc53250bca5ead96b6750c991b6e3b51a154b04","278bee47cd45eccaf00a839b10f2e01146092ada4f32ea3a0afa4a9b2b55b53f","MFCL quarterly dependent-variable gradients; log-scale delta method"
2003,3,2003.5,"spawning_potential",378.944380886816,0.0492880136822649,366.553755078366,391.75384733132,355.748603317098,403.652586311617,344.049901842714,417.377953130007,"21dcaea9db8c89ddc8c29fa3c3a5e514b50bef6e26587c168c00c05f35fbebc3","e289a150c45930c2f4f164fb43432d5c034d8caec7bda7ce664caca9e4ad20c5","2a1d8aca95b935951cb371014dc53250bca5ead96b6750c991b6e3b51a154b04","278bee47cd45eccaf00a839b10f2e01146092ada4f32ea3a0afa4a9b2b55b53f","MFCL quarterly dependent-variable gradients; log-scale delta method"
2003,4,2003.75,"spawning_potential",379.627095030809,0.0488404529449328,367.325015562615,392.341183354457,356.59400120872,404.147940775865,344.972227321985,417.763286048581,"21dcaea9db8c89ddc8c29fa3c3a5e514b50bef6e26587c168c00c05f35fbebc3","e289a150c45930c2f4f164fb43432d5c034d8caec7bda7ce664caca9e4ad20c5","2a1d8aca95b935951cb371014dc53250bca5ead96b6750c991b6e3b51a154b04","278bee47cd45eccaf00a839b10f2e01146092ada4f32ea3a0afa4a9b2b55b53f","MFCL quarterly dependent-variable gradients; log-scale delta method"
2004,1,2004,"spawning_potential",380.767686347433,0.048199121501022,368.588051427206,393.349785498975,357.959475268095,405.029175042205,346.443899669905,418.492088053849,"21dcaea9db8c89ddc8c29fa3c3a5e514b50bef6e26587c168c00c05f35fbebc3","e289a150c45930c2f4f164fb43432d5c034d8caec7bda7ce664caca9e4ad20c5","2a1d8aca95b935951cb371014dc53250bca5ead96b6750c991b6e3b51a154b04","278bee47cd45eccaf00a839b10f2e01146092ada4f32ea3a0afa4a9b2b55b53f","MFCL quarterly dependent-variable gradients; log-scale delta method"
2004,2,2004.25,"spawning_potential",380.996215511134,0.0476182186272824,368.953803209571,393.431684322155,358.441060048248,404.970669973656,347.046733140961,418.266770356968,"21dcaea9db8c89ddc8c29fa3c3a5e514b50bef6e26587c168c00c05f35fbebc3","e289a150c45930c2f4f164fb43432d5c034d8caec7bda7ce664caca9e4ad20c5","2a1d8aca95b935951cb371014dc53250bca5ead96b6750c991b6e3b51a154b04","278bee47cd45eccaf00a839b10f2e01146092ada4f32ea3a0afa4a9b2b55b53f","MFCL quarterly dependent-variable gradients; log-scale delta method"
2004,3,2004.5,"spawning_potential",374.012583300005,0.0477916361081708,362.148545135673,386.265289052418,351.792669851217,397.635949964235,340.569615841074,410.739555028363,"21dcaea9db8c89ddc8c29fa3c3a5e514b50bef6e26587c168c00c05f35fbebc3","e289a150c45930c2f4f164fb43432d5c034d8caec7bda7ce664caca9e4ad20c5","2a1d8aca95b935951cb371014dc53250bca5ead96b6750c991b6e3b51a154b04","278bee47cd45eccaf00a839b10f2e01146092ada4f32ea3a0afa4a9b2b55b53f","MFCL quarterly dependent-variable gradients; log-scale delta method"
2004,4,2004.75,"spawning_potential",362.378571148539,0.0484443073103762,350.729143031816,374.414933679304,340.564850508189,385.589495309643,329.554039303507,398.472520941299,"21dcaea9db8c89ddc8c29fa3c3a5e514b50bef6e26587c168c00c05f35fbebc3","e289a150c45930c2f4f164fb43432d5c034d8caec7bda7ce664caca9e4ad20c5","2a1d8aca95b935951cb371014dc53250bca5ead96b6750c991b6e3b51a154b04","278bee47cd45eccaf00a839b10f2e01146092ada4f32ea3a0afa4a9b2b55b53f","MFCL quarterly dependent-variable gradients; log-scale delta method"
2005,1,2005,"spawning_potential",352.196564648663,0.0490057763620658,340.745392274195,364.032567901914,330.757676671935,375.025067893897,319.942049899965,387.702773640114,"21dcaea9db8c89ddc8c29fa3c3a5e514b50bef6e26587c168c00c05f35fbebc3","e289a150c45930c2f4f164fb43432d5c034d8caec7bda7ce664caca9e4ad20c5","2a1d8aca95b935951cb371014dc53250bca5ead96b6750c991b6e3b51a154b04","278bee47cd45eccaf00a839b10f2e01146092ada4f32ea3a0afa4a9b2b55b53f","MFCL quarterly dependent-variable gradients; log-scale delta method"
2005,2,2005.25,"spawning_potential",343.191788839831,0.0495002246727495,331.922679214931,354.843496098731,322.096874123053,365.668261288643,311.459958072287,378.156488095808,"21dcaea9db8c89ddc8c29fa3c3a5e514b50bef6e26587c168c00c05f35fbebc3","e289a150c45930c2f4f164fb43432d5c034d8caec7bda7ce664caca9e4ad20c5","2a1d8aca95b935951cb371014dc53250bca5ead96b6750c991b6e3b51a154b04","278bee47cd45eccaf00a839b10f2e01146092ada4f32ea3a0afa4a9b2b55b53f","MFCL quarterly dependent-variable gradients; log-scale delta method"
2005,3,2005.5,"spawning_potential",338.251412191566,0.049427251680076,327.160627994161,349.718175292262,317.489856650381,360.370624298656,307.020281489243,372.659478046883,"21dcaea9db8c89ddc8c29fa3c3a5e514b50bef6e26587c168c00c05f35fbebc3","e289a150c45930c2f4f164fb43432d5c034d8caec7bda7ce664caca9e4ad20c5","2a1d8aca95b935951cb371014dc53250bca5ead96b6750c991b6e3b51a154b04","278bee47cd45eccaf00a839b10f2e01146092ada4f32ea3a0afa4a9b2b55b53f","MFCL quarterly dependent-variable gradients; log-scale delta method"
2005,4,2005.75,"spawning_potential",333.348817600199,0.0493645857012599,322.432410671408,344.63481498048,312.913307692497,355.11891461213,302.607513831412,367.213070120124,"21dcaea9db8c89ddc8c29fa3c3a5e514b50bef6e26587c168c00c05f35fbebc3","e289a150c45930c2f4f164fb43432d5c034d8caec7bda7ce664caca9e4ad20c5","2a1d8aca95b935951cb371014dc53250bca5ead96b6750c991b6e3b51a154b04","278bee47cd45eccaf00a839b10f2e01146092ada4f32ea3a0afa4a9b2b55b53f","MFCL quarterly dependent-variable gradients; log-scale delta method"
2006,1,2006,"spawning_potential",330.957325815139,0.0490156843122899,320.194577396678,342.081844112594,310.807364982952,352.413629312536,300.642083574971,364.329405278998,"21dcaea9db8c89ddc8c29fa3c3a5e514b50bef6e26587c168c00c05f35fbebc3","e289a150c45930c2f4f164fb43432d5c034d8caec7bda7ce664caca9e4ad20c5","2a1d8aca95b935951cb371014dc53250bca5ead96b6750c991b6e3b51a154b04","278bee47cd45eccaf00a839b10f2e01146092ada4f32ea3a0afa4a9b2b55b53f","MFCL quarterly dependent-variable gradients; log-scale delta method"
2006,2,2006.25,"spawning_potential",334.049585666096,0.0482010328634544,323.363908076635,345.088375345973,314.039047385802,355.335193545538,303.936000206393,367.146786191547,"21dcaea9db8c89ddc8c29fa3c3a5e514b50bef6e26587c168c00c05f35fbebc3","e289a150c45930c2f4f164fb43432d5c034d8caec7bda7ce664caca9e4ad20c5","2a1d8aca95b935951cb371014dc53250bca5ead96b6750c991b6e3b51a154b04","278bee47cd45eccaf00a839b10f2e01146092ada4f32ea3a0afa4a9b2b55b53f","MFCL quarterly dependent-variable gradients; log-scale delta method"
2006,3,2006.5,"spawning_potential",335.858332650298,0.0477299717896318,325.218110115938,346.846673361534,315.930111177274,357.043585336959,305.863956454667,368.794090412404,"21dcaea9db8c89ddc8c29fa3c3a5e514b50bef6e26587c168c00c05f35fbebc3","e289a150c45930c2f4f164fb43432d5c034d8caec7bda7ce664caca9e4ad20c5","2a1d8aca95b935951cb371014dc53250bca5ead96b6750c991b6e3b51a154b04","278bee47cd45eccaf00a839b10f2e01146092ada4f32ea3a0afa4a9b2b55b53f","MFCL quarterly dependent-variable gradients; log-scale delta method"
2006,4,2006.75,"spawning_potential",338.319069239484,0.0472892847822471,327.698279071987,349.28408209897,318.42462318045,359.456475029593,308.371167588144,371.175403674386,"21dcaea9db8c89ddc8c29fa3c3a5e514b50bef6e26587c168c00c05f35fbebc3","e289a150c45930c2f4f164fb43432d5c034d8caec7bda7ce664caca9e4ad20c5","2a1d8aca95b935951cb371014dc53250bca5ead96b6750c991b6e3b51a154b04","278bee47cd45eccaf00a839b10f2e01146092ada4f32ea3a0afa4a9b2b55b53f","MFCL quarterly dependent-variable gradients; log-scale delta method"
2007,1,2007,"spawning_potential",336.328863610827,0.0473996872205328,325.746293910569,347.255230872422,316.506664638425,357.392488486695,306.490807230874,369.071769296302,"21dcaea9db8c89ddc8c29fa3c3a5e514b50bef6e26587c168c00c05f35fbebc3","e289a150c45930c2f4f164fb43432d5c034d8caec7bda7ce664caca9e4ad20c5","2a1d8aca95b935951cb371014dc53250bca5ead96b6750c991b6e3b51a154b04","278bee47cd45eccaf00a839b10f2e01146092ada4f32ea3a0afa4a9b2b55b53f","MFCL quarterly dependent-variable gradients; log-scale delta method"
2007,2,2007.25,"spawning_potential",334.417242384452,0.0473745634617452,323.900310420558,345.275655521332,314.717841476233,355.349704609826,304.763785832261,366.955974439739,"21dcaea9db8c89ddc8c29fa3c3a5e514b50bef6e26587c168c00c05f35fbebc3","e289a150c45930c2f4f164fb43432d5c034d8caec7bda7ce664caca9e4ad20c5","2a1d8aca95b935951cb371014dc53250bca5ead96b6750c991b6e3b51a154b04","278bee47cd45eccaf00a839b10f2e01146092ada4f32ea3a0afa4a9b2b55b53f","MFCL quarterly dependent-variable gradients; log-scale delta method"
2007,3,2007.5,"spawning_potential",332.150919367386,0.0472931881835338,321.722917793564,342.916923647293,312.617620099336,352.904718555352,302.746704296189,364.411013137456,"21dcaea9db8c89ddc8c29fa3c3a5e514b50bef6e26587c168c00c05f35fbebc3","e289a150c45930c2f4f164fb43432d5c034d8caec7bda7ce664caca9e4ad20c5","2a1d8aca95b935951cb371014dc53250bca5ead96b6750c991b6e3b51a154b04","278bee47cd45eccaf00a839b10f2e01146092ada4f32ea3a0afa4a9b2b55b53f","MFCL quarterly dependent-variable gradients; log-scale delta method"
2007,4,2007.75,"spawning_potential",328.582990931967,0.0471098890712895,318.306356653321,339.191410014434,309.33217204426,349.031855355637,299.602248355814,360.367061737045,"21dcaea9db8c89ddc8c29fa3c3a5e514b50bef6e26587c168c00c05f35fbebc3","e289a150c45930c2f4f164fb43432d5c034d8caec7bda7ce664caca9e4ad20c5","2a1d8aca95b935951cb371014dc53250bca5ead96b6750c991b6e3b51a154b04","278bee47cd45eccaf00a839b10f2e01146092ada4f32ea3a0afa4a9b2b55b53f","MFCL quarterly dependent-variable gradients; log-scale delta method"
2008,1,2008,"spawning_potential",325.313535544999,0.0467213650293572,315.221750251572,335.728408094707,306.406791637029,345.38691470701,296.847117170942,356.509766432546,"21dcaea9db8c89ddc8c29fa3c3a5e514b50bef6e26587c168c00c05f35fbebc3","e289a150c45930c2f4f164fb43432d5c034d8caec7bda7ce664caca9e4ad20c5","2a1d8aca95b935951cb371014dc53250bca5ead96b6750c991b6e3b51a154b04","278bee47cd45eccaf00a839b10f2e01146092ada4f32ea3a0afa4a9b2b55b53f","MFCL quarterly dependent-variable gradients; log-scale delta method"
2008,2,2008.25,"spawning_potential",321.561701242108,0.0464370253736572,311.646067356077,331.792820563895,302.983394224784,341.279191126244,293.587154697864,352.201811459126,"21dcaea9db8c89ddc8c29fa3c3a5e514b50bef6e26587c168c00c05f35fbebc3","e289a150c45930c2f4f164fb43432d5c034d8caec7bda7ce664caca9e4ad20c5","2a1d8aca95b935951cb371014dc53250bca5ead96b6750c991b6e3b51a154b04","278bee47cd45eccaf00a839b10f2e01146092ada4f32ea3a0afa4a9b2b55b53f","MFCL quarterly dependent-variable gradients; log-scale delta method"
2008,3,2008.5,"spawning_potential",319.382499357255,0.0459532981299139,309.635070918122,329.436780508176,301.116707113735,338.756297760517,291.874125633445,349.483465429861,"21dcaea9db8c89ddc8c29fa3c3a5e514b50bef6e26587c168c00c05f35fbebc3","e289a150c45930c2f4f164fb43432d5c034d8caec7bda7ce664caca9e4ad20c5","2a1d8aca95b935951cb371014dc53250bca5ead96b6750c991b6e3b51a154b04","278bee47cd45eccaf00a839b10f2e01146092ada4f32ea3a0afa4a9b2b55b53f","MFCL quarterly dependent-variable gradients; log-scale delta method"
2008,4,2008.75,"spawning_potential",315.509704946443,0.0456468948464869,305.943694259544,325.374818253135,297.582230692862,334.517197762842,288.508102977404,345.038398880561,"21dcaea9db8c89ddc8c29fa3c3a5e514b50bef6e26587c168c00c05f35fbebc3","e289a150c45930c2f4f164fb43432d5c034d8caec7bda7ce664caca9e4ad20c5","2a1d8aca95b935951cb371014dc53250bca5ead96b6750c991b6e3b51a154b04","278bee47cd45eccaf00a839b10f2e01146092ada4f32ea3a0afa4a9b2b55b53f","MFCL quarterly dependent-variable gradients; log-scale delta method"
2009,1,2009,"spawning_potential",307.227784658564,0.0459381962253718,297.854347290832,316.896202874774,289.662738276704,325.857969263699,280.774605531102,336.173250026179,"21dcaea9db8c89ddc8c29fa3c3a5e514b50bef6e26587c168c00c05f35fbebc3","e289a150c45930c2f4f164fb43432d5c034d8caec7bda7ce664caca9e4ad20c5","2a1d8aca95b935951cb371014dc53250bca5ead96b6750c991b6e3b51a154b04","278bee47cd45eccaf00a839b10f2e01146092ada4f32ea3a0afa4a9b2b55b53f","MFCL quarterly dependent-variable gradients; log-scale delta method"
2009,2,2009.25,"spawning_potential",300.933539701584,0.0461133250352432,291.717677578472,310.440546726772,283.664680507439,319.253687682665,274.927928671279,329.399038340718,"21dcaea9db8c89ddc8c29fa3c3a5e514b50bef6e26587c168c00c05f35fbebc3","e289a150c45930c2f4f164fb43432d5c034d8caec7bda7ce664caca9e4ad20c5","2a1d8aca95b935951cb371014dc53250bca5ead96b6750c991b6e3b51a154b04","278bee47cd45eccaf00a839b10f2e01146092ada4f32ea3a0afa4a9b2b55b53f","MFCL quarterly dependent-variable gradients; log-scale delta method"
2009,3,2009.5,"spawning_potential",294.532526065072,0.046278051507475,285.480969643609,303.871074203544,277.572381296423,312.528964535675,268.993207352787,322.496652476804,"21dcaea9db8c89ddc8c29fa3c3a5e514b50bef6e26587c168c00c05f35fbebc3","e289a150c45930c2f4f164fb43432d5c034d8caec7bda7ce664caca9e4ad20c5","2a1d8aca95b935951cb371014dc53250bca5ead96b6750c991b6e3b51a154b04","278bee47cd45eccaf00a839b10f2e01146092ada4f32ea3a0afa4a9b2b55b53f","MFCL quarterly dependent-variable gradients; log-scale delta method"
2009,4,2009.75,"spawning_potential",288.642656990035,0.0464196299191404,279.745392626871,297.822897642475,271.972318974423,306.33479079208,263.540917147526,316.135286831489,"21dcaea9db8c89ddc8c29fa3c3a5e514b50bef6e26587c168c00c05f35fbebc3","e289a150c45930c2f4f164fb43432d5c034d8caec7bda7ce664caca9e4ad20c5","2a1d8aca95b935951cb371014dc53250bca5ead96b6750c991b6e3b51a154b04","278bee47cd45eccaf00a839b10f2e01146092ada4f32ea3a0afa4a9b2b55b53f","MFCL quarterly dependent-variable gradients; log-scale delta method"
2010,1,2010,"spawning_potential",280.252068276021,0.0468179411441354,271.540478572453,289.243144101003,263.931562416013,297.581771024375,255.68033263606,307.185229944082,"21dcaea9db8c89ddc8c29fa3c3a5e514b50bef6e26587c168c00c05f35fbebc3","e289a150c45930c2f4f164fb43432d5c034d8caec7bda7ce664caca9e4ad20c5","2a1d8aca95b935951cb371014dc53250bca5ead96b6750c991b6e3b51a154b04","278bee47cd45eccaf00a839b10f2e01146092ada4f32ea3a0afa4a9b2b55b53f","MFCL quarterly dependent-variable gradients; log-scale delta method"
2010,2,2010.25,"spawning_potential",275.748561664759,0.0466946881321209,267.199174844793,284.571497289806,259.73134058819,292.753539438054,251.632461060469,302.175915379658,"21dcaea9db8c89ddc8c29fa3c3a5e514b50bef6e26587c168c00c05f35fbebc3","e289a150c45930c2f4f164fb43432d5c034d8caec7bda7ce664caca9e4ad20c5","2a1d8aca95b935951cb371014dc53250bca5ead96b6750c991b6e3b51a154b04","278bee47cd45eccaf00a839b10f2e01146092ada4f32ea3a0afa4a9b2b55b53f","MFCL quarterly dependent-variable gradients; log-scale delta method"
2010,3,2010.5,"spawning_potential",273.168669674043,0.0462504818229079,264.778589678249,281.824607428282,257.44782150754,289.849499034511,249.495321470671,299.088262062897,"21dcaea9db8c89ddc8c29fa3c3a5e514b50bef6e26587c168c00c05f35fbebc3","e289a150c45930c2f4f164fb43432d5c034d8caec7bda7ce664caca9e4ad20c5","2a1d8aca95b935951cb371014dc53250bca5ead96b6750c991b6e3b51a154b04","278bee47cd45eccaf00a839b10f2e01146092ada4f32ea3a0afa4a9b2b55b53f","MFCL quarterly dependent-variable gradients; log-scale delta method"
2010,4,2010.75,"spawning_potential",274.812608576983,0.045240378452153,266.553579045784,283.327540013687,259.332640575636,291.216599905246,251.49420049768,300.293087011295,"21dcaea9db8c89ddc8c29fa3c3a5e514b50bef6e26587c168c00c05f35fbebc3","e289a150c45930c2f4f164fb43432d5c034d8caec7bda7ce664caca9e4ad20c5","2a1d8aca95b935951cb371014dc53250bca5ead96b6750c991b6e3b51a154b04","278bee47cd45eccaf00a839b10f2e01146092ada4f32ea3a0afa4a9b2b55b53f","MFCL quarterly dependent-variable gradients; log-scale delta method"
2011,1,2011,"spawning_potential",276.521739581361,0.0441412356383616,268.410260038162,284.878351707682,261.313326606311,292.615280874294,253.6040544341,301.510449553839,"21dcaea9db8c89ddc8c29fa3c3a5e514b50bef6e26587c168c00c05f35fbebc3","e289a150c45930c2f4f164fb43432d5c034d8caec7bda7ce664caca9e4ad20c5","2a1d8aca95b935951cb371014dc53250bca5ead96b6750c991b6e3b51a154b04","278bee47cd45eccaf00a839b10f2e01146092ada4f32ea3a0afa4a9b2b55b53f","MFCL quarterly dependent-variable gradients; log-scale delta method"
2011,2,2011.25,"spawning_potential",277.491261343259,0.0433444426211882,269.496137933862,285.723575529568,262.497433210165,293.34153549693,254.890972668909,302.095438357849,"21dcaea9db8c89ddc8c29fa3c3a5e514b50bef6e26587c168c00c05f35fbebc3","e289a150c45930c2f4f164fb43432d5c034d8caec7bda7ce664caca9e4ad20c5","2a1d8aca95b935951cb371014dc53250bca5ead96b6750c991b6e3b51a154b04","278bee47cd45eccaf00a839b10f2e01146092ada4f32ea3a0afa4a9b2b55b53f","MFCL quarterly dependent-variable gradients; log-scale delta method"
2011,3,2011.5,"spawning_potential",276.438795501721,0.0429192780701535,268.550997004501,284.558272025932,261.64435920462,292.06976940282,254.135910030663,300.698975006019,"21dcaea9db8c89ddc8c29fa3c3a5e514b50bef6e26587c168c00c05f35fbebc3","e289a150c45930c2f4f164fb43432d5c034d8caec7bda7ce664caca9e4ad20c5","2a1d8aca95b935951cb371014dc53250bca5ead96b6750c991b6e3b51a154b04","278bee47cd45eccaf00a839b10f2e01146092ada4f32ea3a0afa4a9b2b55b53f","MFCL quarterly dependent-variable gradients; log-scale delta method"
2011,4,2011.75,"spawning_potential",279.804023498184,0.04215564919758,271.960242610413,287.874031933133,265.08878399281,295.33611489159,257.614913831659,303.90434467211,"21dcaea9db8c89ddc8c29fa3c3a5e514b50bef6e26587c168c00c05f35fbebc3","e289a150c45930c2f4f164fb43432d5c034d8caec7bda7ce664caca9e4ad20c5","2a1d8aca95b935951cb371014dc53250bca5ead96b6750c991b6e3b51a154b04","278bee47cd45eccaf00a839b10f2e01146092ada4f32ea3a0afa4a9b2b55b53f","MFCL quarterly dependent-variable gradients; log-scale delta method"
2012,1,2012,"spawning_potential",277.82445073052,0.0420119612747311,270.062335553088,285.809664148973,263.261792884428,293.192660347794,255.8643729735,301.66929661485,"21dcaea9db8c89ddc8c29fa3c3a5e514b50bef6e26587c168c00c05f35fbebc3","e289a150c45930c2f4f164fb43432d5c034d8caec7bda7ce664caca9e4ad20c5","2a1d8aca95b935951cb371014dc53250bca5ead96b6750c991b6e3b51a154b04","278bee47cd45eccaf00a839b10f2e01146092ada4f32ea3a0afa4a9b2b55b53f","MFCL quarterly dependent-variable gradients; log-scale delta method"
2012,2,2012.25,"spawning_potential",274.428140115694,0.0420769737780936,266.749216908848,282.328116873512,260.021840761683,289.632608809902,252.704314752392,298.019462632251,"21dcaea9db8c89ddc8c29fa3c3a5e514b50bef6e26587c168c00c05f35fbebc3","e289a150c45930c2f4f164fb43432d5c034d8caec7bda7ce664caca9e4ad20c5","2a1d8aca95b935951cb371014dc53250bca5ead96b6750c991b6e3b51a154b04","278bee47cd45eccaf00a839b10f2e01146092ada4f32ea3a0afa4a9b2b55b53f","MFCL quarterly dependent-variable gradients; log-scale delta method"
2012,3,2012.5,"spawning_potential",266.957492614698,0.0425966583142399,259.396669514178,274.738696516808,252.774965346744,281.935763556991,245.574785445421,290.202036556254,"21dcaea9db8c89ddc8c29fa3c3a5e514b50bef6e26587c168c00c05f35fbebc3","e289a150c45930c2f4f164fb43432d5c034d8caec7bda7ce664caca9e4ad20c5","2a1d8aca95b935951cb371014dc53250bca5ead96b6750c991b6e3b51a154b04","278bee47cd45eccaf00a839b10f2e01146092ada4f32ea3a0afa4a9b2b55b53f","MFCL quarterly dependent-variable gradients; log-scale delta method"
2012,4,2012.75,"spawning_potential",262.247690835797,0.0427998695976847,254.785335404027,269.928609665268,248.25071973301,277.033844746445,241.146163952867,285.195709611828,"21dcaea9db8c89ddc8c29fa3c3a5e514b50bef6e26587c168c00c05f35fbebc3","e289a150c45930c2f4f164fb43432d5c034d8caec7bda7ce664caca9e4ad20c5","2a1d8aca95b935951cb371014dc53250bca5ead96b6750c991b6e3b51a154b04","278bee47cd45eccaf00a839b10f2e01146092ada4f32ea3a0afa4a9b2b55b53f","MFCL quarterly dependent-variable gradients; log-scale delta method"
2013,1,2013,"spawning_potential",257.260564785406,0.0429829231469479,249.909262240017,264.828112413627,243.472648465969,271.829294217237,236.475465056501,279.872578653742,"21dcaea9db8c89ddc8c29fa3c3a5e514b50bef6e26587c168c00c05f35fbebc3","e289a150c45930c2f4f164fb43432d5c034d8caec7bda7ce664caca9e4ad20c5","2a1d8aca95b935951cb371014dc53250bca5ead96b6750c991b6e3b51a154b04","278bee47cd45eccaf00a839b10f2e01146092ada4f32ea3a0afa4a9b2b55b53f","MFCL quarterly dependent-variable gradients; log-scale delta method"
2013,2,2013.25,"spawning_potential",253.12651981134,0.0431182918188773,245.870898703657,260.596253438787,239.518612459944,267.507540953694,232.613701220679,275.448241851476,"21dcaea9db8c89ddc8c29fa3c3a5e514b50bef6e26587c168c00c05f35fbebc3","e289a150c45930c2f4f164fb43432d5c034d8caec7bda7ce664caca9e4ad20c5","2a1d8aca95b935951cb371014dc53250bca5ead96b6750c991b6e3b51a154b04","278bee47cd45eccaf00a839b10f2e01146092ada4f32ea3a0afa4a9b2b55b53f","MFCL quarterly dependent-variable gradients; log-scale delta method"
2013,3,2013.5,"spawning_potential",251.059369249113,0.0429849245660158,243.884938611073,258.444852095925,237.603197446257,265.277603858926,230.774383400474,273.127398106322,"21dcaea9db8c89ddc8c29fa3c3a5e514b50bef6e26587c168c00c05f35fbebc3","e289a150c45930c2f4f164fb43432d5c034d8caec7bda7ce664caca9e4ad20c5","2a1d8aca95b935951cb371014dc53250bca5ead96b6750c991b6e3b51a154b04","278bee47cd45eccaf00a839b10f2e01146092ada4f32ea3a0afa4a9b2b55b53f","MFCL quarterly dependent-variable gradients; log-scale delta method"
2013,4,2013.75,"spawning_potential",252.595511873217,0.0424932054881902,245.458578621742,259.939958003329,239.207699000951,266.732604698642,232.410287347089,274.533857114529,"21dcaea9db8c89ddc8c29fa3c3a5e514b50bef6e26587c168c00c05f35fbebc3","e289a150c45930c2f4f164fb43432d5c034d8caec7bda7ce664caca9e4ad20c5","2a1d8aca95b935951cb371014dc53250bca5ead96b6750c991b6e3b51a154b04","278bee47cd45eccaf00a839b10f2e01146092ada4f32ea3a0afa4a9b2b55b53f","MFCL quarterly dependent-variable gradients; log-scale delta method"
2014,1,2014,"spawning_potential",255.05761021045,0.0420144275503161,247.931163546779,262.388896964909,241.687552510395,269.167294097479,234.895956358426,276.949784639969,"21dcaea9db8c89ddc8c29fa3c3a5e514b50bef6e26587c168c00c05f35fbebc3","e289a150c45930c2f4f164fb43432d5c034d8caec7bda7ce664caca9e4ad20c5","2a1d8aca95b935951cb371014dc53250bca5ead96b6750c991b6e3b51a154b04","278bee47cd45eccaf00a839b10f2e01146092ada4f32ea3a0afa4a9b2b55b53f","MFCL quarterly dependent-variable gradients; log-scale delta method"
2014,2,2014.25,"spawning_potential",257.775600779291,0.0417910643749516,250.610965243659,265.145063754571,244.33299733655,271.957783359065,237.503048928321,279.778557188875,"21dcaea9db8c89ddc8c29fa3c3a5e514b50bef6e26587c168c00c05f35fbebc3","e289a150c45930c2f4f164fb43432d5c034d8caec7bda7ce664caca9e4ad20c5","2a1d8aca95b935951cb371014dc53250bca5ead96b6750c991b6e3b51a154b04","278bee47cd45eccaf00a839b10f2e01146092ada4f32ea3a0afa4a9b2b55b53f","MFCL quarterly dependent-variable gradients; log-scale delta method"
2014,3,2014.5,"spawning_potential",260.496504332875,0.0418515580239218,253.245910549501,267.954687293493,246.892868638097,274.849691463209,239.981514056765,282.765233132067,"21dcaea9db8c89ddc8c29fa3c3a5e514b50bef6e26587c168c00c05f35fbebc3","e289a150c45930c2f4f164fb43432d5c034d8caec7bda7ce664caca9e4ad20c5","2a1d8aca95b935951cb371014dc53250bca5ead96b6750c991b6e3b51a154b04","278bee47cd45eccaf00a839b10f2e01146092ada4f32ea3a0afa4a9b2b55b53f","MFCL quarterly dependent-variable gradients; log-scale delta method"
2014,4,2014.75,"spawning_potential",266.584013621334,0.0417149161137031,259.187868222796,274.191214294686,252.706724838145,281.223368171056,245.655392130747,289.295649902262,"21dcaea9db8c89ddc8c29fa3c3a5e514b50bef6e26587c168c00c05f35fbebc3","e289a150c45930c2f4f164fb43432d5c034d8caec7bda7ce664caca9e4ad20c5","2a1d8aca95b935951cb371014dc53250bca5ead96b6750c991b6e3b51a154b04","278bee47cd45eccaf00a839b10f2e01146092ada4f32ea3a0afa4a9b2b55b53f","MFCL quarterly dependent-variable gradients; log-scale delta method"
2015,1,2015,"spawning_potential",271.507412773855,0.0417604797083843,263.966559485898,279.263689062442,257.358803525018,286.433858805169,250.169929718044,294.664811531246,"21dcaea9db8c89ddc8c29fa3c3a5e514b50bef6e26587c168c00c05f35fbebc3","e289a150c45930c2f4f164fb43432d5c034d8caec7bda7ce664caca9e4ad20c5","2a1d8aca95b935951cb371014dc53250bca5ead96b6750c991b6e3b51a154b04","278bee47cd45eccaf00a839b10f2e01146092ada4f32ea3a0afa4a9b2b55b53f","MFCL quarterly dependent-variable gradients; log-scale delta method"
2015,2,2015.25,"spawning_potential",276.383513271028,0.0418736629667906,268.686718471138,284.300790313317,261.94280638893,291.620325295807,254.606335697161,300.023352517414,"21dcaea9db8c89ddc8c29fa3c3a5e514b50bef6e26587c168c00c05f35fbebc3","e289a150c45930c2f4f164fb43432d5c034d8caec7bda7ce664caca9e4ad20c5","2a1d8aca95b935951cb371014dc53250bca5ead96b6750c991b6e3b51a154b04","278bee47cd45eccaf00a839b10f2e01146092ada4f32ea3a0afa4a9b2b55b53f","MFCL quarterly dependent-variable gradients; log-scale delta method"
2015,3,2015.5,"spawning_potential",280.86930153386,0.0419781583634565,273.02834141061,288.935442146934,266.158572256683,296.393100831784,258.685687640968,304.955273187001,"21dcaea9db8c89ddc8c29fa3c3a5e514b50bef6e26587c168c00c05f35fbebc3","e289a150c45930c2f4f164fb43432d5c034d8caec7bda7ce664caca9e4ad20c5","2a1d8aca95b935951cb371014dc53250bca5ead96b6750c991b6e3b51a154b04","278bee47cd45eccaf00a839b10f2e01146092ada4f32ea3a0afa4a9b2b55b53f","MFCL quarterly dependent-variable gradients; log-scale delta method"
2015,4,2015.75,"spawning_potential",286.858608781042,0.0418458186101479,278.875338426708,295.070413526082,271.880292327153,302.66210444109,264.270485429136,311.377418095598,"21dcaea9db8c89ddc8c29fa3c3a5e514b50bef6e26587c168c00c05f35fbebc3","e289a150c45930c2f4f164fb43432d5c034d8caec7bda7ce664caca9e4ad20c5","2a1d8aca95b935951cb371014dc53250bca5ead96b6750c991b6e3b51a154b04","278bee47cd45eccaf00a839b10f2e01146092ada4f32ea3a0afa4a9b2b55b53f","MFCL quarterly dependent-variable gradients; log-scale delta method"
2016,1,2016,"spawning_potential",286.715215328002,0.0423661379142405,278.638130387442,295.026436569457,271.563243051943,302.712597539789,263.869150323212,311.539316361497,"21dcaea9db8c89ddc8c29fa3c3a5e514b50bef6e26587c168c00c05f35fbebc3","e289a150c45930c2f4f164fb43432d5c034d8caec7bda7ce664caca9e4ad20c5","2a1d8aca95b935951cb371014dc53250bca5ead96b6750c991b6e3b51a154b04","278bee47cd45eccaf00a839b10f2e01146092ada4f32ea3a0afa4a9b2b55b53f","MFCL quarterly dependent-variable gradients; log-scale delta method"
2016,2,2016.25,"spawning_potential",286.772564105754,0.0426970926740027,278.631658926717,295.151325734376,271.502382884823,302.901590217999,263.750789499838,311.803819354404,"21dcaea9db8c89ddc8c29fa3c3a5e514b50bef6e26587c168c00c05f35fbebc3","e289a150c45930c2f4f164fb43432d5c034d8caec7bda7ce664caca9e4ad20c5","2a1d8aca95b935951cb371014dc53250bca5ead96b6750c991b6e3b51a154b04","278bee47cd45eccaf00a839b10f2e01146092ada4f32ea3a0afa4a9b2b55b53f","MFCL quarterly dependent-variable gradients; log-scale delta method"
2016,3,2016.5,"spawning_potential",285.342279975309,0.0430226844869151,277.18109976448,293.743753851508,270.035559823851,301.516647639369,262.267907735493,310.446739155074,"21dcaea9db8c89ddc8c29fa3c3a5e514b50bef6e26587c168c00c05f35fbebc3","e289a150c45930c2f4f164fb43432d5c034d8caec7bda7ce664caca9e4ad20c5","2a1d8aca95b935951cb371014dc53250bca5ead96b6750c991b6e3b51a154b04","278bee47cd45eccaf00a839b10f2e01146092ada4f32ea3a0afa4a9b2b55b53f","MFCL quarterly dependent-variable gradients; log-scale delta method"
2016,4,2016.75,"spawning_potential",285.256690130435,0.0431285967717517,277.078163635786,293.676622496793,269.917922305676,301.467122186943,262.134818452498,310.418050316795,"21dcaea9db8c89ddc8c29fa3c3a5e514b50bef6e26587c168c00c05f35fbebc3","e289a150c45930c2f4f164fb43432d5c034d8caec7bda7ce664caca9e4ad20c5","2a1d8aca95b935951cb371014dc53250bca5ead96b6750c991b6e3b51a154b04","278bee47cd45eccaf00a839b10f2e01146092ada4f32ea3a0afa4a9b2b55b53f","MFCL quarterly dependent-variable gradients; log-scale delta method"
2017,1,2017,"spawning_potential",279.24497468635,0.0438482773480412,271.107176626021,287.627044248801,263.985879125268,295.386087111794,256.248684722562,304.304999543728,"21dcaea9db8c89ddc8c29fa3c3a5e514b50bef6e26587c168c00c05f35fbebc3","e289a150c45930c2f4f164fb43432d5c034d8caec7bda7ce664caca9e4ad20c5","2a1d8aca95b935951cb371014dc53250bca5ead96b6750c991b6e3b51a154b04","278bee47cd45eccaf00a839b10f2e01146092ada4f32ea3a0afa4a9b2b55b53f","MFCL quarterly dependent-variable gradients; log-scale delta method"
2017,2,2017.25,"spawning_potential",277.82445073052,0.0440305567506757,269.694889952508,286.199065311573,262.581632095779,293.952112368472,254.854077581422,302.865177423169,"21dcaea9db8c89ddc8c29fa3c3a5e514b50bef6e26587c168c00c05f35fbebc3","e289a150c45930c2f4f164fb43432d5c034d8caec7bda7ce664caca9e4ad20c5","2a1d8aca95b935951cb371014dc53250bca5ead96b6750c991b6e3b51a154b04","278bee47cd45eccaf00a839b10f2e01146092ada4f32ea3a0afa4a9b2b55b53f","MFCL quarterly dependent-variable gradients; log-scale delta method"
2017,3,2017.5,"spawning_potential",278.241500115458,0.0439188453033139,270.120088148693,286.607089895084,263.013451453364,294.351227888539,255.292535839499,303.25341135384,"21dcaea9db8c89ddc8c29fa3c3a5e514b50bef6e26587c168c00c05f35fbebc3","e289a150c45930c2f4f164fb43432d5c034d8caec7bda7ce664caca9e4ad20c5","2a1d8aca95b935951cb371014dc53250bca5ead96b6750c991b6e3b51a154b04","278bee47cd45eccaf00a839b10f2e01146092ada4f32ea3a0afa4a9b2b55b53f","MFCL quarterly dependent-variable gradients; log-scale delta method"
2017,4,2017.75,"spawning_potential",278.464182376579,0.0439060619749144,270.33860159062,286.833994148127,263.228258701463,294.58197706121,255.503253102447,303.48850719159,"21dcaea9db8c89ddc8c29fa3c3a5e514b50bef6e26587c168c00c05f35fbebc3","e289a150c45930c2f4f164fb43432d5c034d8caec7bda7ce664caca9e4ad20c5","2a1d8aca95b935951cb371014dc53250bca5ead96b6750c991b6e3b51a154b04","278bee47cd45eccaf00a839b10f2e01146092ada4f32ea3a0afa4a9b2b55b53f","MFCL quarterly dependent-variable gradients; log-scale delta method"
2018,1,2018,"spawning_potential",277.324816524892,0.0441012927709667,269.197031903506,285.698000890787,262.085650657158,293.450075071725,254.360485862089,302.362427088082,"21dcaea9db8c89ddc8c29fa3c3a5e514b50bef6e26587c168c00c05f35fbebc3","e289a150c45930c2f4f164fb43432d5c034d8caec7bda7ce664caca9e4ad20c5","2a1d8aca95b935951cb371014dc53250bca5ead96b6750c991b6e3b51a154b04","278bee47cd45eccaf00a839b10f2e01146092ada4f32ea3a0afa4a9b2b55b53f","MFCL quarterly dependent-variable gradients; log-scale delta method"
2018,2,2018.25,"spawning_potential",275.280187340904,0.0445212154508715,267.136653557882,283.671972876698,260.013410537227,291.443358193995,252.277447294681,300.380324737974,"21dcaea9db8c89ddc8c29fa3c3a5e514b50bef6e26587c168c00c05f35fbebc3","e289a150c45930c2f4f164fb43432d5c034d8caec7bda7ce664caca9e4ad20c5","2a1d8aca95b935951cb371014dc53250bca5ead96b6750c991b6e3b51a154b04","278bee47cd45eccaf00a839b10f2e01146092ada4f32ea3a0afa4a9b2b55b53f","MFCL quarterly dependent-variable gradients; log-scale delta method"
2018,3,2018.5,"spawning_potential",274.208685397194,0.0449269914623055,266.024030994918,282.64515377069,258.866681464144,290.459949198491,251.095703884574,299.449182060962,"21dcaea9db8c89ddc8c29fa3c3a5e514b50bef6e26587c168c00c05f35fbebc3","e289a150c45930c2f4f164fb43432d5c034d8caec7bda7ce664caca9e4ad20c5","2a1d8aca95b935951cb371014dc53250bca5ead96b6750c991b6e3b51a154b04","278bee47cd45eccaf00a839b10f2e01146092ada4f32ea3a0afa4a9b2b55b53f","MFCL quarterly dependent-variable gradients; log-scale delta method"
2018,4,2018.75,"spawning_potential",275.197615671072,0.0452341915667365,266.928129287205,283.723292383157,259.698019625863,291.622276443038,251.84959288568,300.710145302559,"21dcaea9db8c89ddc8c29fa3c3a5e514b50bef6e26587c168c00c05f35fbebc3","e289a150c45930c2f4f164fb43432d5c034d8caec7bda7ce664caca9e4ad20c5","2a1d8aca95b935951cb371014dc53250bca5ead96b6750c991b6e3b51a154b04","278bee47cd45eccaf00a839b10f2e01146092ada4f32ea3a0afa4a9b2b55b53f","MFCL quarterly dependent-variable gradients; log-scale delta method"
2019,1,2019,"spawning_potential",272.731949272054,0.0461282668408383,264.377075102516,281.350855118172,257.076495752754,289.340789152784,249.156123093707,298.538583881236,"21dcaea9db8c89ddc8c29fa3c3a5e514b50bef6e26587c168c00c05f35fbebc3","e289a150c45930c2f4f164fb43432d5c034d8caec7bda7ce664caca9e4ad20c5","2a1d8aca95b935951cb371014dc53250bca5ead96b6750c991b6e3b51a154b04","278bee47cd45eccaf00a839b10f2e01146092ada4f32ea3a0afa4a9b2b55b53f","MFCL quarterly dependent-variable gradients; log-scale delta method"
2019,2,2019.25,"spawning_potential",271.534564872714,0.0469401534087189,263.072271153498,280.269066737154,255.681675315442,288.370372376707,247.667824728047,297.701245616281,"21dcaea9db8c89ddc8c29fa3c3a5e514b50bef6e26587c168c00c05f35fbebc3","e289a150c45930c2f4f164fb43432d5c034d8caec7bda7ce664caca9e4ad20c5","2a1d8aca95b935951cb371014dc53250bca5ead96b6750c991b6e3b51a154b04","278bee47cd45eccaf00a839b10f2e01146092ada4f32ea3a0afa4a9b2b55b53f","MFCL quarterly dependent-variable gradients; log-scale delta method"
2019,3,2019.5,"spawning_potential",273.004817632767,0.0472961097467997,264.43320882427,281.854275346448,256.948850178895,290.064074615665,248.835185160879,299.522072823076,"21dcaea9db8c89ddc8c29fa3c3a5e514b50bef6e26587c168c00c05f35fbebc3","e289a150c45930c2f4f164fb43432d5c034d8caec7bda7ce664caca9e4ad20c5","2a1d8aca95b935951cb371014dc53250bca5ead96b6750c991b6e3b51a154b04","278bee47cd45eccaf00a839b10f2e01146092ada4f32ea3a0afa4a9b2b55b53f","MFCL quarterly dependent-variable gradients; log-scale delta method"
2019,4,2019.75,"spawning_potential",275.996847081936,0.0473772864565758,267.316659933865,284.958893388895,259.73788980915,293.273575353757,251.522303343871,302.852902452261,"21dcaea9db8c89ddc8c29fa3c3a5e514b50bef6e26587c168c00c05f35fbebc3","e289a150c45930c2f4f164fb43432d5c034d8caec7bda7ce664caca9e4ad20c5","2a1d8aca95b935951cb371014dc53250bca5ead96b6750c991b6e3b51a154b04","278bee47cd45eccaf00a839b10f2e01146092ada4f32ea3a0afa4a9b2b55b53f","MFCL quarterly dependent-variable gradients; log-scale delta method"
2020,1,2020,"spawning_potential",276.632370401882,0.0476155090092315,267.889148316278,285.660949072173,260.256507483136,294.038635553129,251.98378980508,303.692028814075,"21dcaea9db8c89ddc8c29fa3c3a5e514b50bef6e26587c168c00c05f35fbebc3","e289a150c45930c2f4f164fb43432d5c034d8caec7bda7ce664caca9e4ad20c5","2a1d8aca95b935951cb371014dc53250bca5ead96b6750c991b6e3b51a154b04","278bee47cd45eccaf00a839b10f2e01146092ada4f32ea3a0afa4a9b2b55b53f","MFCL quarterly dependent-variable gradients; log-scale delta method"
2020,2,2020.25,"spawning_potential",275.969248777166,0.0479326996226781,267.189816074096,285.037159685433,259.527122589482,293.453052269613,251.223524097274,303.152447782496,"21dcaea9db8c89ddc8c29fa3c3a5e514b50bef6e26587c168c00c05f35fbebc3","e289a150c45930c2f4f164fb43432d5c034d8caec7bda7ce664caca9e4ad20c5","2a1d8aca95b935951cb371014dc53250bca5ead96b6750c991b6e3b51a154b04","278bee47cd45eccaf00a839b10f2e01146092ada4f32ea3a0afa4a9b2b55b53f","MFCL quarterly dependent-variable gradients; log-scale delta method"
2020,3,2020.5,"spawning_potential",275.831298643185,0.04812376920759,267.021840041816,284.931394747603,259.333881761038,293.378191829528,251.003927793376,303.114401356368,"21dcaea9db8c89ddc8c29fa3c3a5e514b50bef6e26587c168c00c05f35fbebc3","e289a150c45930c2f4f164fb43432d5c034d8caec7bda7ce664caca9e4ad20c5","2a1d8aca95b935951cb371014dc53250bca5ead96b6750c991b6e3b51a154b04","278bee47cd45eccaf00a839b10f2e01146092ada4f32ea3a0afa4a9b2b55b53f","MFCL quarterly dependent-variable gradients; log-scale delta method"
2020,4,2020.75,"spawning_potential",281.037873681368,0.0475772955055687,272.162426379165,290.20275683944,264.414166011012,298.706713164738,256.015926737569,308.505363122608,"21dcaea9db8c89ddc8c29fa3c3a5e514b50bef6e26587c168c00c05f35fbebc3","e289a150c45930c2f4f164fb43432d5c034d8caec7bda7ce664caca9e4ad20c5","2a1d8aca95b935951cb371014dc53250bca5ead96b6750c991b6e3b51a154b04","278bee47cd45eccaf00a839b10f2e01146092ada4f32ea3a0afa4a9b2b55b53f","MFCL quarterly dependent-variable gradients; log-scale delta method"
2021,1,2021,"spawning_potential",283.210218101552,0.0473710800490257,274.304316458092,292.405269712125,266.528441499848,300.936092170014,258.099154596462,310.764395034667,"21dcaea9db8c89ddc8c29fa3c3a5e514b50bef6e26587c168c00c05f35fbebc3","e289a150c45930c2f4f164fb43432d5c034d8caec7bda7ce664caca9e4ad20c5","2a1d8aca95b935951cb371014dc53250bca5ead96b6750c991b6e3b51a154b04","278bee47cd45eccaf00a839b10f2e01146092ada4f32ea3a0afa4a9b2b55b53f","MFCL quarterly dependent-variable gradients; log-scale delta method"
2021,2,2021.25,"spawning_potential",282.927149441369,0.0474858665240395,274.008934024703,292.135627533232,266.222880737408,300.679534641407,257.783182545051,310.523638899637,"21dcaea9db8c89ddc8c29fa3c3a5e514b50bef6e26587c168c00c05f35fbebc3","e289a150c45930c2f4f164fb43432d5c034d8caec7bda7ce664caca9e4ad20c5","2a1d8aca95b935951cb371014dc53250bca5ead96b6750c991b6e3b51a154b04","278bee47cd45eccaf00a839b10f2e01146092ada4f32ea3a0afa4a9b2b55b53f","MFCL quarterly dependent-variable gradients; log-scale delta method"
2021,3,2021.5,"spawning_potential",281.656837614144,0.0477728272617694,272.725872237568,290.880265681932,264.930121952365,299.43961671925,256.481470224969,309.303335267131,"21dcaea9db8c89ddc8c29fa3c3a5e514b50bef6e26587c168c00c05f35fbebc3","e289a150c45930c2f4f164fb43432d5c034d8caec7bda7ce664caca9e4ad20c5","2a1d8aca95b935951cb371014dc53250bca5ead96b6750c991b6e3b51a154b04","278bee47cd45eccaf00a839b10f2e01146092ada4f32ea3a0afa4a9b2b55b53f","MFCL quarterly dependent-variable gradients; log-scale delta method"
2021,4,2021.75,"spawning_potential",284.886097370751,0.0473837220443184,275.925142799984,294.138068215007,268.101263726266,302.721767689996,259.620007765379,312.611070208742,"21dcaea9db8c89ddc8c29fa3c3a5e514b50bef6e26587c168c00c05f35fbebc3","e289a150c45930c2f4f164fb43432d5c034d8caec7bda7ce664caca9e4ad20c5","2a1d8aca95b935951cb371014dc53250bca5ead96b6750c991b6e3b51a154b04","278bee47cd45eccaf00a839b10f2e01146092ada4f32ea3a0afa4a9b2b55b53f","MFCL quarterly dependent-variable gradients; log-scale delta method"
2022,1,2022,"spawning_potential",286.113745140551,0.0470681321000743,277.173168908986,295.342711131006,269.365502758529,303.903336990171,260.900105966468,313.764054848154,"21dcaea9db8c89ddc8c29fa3c3a5e514b50bef6e26587c168c00c05f35fbebc3","e289a150c45930c2f4f164fb43432d5c034d8caec7bda7ce664caca9e4ad20c5","2a1d8aca95b935951cb371014dc53250bca5ead96b6750c991b6e3b51a154b04","278bee47cd45eccaf00a839b10f2e01146092ada4f32ea3a0afa4a9b2b55b53f","MFCL quarterly dependent-variable gradients; log-scale delta method"
2022,2,2022.25,"spawning_potential",284.288464300626,0.0470296761305777,275.412068632838,293.450941839996,267.660259254343,301.949684871258,259.255217071312,311.738879731695,"21dcaea9db8c89ddc8c29fa3c3a5e514b50bef6e26587c168c00c05f35fbebc3","e289a150c45930c2f4f164fb43432d5c034d8caec7bda7ce664caca9e4ad20c5","2a1d8aca95b935951cb371014dc53250bca5ead96b6750c991b6e3b51a154b04","278bee47cd45eccaf00a839b10f2e01146092ada4f32ea3a0afa4a9b2b55b53f","MFCL quarterly dependent-variable gradients; log-scale delta method"
2022,3,2022.5,"spawning_potential",283.096956668108,0.0468969822343211,274.2823110347,292.194879693154,266.58377342879,300.633027449259,258.235780597206,310.351596860051,"21dcaea9db8c89ddc8c29fa3c3a5e514b50bef6e26587c168c00c05f35fbebc3","e289a150c45930c2f4f164fb43432d5c034d8caec7bda7ce664caca9e4ad20c5","2a1d8aca95b935951cb371014dc53250bca5ead96b6750c991b6e3b51a154b04","278bee47cd45eccaf00a839b10f2e01146092ada4f32ea3a0afa4a9b2b55b53f","MFCL quarterly dependent-variable gradients; log-scale delta method"
2022,4,2022.75,"spawning_potential",284.260036875591,0.0464967744321514,275.483529909717,293.316150664229,267.816334882134,301.713368604174,259.500191029823,311.382308598092,"21dcaea9db8c89ddc8c29fa3c3a5e514b50bef6e26587c168c00c05f35fbebc3","e289a150c45930c2f4f164fb43432d5c034d8caec7bda7ce664caca9e4ad20c5","2a1d8aca95b935951cb371014dc53250bca5ead96b6750c991b6e3b51a154b04","278bee47cd45eccaf00a839b10f2e01146092ada4f32ea3a0afa4a9b2b55b53f","MFCL quarterly dependent-variable gradients; log-scale delta method"
2023,1,2023,"spawning_potential",279.887977297674,0.0467828656793674,271.194121148487,288.860538362818,263.600523155661,297.181807145063,255.365719093616,306.765058809891,"21dcaea9db8c89ddc8c29fa3c3a5e514b50bef6e26587c168c00c05f35fbebc3","e289a150c45930c2f4f164fb43432d5c034d8caec7bda7ce664caca9e4ad20c5","2a1d8aca95b935951cb371014dc53250bca5ead96b6750c991b6e3b51a154b04","278bee47cd45eccaf00a839b10f2e01146092ada4f32ea3a0afa4a9b2b55b53f","MFCL quarterly dependent-variable gradients; log-scale delta method"
2023,2,2023.25,"spawning_potential",273.414632143259,0.0474033484982876,264.811001420208,282.297792271137,257.299199095301,290.539423880387,249.156343814749,300.03474896716,"21dcaea9db8c89ddc8c29fa3c3a5e514b50bef6e26587c168c00c05f35fbebc3","e289a150c45930c2f4f164fb43432d5c034d8caec7bda7ce664caca9e4ad20c5","2a1d8aca95b935951cb371014dc53250bca5ead96b6750c991b6e3b51a154b04","278bee47cd45eccaf00a839b10f2e01146092ada4f32ea3a0afa4a9b2b55b53f","MFCL quarterly dependent-variable gradients; log-scale delta method"
2023,3,2023.5,"spawning_potential",266.450754931972,0.0481499539189671,257.936335190971,275.246233731489,250.505980178987,283.410418997147,242.455276483656,292.821034186088,"21dcaea9db8c89ddc8c29fa3c3a5e514b50bef6e26587c168c00c05f35fbebc3","e289a150c45930c2f4f164fb43432d5c034d8caec7bda7ce664caca9e4ad20c5","2a1d8aca95b935951cb371014dc53250bca5ead96b6750c991b6e3b51a154b04","278bee47cd45eccaf00a839b10f2e01146092ada4f32ea3a0afa4a9b2b55b53f","MFCL quarterly dependent-variable gradients; log-scale delta method"
2023,4,2023.75,"spawning_potential",261.200795259468,0.0488093535987501,252.741703723337,269.943006789499,245.362752638625,278.061175587897,237.371130282823,287.422718014986,"21dcaea9db8c89ddc8c29fa3c3a5e514b50bef6e26587c168c00c05f35fbebc3","e289a150c45930c2f4f164fb43432d5c034d8caec7bda7ce664caca9e4ad20c5","2a1d8aca95b935951cb371014dc53250bca5ead96b6750c991b6e3b51a154b04","278bee47cd45eccaf00a839b10f2e01146092ada4f32ea3a0afa4a9b2b55b53f","MFCL quarterly dependent-variable gradients; log-scale delta method"
2024,1,2024,"spawning_potential",253.557200870196,0.0500774302969492,245.135894594209,262.267809532974,237.795873868962,270.363202973643,229.85288692566,279.706097987459,"21dcaea9db8c89ddc8c29fa3c3a5e514b50bef6e26587c168c00c05f35fbebc3","e289a150c45930c2f4f164fb43432d5c034d8caec7bda7ce664caca9e4ad20c5","2a1d8aca95b935951cb371014dc53250bca5ead96b6750c991b6e3b51a154b04","278bee47cd45eccaf00a839b10f2e01146092ada4f32ea3a0afa4a9b2b55b53f","MFCL quarterly dependent-variable gradients; log-scale delta method"
2024,2,2024.25,"spawning_potential",237.719032847006,0.0533973101551209,229.309702755995,246.436752996221,221.995705171443,254.555999333745,214.097739472354,263.946451359021,"21dcaea9db8c89ddc8c29fa3c3a5e514b50bef6e26587c168c00c05f35fbebc3","e289a150c45930c2f4f164fb43432d5c034d8caec7bda7ce664caca9e4ad20c5","2a1d8aca95b935951cb371014dc53250bca5ead96b6750c991b6e3b51a154b04","278bee47cd45eccaf00a839b10f2e01146092ada4f32ea3a0afa4a9b2b55b53f","MFCL quarterly dependent-variable gradients; log-scale delta method"
2024,3,2024.5,"spawning_potential",225.876737690917,0.0562813997218549,217.462889894515,234.616125328969,210.158482804504,242.770598402882,202.285471620485,252.219302855383,"21dcaea9db8c89ddc8c29fa3c3a5e514b50bef6e26587c168c00c05f35fbebc3","e289a150c45930c2f4f164fb43432d5c034d8caec7bda7ce664caca9e4ad20c5","2a1d8aca95b935951cb371014dc53250bca5ead96b6750c991b6e3b51a154b04","278bee47cd45eccaf00a839b10f2e01146092ada4f32ea3a0afa4a9b2b55b53f","MFCL quarterly dependent-variable gradients; log-scale delta method"
2024,4,2024.75,"spawning_potential",217.237112653907,0.0590786409053627,208.750864343393,226.068348328255,201.396805218902,234.323295560288,193.484505360183,243.905645190326,"21dcaea9db8c89ddc8c29fa3c3a5e514b50bef6e26587c168c00c05f35fbebc3","e289a150c45930c2f4f164fb43432d5c034d8caec7bda7ce664caca9e4ad20c5","2a1d8aca95b935951cb371014dc53250bca5ead96b6750c991b6e3b51a154b04","278bee47cd45eccaf00a839b10f2e01146092ada4f32ea3a0afa4a9b2b55b53f","MFCL quarterly dependent-variable gradients; log-scale delta method"
1952,1,1952,"recruitment",19.6063097810938,0.147302477207598,17.7519866034656,21.6543304036276,16.2334791148616,23.6799136224775,14.6896606897377,26.1685679030533,"21dcaea9db8c89ddc8c29fa3c3a5e514b50bef6e26587c168c00c05f35fbebc3","e289a150c45930c2f4f164fb43432d5c034d8caec7bda7ce664caca9e4ad20c5","2a1d8aca95b935951cb371014dc53250bca5ead96b6750c991b6e3b51a154b04","278bee47cd45eccaf00a839b10f2e01146092ada4f32ea3a0afa4a9b2b55b53f","MFCL quarterly dependent-variable gradients; log-scale delta method"
1952,2,1952.25,"recruitment",20.9619196588396,0.140677933823661,19.0643789540782,23.0483288672591,17.5038597841896,25.1031533159639,15.9105714333786,27.6169889701026,"21dcaea9db8c89ddc8c29fa3c3a5e514b50bef6e26587c168c00c05f35fbebc3","e289a150c45930c2f4f164fb43432d5c034d8caec7bda7ce664caca9e4ad20c5","2a1d8aca95b935951cb371014dc53250bca5ead96b6750c991b6e3b51a154b04","278bee47cd45eccaf00a839b10f2e01146092ada4f32ea3a0afa4a9b2b55b53f","MFCL quarterly dependent-variable gradients; log-scale delta method"
1952,3,1952.5,"recruitment",21.9770876904192,0.13814227974198,20.0218642770032,24.12324729956,18.4112885963332,26.2334915247902,16.7642148980266,28.8109157685178,"21dcaea9db8c89ddc8c29fa3c3a5e514b50bef6e26587c168c00c05f35fbebc3","e289a150c45930c2f4f164fb43432d5c034d8caec7bda7ce664caca9e4ad20c5","2a1d8aca95b935951cb371014dc53250bca5ead96b6750c991b6e3b51a154b04","278bee47cd45eccaf00a839b10f2e01146092ada4f32ea3a0afa4a9b2b55b53f","MFCL quarterly dependent-variable gradients; log-scale delta method"
1952,4,1952.75,"recruitment",19.8869441197635,0.145146892448933,18.0322775778851,21.9323679282549,16.5113861858127,23.9525950136408,14.9630040873928,26.4312262506043,"21dcaea9db8c89ddc8c29fa3c3a5e514b50bef6e26587c168c00c05f35fbebc3","e289a150c45930c2f4f164fb43432d5c034d8caec7bda7ce664caca9e4ad20c5","2a1d8aca95b935951cb371014dc53250bca5ead96b6750c991b6e3b51a154b04","278bee47cd45eccaf00a839b10f2e01146092ada4f32ea3a0afa4a9b2b55b53f","MFCL quarterly dependent-variable gradients; log-scale delta method"
1953,1,1953,"recruitment",19.6063097810938,0.147302477207598,17.7519866034656,21.6543304036276,16.2334791148616,23.6799136224775,14.6896606897377,26.1685679030533,"21dcaea9db8c89ddc8c29fa3c3a5e514b50bef6e26587c168c00c05f35fbebc3","e289a150c45930c2f4f164fb43432d5c034d8caec7bda7ce664caca9e4ad20c5","2a1d8aca95b935951cb371014dc53250bca5ead96b6750c991b6e3b51a154b04","278bee47cd45eccaf00a839b10f2e01146092ada4f32ea3a0afa4a9b2b55b53f","MFCL quarterly dependent-variable gradients; log-scale delta method"
1953,2,1953.25,"recruitment",41.2501373319988,0.478800949162876,29.8656236849808,56.9743276703935,22.3325741319175,76.1924630746836,16.1387276221233,105.434199631464,"21dcaea9db8c89ddc8c29fa3c3a5e514b50bef6e26587c168c00c05f35fbebc3","e289a150c45930c2f4f164fb43432d5c034d8caec7bda7ce664caca9e4ad20c5","2a1d8aca95b935951cb371014dc53250bca5ead96b6750c991b6e3b51a154b04","278bee47cd45eccaf00a839b10f2e01146092ada4f32ea3a0afa4a9b2b55b53f","MFCL quarterly dependent-variable gradients; log-scale delta method"
1953,3,1953.5,"recruitment",4.0551977041886,2.22584340915829,0.903653649594387,18.1979328334897,0.233976718157406,70.2831826583425,0.0516857339229751,318.165713667976,"21dcaea9db8c89ddc8c29fa3c3a5e514b50bef6e26587c168c00c05f35fbebc3","e289a150c45930c2f4f164fb43432d5c034d8caec7bda7ce664caca9e4ad20c5","2a1d8aca95b935951cb371014dc53250bca5ead96b6750c991b6e3b51a154b04","278bee47cd45eccaf00a839b10f2e01146092ada4f32ea3a0afa4a9b2b55b53f","MFCL quarterly dependent-variable gradients; log-scale delta method"
1953,4,1953.75,"recruitment",3.4693124809459,2.20911365208402,0.781868998700642,15.3940482490665,0.204510365598934,58.853393837509,0.0456922420451349,263.417345083608,"21dcaea9db8c89ddc8c29fa3c3a5e514b50bef6e26587c168c00c05f35fbebc3","e289a150c45930c2f4f164fb43432d5c034d8caec7bda7ce664caca9e4ad20c5","2a1d8aca95b935951cb371014dc53250bca5ead96b6750c991b6e3b51a154b04","278bee47cd45eccaf00a839b10f2e01146092ada4f32ea3a0afa4a9b2b55b53f","MFCL quarterly dependent-variable gradients; log-scale delta method"
1954,1,1954,"recruitment",9.41589710324632,1.59324802323482,3.21481553873235,27.578290944146,1.22209908720956,72.5465874140855,0.414654638359215,213.814365153965,"21dcaea9db8c89ddc8c29fa3c3a5e514b50bef6e26587c168c00c05f35fbebc3","e289a150c45930c2f4f164fb43432d5c034d8caec7bda7ce664caca9e4ad20c5","2a1d8aca95b935951cb371014dc53250bca5ead96b6750c991b6e3b51a154b04","278bee47cd45eccaf00a839b10f2e01146092ada4f32ea3a0afa4a9b2b55b53f","MFCL quarterly dependent-variable gradients; log-scale delta method"
1954,2,1954.25,"recruitment",81.6146224033406,0.270315884347924,68.0119312081154,97.9379128296987,57.7189012151591,115.403211942823,48.0479295147756,138.631292904963,"21dcaea9db8c89ddc8c29fa3c3a5e514b50bef6e26587c168c00c05f35fbebc3","e289a150c45930c2f4f164fb43432d5c034d8caec7bda7ce664caca9e4ad20c5","2a1d8aca95b935951cb371014dc53250bca5ead96b6750c991b6e3b51a154b04","278bee47cd45eccaf00a839b10f2e01146092ada4f32ea3a0afa4a9b2b55b53f","MFCL quarterly dependent-variable gradients; log-scale delta method"
1954,3,1954.5,"recruitment",2.83105785464094,2.74738992795023,0.443775753349803,18.0606725712805,0.0837204989822297,95.7338844579195,0.0129827351672776,617.349770526424,"21dcaea9db8c89ddc8c29fa3c3a5e514b50bef6e26587c168c00c05f35fbebc3","e289a150c45930c2f4f164fb43432d5c034d8caec7bda7ce664caca9e4ad20c5","2a1d8aca95b935951cb371014dc53250bca5ead96b6750c991b6e3b51a154b04","278bee47cd45eccaf00a839b10f2e01146092ada4f32ea3a0afa4a9b2b55b53f","MFCL quarterly dependent-variable gradients; log-scale delta method"
1954,4,1954.75,"recruitment",2.72765275330707,2.92709194538506,0.378760169252288,19.6432733603196,0.064070078182472,116.124246351537,0.00879516315260083,845.929679021759,"21dcaea9db8c89ddc8c29fa3c3a5e514b50bef6e26587c168c00c05f35fbebc3","e289a150c45930c2f4f164fb43432d5c034d8caec7bda7ce664caca9e4ad20c5","2a1d8aca95b935951cb371014dc53250bca5ead96b6750c991b6e3b51a154b04","278bee47cd45eccaf00a839b10f2e01146092ada4f32ea3a0afa4a9b2b55b53f","MFCL quarterly dependent-variable gradients; log-scale delta method"
1955,1,1955,"recruitment",58.1966877750178,0.418593512680188,43.8814380952287,77.1819387649279,34.0346550105216,99.5119376687053,25.6206901237534,132.192163896588,"21dcaea9db8c89ddc8c29fa3c3a5e514b50bef6e26587c168c00c05f35fbebc3","e289a150c45930c2f4f164fb43432d5c034d8caec7bda7ce664caca9e4ad20c5","2a1d8aca95b935951cb371014dc53250bca5ead96b6750c991b6e3b51a154b04","278bee47cd45eccaf00a839b10f2e01146092ada4f32ea3a0afa4a9b2b55b53f","MFCL quarterly dependent-variable gradients; log-scale delta method"
1955,2,1955.25,"recruitment",46.5973858554585,0.428123282164936,34.9102218634679,62.1971517985303,26.9203465906258,80.6570733126659,20.1345697950708,107.840216635473,"21dcaea9db8c89ddc8c29fa3c3a5e514b50bef6e26587c168c00c05f35fbebc3","e289a150c45930c2f4f164fb43432d5c034d8caec7bda7ce664caca9e4ad20c5","2a1d8aca95b935951cb371014dc53250bca5ead96b6750c991b6e3b51a154b04","278bee47cd45eccaf00a839b10f2e01146092ada4f32ea3a0afa4a9b2b55b53f","MFCL quarterly dependent-variable gradients; log-scale delta method"
1955,3,1955.5,"recruitment",1.3379297305264,1.96860282707536,0.354630460848406,5.04766556021157,0.107341215020026,16.6763154627278,0.0282329032609677,63.4031841245753,"21dcaea9db8c89ddc8c29fa3c3a5e514b50bef6e26587c168c00c05f35fbebc3","e289a150c45930c2f4f164fb43432d5c034d8caec7bda7ce664caca9e4ad20c5","2a1d8aca95b935951cb371014dc53250bca5ead96b6750c991b6e3b51a154b04","278bee47cd45eccaf00a839b10f2e01146092ada4f32ea3a0afa4a9b2b55b53f","MFCL quarterly dependent-variable gradients; log-scale delta method"
1955,4,1955.75,"recruitment",0.91691770180744,2.08387071183114,0.22485781860602,3.73897637671617,0.0634612794758447,13.248047925158,0.0154360576337419,54.4658546784677,"21dcaea9db8c89ddc8c29fa3c3a5e514b50bef6e26587c168c00c05f35fbebc3","e289a150c45930c2f4f164fb43432d5c034d8caec7bda7ce664caca9e4ad20c5","2a1d8aca95b935951cb371014dc53250bca5ead96b6750c991b6e3b51a154b04","278bee47cd45eccaf00a839b10f2e01146092ada4f32ea3a0afa4a9b2b55b53f","MFCL quarterly dependent-variable gradients; log-scale delta method"
1956,1,1956,"recruitment",11.6634782432686,0.852894248600694,6.56133450792854,20.7330878446779,3.90959771493217,34.7955811953812,2.19201329029246,62.0601733272562,"21dcaea9db8c89ddc8c29fa3c3a5e514b50bef6e26587c168c00c05f35fbebc3","e289a150c45930c2f4f164fb43432d5c034d8caec7bda7ce664caca9e4ad20c5","2a1d8aca95b935951cb371014dc53250bca5ead96b6750c991b6e3b51a154b04","278bee47cd45eccaf00a839b10f2e01146092ada4f32ea3a0afa4a9b2b55b53f","MFCL quarterly dependent-variable gradients; log-scale delta method"
1956,2,1956.25,"recruitment",41.6207333954048,0.255052496364301,35.042729070803,49.4335199998643,30.0161483754634,57.7117832275716,25.2469343127734,68.6136949108683,"21dcaea9db8c89ddc8c29fa3c3a5e514b50bef6e26587c168c00c05f35fbebc3","e289a150c45930c2f4f164fb43432d5c034d8caec7bda7ce664caca9e4ad20c5","2a1d8aca95b935951cb371014dc53250bca5ead96b6750c991b6e3b51a154b04","278bee47cd45eccaf00a839b10f2e01146092ada4f32ea3a0afa4a9b2b55b53f","MFCL quarterly dependent-variable gradients; log-scale delta method"
1956,3,1956.5,"recruitment",2.42166287356855,1.15795141866023,1.10896603246699,5.2882152397169,0.549075122668003,10.6805987580068,0.250301613478804,23.4295376354692,"21dcaea9db8c89ddc8c29fa3c3a5e514b50bef6e26587c168c00c05f35fbebc3","e289a150c45930c2f4f164fb43432d5c034d8caec7bda7ce664caca9e4ad20c5","2a1d8aca95b935951cb371014dc53250bca5ead96b6750c991b6e3b51a154b04","278bee47cd45eccaf00a839b10f2e01146092ada4f32ea3a0afa4a9b2b55b53f","MFCL quarterly dependent-variable gradients; log-scale delta method"
1956,4,1956.75,"recruitment",0.762971532797652,1.94029609612416,0.206130794452431,2.82405916789854,0.0634740538372212,9.17107896326356,0.0170186576876728,34.2051394735586,"21dcaea9db8c89ddc8c29fa3c3a5e514b50bef6e26587c168c00c05f35fbebc3","e289a150c45930c2f4f164fb43432d5c034d8caec7bda7ce664caca9e4ad20c5","2a1d8aca95b935951cb371014dc53250bca5ead96b6750c991b6e3b51a154b04","278bee47cd45eccaf00a839b10f2e01146092ada4f32ea3a0afa4a9b2b55b53f","MFCL quarterly dependent-variable gradients; log-scale delta method"
1957,1,1957,"recruitment",20.6810421409967,0.514370456666023,14.6183829257563,29.2580585834908,10.6976616267174,39.9812144898549,7.54639429420982,56.6768031675536,"21dcaea9db8c89ddc8c29fa3c3a5e514b50bef6e26587c168c00c05f35fbebc3","e289a150c45930c2f4f164fb43432d5c034d8caec7bda7ce664caca9e4ad20c5","2a1d8aca95b935951cb371014dc53250bca5ead96b6750c991b6e3b51a154b04","278bee47cd45eccaf00a839b10f2e01146092ada4f32ea3a0afa4a9b2b55b53f","MFCL quarterly dependent-variable gradients; log-scale delta method"
1957,2,1957.25,"recruitment",17.3031132512951,0.711312861652391,10.7093073339671,27.9567780483368,6.95389775614128,43.0546635407077,4.2919400269659,69.7581341551964,"21dcaea9db8c89ddc8c29fa3c3a5e514b50bef6e26587c168c00c05f35fbebc3","e289a150c45930c2f4f164fb43432d5c034d8caec7bda7ce664caca9e4ad20c5","2a1d8aca95b935951cb371014dc53250bca5ead96b6750c991b6e3b51a154b04","278bee47cd45eccaf00a839b10f2e01146092ada4f32ea3a0afa4a9b2b55b53f","MFCL quarterly dependent-variable gradients; log-scale delta method"
1957,3,1957.5,"recruitment",4.29882806287666,1.61897433253605,1.44247566452274,12.8112544070476,0.539853944907081,34.2313377322021,0.180001707571301,102.665263366214,"21dcaea9db8c89ddc8c29fa3c3a5e514b50bef6e26587c168c00c05f35fbebc3","e289a150c45930c2f4f164fb43432d5c034d8caec7bda7ce664caca9e4ad20c5","2a1d8aca95b935951cb371014dc53250bca5ead96b6750c991b6e3b51a154b04","278bee47cd45eccaf00a839b10f2e01146092ada4f32ea3a0afa4a9b2b55b53f","MFCL quarterly dependent-variable gradients; log-scale delta method"
1957,4,1957.75,"recruitment",0.790016412860361,2.00192950460244,0.204746532959769,3.04828571974592,0.0607324304860194,10.2766500137423,0.0156167490040821,39.9651638395168,"21dcaea9db8c89ddc8c29fa3c3a5e514b50bef6e26587c168c00c05f35fbebc3","e289a150c45930c2f4f164fb43432d5c034d8caec7bda7ce664caca9e4ad20c5","2a1d8aca95b935951cb371014dc53250bca5ead96b6750c991b6e3b51a154b04","278bee47cd45eccaf00a839b10f2e01146092ada4f32ea3a0afa4a9b2b55b53f","MFCL quarterly dependent-variable gradients; log-scale delta method"
1958,1,1958,"recruitment",11.2570369755128,0.49163131096645,8.08001041820026,15.6832571877163,5.99510058085585,21.1374070808286,4.29483775270956,29.5053943279034,"21dcaea9db8c89ddc8c29fa3c3a5e514b50bef6e26587c168c00c05f35fbebc3","e289a150c45930c2f4f164fb43432d5c034d8caec7bda7ce664caca9e4ad20c5","2a1d8aca95b935951cb371014dc53250bca5ead96b6750c991b6e3b51a154b04","278bee47cd45eccaf00a839b10f2e01146092ada4f32ea3a0afa4a9b2b55b53f","MFCL quarterly dependent-variable gradients; log-scale delta method"
1958,2,1958.25,"recruitment",1.8571841486281,1.62538314643388,0.620491836732174,5.55870804051248,0.231320548646743,14.9106207040118,0.0767938295810445,44.9141940274699,"21dcaea9db8c89ddc8c29fa3c3a5e514b50bef6e26587c168c00c05f35fbebc3","e289a150c45930c2f4f164fb43432d5c034d8caec7bda7ce664caca9e4ad20c5","2a1d8aca95b935951cb371014dc53250bca5ead96b6750c991b6e3b51a154b04","278bee47cd45eccaf00a839b10f2e01146092ada4f32ea3a0afa4a9b2b55b53f","MFCL quarterly dependent-variable gradients; log-scale delta method"
1958,3,1958.5,"recruitment",75.1128344298128,0.17619648818821,66.6962491516385,84.5915320253339,59.9305598857297,94.14125125542,53.1784197887933,106.094500710784,"21dcaea9db8c89ddc8c29fa3c3a5e514b50bef6e26587c168c00c05f35fbebc3","e289a150c45930c2f4f164fb43432d5c034d8caec7bda7ce664caca9e4ad20c5","2a1d8aca95b935951cb371014dc53250bca5ead96b6750c991b6e3b51a154b04","278bee47cd45eccaf00a839b10f2e01146092ada4f32ea3a0afa4a9b2b55b53f","MFCL quarterly dependent-variable gradients; log-scale delta method"
1958,4,1958.75,"recruitment",1.49662779716609,2.23796195076274,0.330791187853484,6.77132537231408,0.0850216627063153,26.3449889352003,0.018627610187691,120.245954294788,"21dcaea9db8c89ddc8c29fa3c3a5e514b50bef6e26587c168c00c05f35fbebc3","e289a150c45930c2f4f164fb43432d5c034d8caec7bda7ce664caca9e4ad20c5","2a1d8aca95b935951cb371014dc53250bca5ead96b6750c991b6e3b51a154b04","278bee47cd45eccaf00a839b10f2e01146092ada4f32ea3a0afa4a9b2b55b53f","MFCL quarterly dependent-variable gradients; log-scale delta method"
1959,1,1959,"recruitment",36.2746243114005,0.35119438002433,28.6238828026061,45.9702961337391,23.1280168786132,56.8941287028388,18.2249239603637,72.2004860922881,"21dcaea9db8c89ddc8c29fa3c3a5e514b50bef6e26587c168c00c05f35fbebc3","e289a150c45930c2f4f164fb43432d5c034d8caec7bda7ce664caca9e4ad20c5","2a1d8aca95b935951cb371014dc53250bca5ead96b6750c991b6e3b51a154b04","278bee47cd45eccaf00a839b10f2e01146092ada4f32ea3a0afa4a9b2b55b53f","MFCL quarterly dependent-variable gradients; log-scale delta method"
1959,2,1959.25,"recruitment",3.18735825997089,1.79072117432835,0.952532896559021,10.6655137204232,0.321194287358126,31.6296182007661,0.0953160977506152,106.584857302754,"21dcaea9db8c89ddc8c29fa3c3a5e514b50bef6e26587c168c00c05f35fbebc3","e289a150c45930c2f4f164fb43432d5c034d8caec7bda7ce664caca9e4ad20c5","2a1d8aca95b935951cb371014dc53250bca5ead96b6750c991b6e3b51a154b04","278bee47cd45eccaf00a839b10f2e01146092ada4f32ea3a0afa4a9b2b55b53f","MFCL quarterly dependent-variable gradients; log-scale delta method"
1959,3,1959.5,"recruitment",2.21906612293637,1.77296218340063,0.671152846954017,7.33700896943561,0.228765911276475,21.5252981988766,0.0687103398788502,71.6668621730921,"21dcaea9db8c89ddc8c29fa3c3a5e514b50bef6e26587c168c00c05f35fbebc3","e289a150c45930c2f4f164fb43432d5c034d8caec7bda7ce664caca9e4ad20c5","2a1d8aca95b935951cb371014dc53250bca5ead96b6750c991b6e3b51a154b04","278bee47cd45eccaf00a839b10f2e01146092ada4f32ea3a0afa4a9b2b55b53f","MFCL quarterly dependent-variable gradients; log-scale delta method"
1959,4,1959.75,"recruitment",1.14028181960602,2.32643520367097,0.237430279801283,5.47631342224868,0.0578344167293256,22.4821603061957,0.0119329264699055,108.962594498776,"21dcaea9db8c89ddc8c29fa3c3a5e514b50bef6e26587c168c00c05f35fbebc3","e289a150c45930c2f4f164fb43432d5c034d8caec7bda7ce664caca9e4ad20c5","2a1d8aca95b935951cb371014dc53250bca5ead96b6750c991b6e3b51a154b04","278bee47cd45eccaf00a839b10f2e01146092ada4f32ea3a0afa4a9b2b55b53f","MFCL quarterly dependent-variable gradients; log-scale delta method"
1960,1,1960,"recruitment",8.71634014813051,1.31075754320496,3.60062310120108,21.1003994149148,1.62481840780139,46.7588163779584,0.667752198157731,113.776616217092,"21dcaea9db8c89ddc8c29fa3c3a5e514b50bef6e26587c168c00c05f35fbebc3","e289a150c45930c2f4f164fb43432d5c034d8caec7bda7ce664caca9e4ad20c5","2a1d8aca95b935951cb371014dc53250bca5ead96b6750c991b6e3b51a154b04","278bee47cd45eccaf00a839b10f2e01146092ada4f32ea3a0afa4a9b2b55b53f","MFCL quarterly dependent-variable gradients; log-scale delta method"
1960,2,1960.25,"recruitment",43.5085487613424,0.260445006323678,36.4991858470957,51.8640011108286,31.1615117778071,60.7478170127252,26.114601691828,72.487945160216,"21dcaea9db8c89ddc8c29fa3c3a5e514b50bef6e26587c168c00c05f35fbebc3","e289a150c45930c2f4f164fb43432d5c034d8caec7bda7ce664caca9e4ad20c5","2a1d8aca95b935951cb371014dc53250bca5ead96b6750c991b6e3b51a154b04","278bee47cd45eccaf00a839b10f2e01146092ada4f32ea3a0afa4a9b2b55b53f","MFCL quarterly dependent-variable gradients; log-scale delta method"
1960,3,1960.5,"recruitment",0.611625227162812,2.20721134142055,0.138017197190166,2.71042613614685,0.0361423233623515,10.3503423051003,0.00808544058415915,46.2665472101622,"21dcaea9db8c89ddc8c29fa3c3a5e514b50bef6e26587c168c00c05f35fbebc3","e289a150c45930c2f4f164fb43432d5c034d8caec7bda7ce664caca9e4ad20c5","2a1d8aca95b935951cb371014dc53250bca5ead96b6750c991b6e3b51a154b04","278bee47cd45eccaf00a839b10f2e01146092ada4f32ea3a0afa4a9b2b55b53f","MFCL quarterly dependent-variable gradients; log-scale delta method"
1960,4,1960.75,"recruitment",1.48068296183592,2.79612208638919,0.224595955248067,9.76162741243343,0.0411360178212887,53.2968952657488,0.00617161241561358,355.2429877036,"21dcaea9db8c89ddc8c29fa3c3a5e514b50bef6e26587c168c00c05f35fbebc3","e289a150c45930c2f4f164fb43432d5c034d8caec7bda7ce664caca9e4ad20c5","2a1d8aca95b935951cb371014dc53250bca5ead96b6750c991b6e3b51a154b04","278bee47cd45eccaf00a839b10f2e01146092ada4f32ea3a0afa4a9b2b55b53f","MFCL quarterly dependent-variable gradients; log-scale delta method"
1961,1,1961,"recruitment",45.9107108655951,0.156910574713179,41.3000564871771,51.0360893292895,37.5475995484652,56.1365679173074,33.7560400855673,62.4419619967651,"21dcaea9db8c89ddc8c29fa3c3a5e514b50bef6e26587c168c00c05f35fbebc3","e289a150c45930c2f4f164fb43432d5c034d8caec7bda7ce664caca9e4ad20c5","2a1d8aca95b935951cb371014dc53250bca5ead96b6750c991b6e3b51a154b04","278bee47cd45eccaf00a839b10f2e01146092ada4f32ea3a0afa4a9b2b55b53f","MFCL quarterly dependent-variable gradients; log-scale delta method"
1961,2,1961.25,"recruitment",3.83417559129944,0.985516106208107,1.97236618226384,7.45343465990835,1.08433265500953,13.5575576341812,0.555647247891352,26.4572577668754,"21dcaea9db8c89ddc8c29fa3c3a5e514b50bef6e26587c168c00c05f35fbebc3","e289a150c45930c2f4f164fb43432d5c034d8caec7bda7ce664caca9e4ad20c5","2a1d8aca95b935951cb371014dc53250bca5ead96b6750c991b6e3b51a154b04","278bee47cd45eccaf00a839b10f2e01146092ada4f32ea3a0afa4a9b2b55b53f","MFCL quarterly dependent-variable gradients; log-scale delta method"
1961,3,1961.5,"recruitment",1.06219703968413,1.11924737666729,0.499283383580166,2.25976387001585,0.2530840110814,4.45805543500273,0.118440434643102,9.52599130958552,"21dcaea9db8c89ddc8c29fa3c3a5e514b50bef6e26587c168c00c05f35fbebc3","e289a150c45930c2f4f164fb43432d5c034d8caec7bda7ce664caca9e4ad20c5","2a1d8aca95b935951cb371014dc53250bca5ead96b6750c991b6e3b51a154b04","278bee47cd45eccaf00a839b10f2e01146092ada4f32ea3a0afa4a9b2b55b53f","MFCL quarterly dependent-variable gradients; log-scale delta method"
1961,4,1961.75,"recruitment",4.57793233997349,0.506668279261231,3.25276329897067,6.44297250771584,2.39151227177098,8.76326864668587,1.69586996453317,12.3579430897841,"21dcaea9db8c89ddc8c29fa3c3a5e514b50bef6e26587c168c00c05f35fbebc3","e289a150c45930c2f4f164fb43432d5c034d8caec7bda7ce664caca9e4ad20c5","2a1d8aca95b935951cb371014dc53250bca5ead96b6750c991b6e3b51a154b04","278bee47cd45eccaf00a839b10f2e01146092ada4f32ea3a0afa4a9b2b55b53f","MFCL quarterly dependent-variable gradients; log-scale delta method"
1962,1,1962,"recruitment",13.3926150857658,0.463487332739464,9.7970957210248,18.3076846386799,7.39438201820862,24.256542114514,5.39938448371265,33.2189973461849,"21dcaea9db8c89ddc8c29fa3c3a5e514b50bef6e26587c168c00c05f35fbebc3","e289a150c45930c2f4f164fb43432d5c034d8caec7bda7ce664caca9e4ad20c5","2a1d8aca95b935951cb371014dc53250bca5ead96b6750c991b6e3b51a154b04","278bee47cd45eccaf00a839b10f2e01146092ada4f32ea3a0afa4a9b2b55b53f","MFCL quarterly dependent-variable gradients; log-scale delta method"
1962,2,1962.25,"recruitment",27.9042063315655,0.326935784845902,22.3821240366655,34.7886880494022,18.3529876348094,42.4260478178363,14.7021696551273,52.9612124781213,"21dcaea9db8c89ddc8c29fa3c3a5e514b50bef6e26587c168c00c05f35fbebc3","e289a150c45930c2f4f164fb43432d5c034d8caec7bda7ce664caca9e4ad20c5","2a1d8aca95b935951cb371014dc53250bca5ead96b6750c991b6e3b51a154b04","278bee47cd45eccaf00a839b10f2e01146092ada4f32ea3a0afa4a9b2b55b53f","MFCL quarterly dependent-variable gradients; log-scale delta method"
1962,3,1962.5,"recruitment",13.903692356724,0.509115766615358,9.86271095736815,19.6003575473341,7.24054394634707,26.69863791766,5.12589875002455,37.7129300787495,"21dcaea9db8c89ddc8c29fa3c3a5e514b50bef6e26587c168c00c05f35fbebc3","e289a150c45930c2f4f164fb43432d5c034d8caec7bda7ce664caca9e4ad20c5","2a1d8aca95b935951cb371014dc53250bca5ead96b6750c991b6e3b51a154b04","278bee47cd45eccaf00a839b10f2e01146092ada4f32ea3a0afa4a9b2b55b53f","MFCL quarterly dependent-variable gradients; log-scale delta method"
1962,4,1962.75,"recruitment",3.87347656905983,1.56029655434519,1.35222097709714,11.0956870106133,0.524427519762291,28.6099034960186,0.181959233330905,82.4570452205085,"21dcaea9db8c89ddc8c29fa3c3a5e514b50bef6e26587c168c00c05f35fbebc3","e289a150c45930c2f4f164fb43432d5c034d8caec7bda7ce664caca9e4ad20c5","2a1d8aca95b935951cb371014dc53250bca5ead96b6750c991b6e3b51a154b04","278bee47cd45eccaf00a839b10f2e01146092ada4f32ea3a0afa4a9b2b55b53f","MFCL quarterly dependent-variable gradients; log-scale delta method"
1963,1,1963,"recruitment",33.4197633494224,0.238593996691401,28.4519937387906,39.254914526734,24.6155149225377,45.3730334647111,20.9368717170906,53.3451509577572,"21dcaea9db8c89ddc8c29fa3c3a5e514b50bef6e26587c168c00c05f35fbebc3","e289a150c45930c2f4f164fb43432d5c034d8caec7bda7ce664caca9e4ad20c5","2a1d8aca95b935951cb371014dc53250bca5ead96b6750c991b6e3b51a154b04","278bee47cd45eccaf00a839b10f2e01146092ada4f32ea3a0afa4a9b2b55b53f","MFCL quarterly dependent-variable gradients; log-scale delta method"
1963,2,1963.25,"recruitment",3.33711426839967,1.08871462717352,1.60124201120727,6.95480855636576,0.82684544079154,13.4684562446106,0.395053130051649,28.1894529956026,"21dcaea9db8c89ddc8c29fa3c3a5e514b50bef6e26587c168c00c05f35fbebc3","e289a150c45930c2f4f164fb43432d5c034d8caec7bda7ce664caca9e4ad20c5","2a1d8aca95b935951cb371014dc53250bca5ead96b6750c991b6e3b51a154b04","278bee47cd45eccaf00a839b10f2e01146092ada4f32ea3a0afa4a9b2b55b53f","MFCL quarterly dependent-variable gradients; log-scale delta method"
1963,3,1963.5,"recruitment",6.44456694692882,1.12593264414187,3.01562593063905,13.7724121256134,1.52241318744846,27.2806643267818,0.709248025303853,58.5584191308171,"21dcaea9db8c89ddc8c29fa3c3a5e514b50bef6e26587c168c00c05f35fbebc3","e289a150c45930c2f4f164fb43432d5c034d8caec7bda7ce664caca9e4ad20c5","2a1d8aca95b935951cb371014dc53250bca5ead96b6750c991b6e3b51a154b04","278bee47cd45eccaf00a839b10f2e01146092ada4f32ea3a0afa4a9b2b55b53f","MFCL quarterly dependent-variable gradients; log-scale delta method"
1963,4,1963.75,"recruitment",20.1310105993575,0.434852747718973,15.0136189750968,26.9926650212483,11.5302639032067,35.1472950795806,8.5845640954911,47.2077071408086,"21dcaea9db8c89ddc8c29fa3c3a5e514b50bef6e26587c168c00c05f35fbebc3","e289a150c45930c2f4f164fb43432d5c034d8caec7bda7ce664caca9e4ad20c5","2a1d8aca95b935951cb371014dc53250bca5ead96b6750c991b6e3b51a154b04","278bee47cd45eccaf00a839b10f2e01146092ada4f32ea3a0afa4a9b2b55b53f","MFCL quarterly dependent-variable gradients; log-scale delta method"
1964,1,1964,"recruitment",34.085819318524,0.213709321895016,29.51022150116,39.3708694653272,25.9196644549575,44.8247731228961,22.421467444129,51.8183335461966,"21dcaea9db8c89ddc8c29fa3c3a5e514b50bef6e26587c168c00c05f35fbebc3","e289a150c45930c2f4f164fb43432d5c034d8caec7bda7ce664caca9e4ad20c5","2a1d8aca95b935951cb371014dc53250bca5ead96b6750c991b6e3b51a154b04","278bee47cd45eccaf00a839b10f2e01146092ada4f32ea3a0afa4a9b2b55b53f","MFCL quarterly dependent-variable gradients; log-scale delta method"
1964,2,1964.25,"recruitment",11.6718556277684,0.468314806445148,8.51055285000757,16.0074458377104,6.40456404774867,21.2711142834704,4.66132754270852,29.2260547123682,"21dcaea9db8c89ddc8c29fa3c3a5e514b50bef6e26587c168c00c05f35fbebc3","e289a150c45930c2f4f164fb43432d5c034d8caec7bda7ce664caca9e4ad20c5","2a1d8aca95b935951cb371014dc53250bca5ead96b6750c991b6e3b51a154b04","278bee47cd45eccaf00a839b10f2e01146092ada4f32ea3a0afa4a9b2b55b53f","MFCL quarterly dependent-variable gradients; log-scale delta method"
1964,3,1964.5,"recruitment",0.549974394131314,1.7125059287351,0.173261848429669,1.74574978243341,0.0612648988908748,4.937114721088,0.0191714420279259,15.7772082955217,"21dcaea9db8c89ddc8c29fa3c3a5e514b50bef6e26587c168c00c05f35fbebc3","e289a150c45930c2f4f164fb43432d5c034d8caec7bda7ce664caca9e4ad20c5","2a1d8aca95b935951cb371014dc53250bca5ead96b6750c991b6e3b51a154b04","278bee47cd45eccaf00a839b10f2e01146092ada4f32ea3a0afa4a9b2b55b53f","MFCL quarterly dependent-variable gradients; log-scale delta method"
1964,4,1964.75,"recruitment",2.46417346274751,1.10429806694278,1.17001751024784,5.18979485462812,0.598482212545937,10.1459170000696,0.282937855487604,21.4610761223328,"21dcaea9db8c89ddc8c29fa3c3a5e514b50bef6e26587c168c00c05f35fbebc3","e289a150c45930c2f4f164fb43432d5c034d8caec7bda7ce664caca9e4ad20c5","2a1d8aca95b935951cb371014dc53250bca5ead96b6750c991b6e3b51a154b04","278bee47cd45eccaf00a839b10f2e01146092ada4f32ea3a0afa4a9b2b55b53f","MFCL quarterly dependent-variable gradients; log-scale delta method"
1965,1,1965,"recruitment",24.6066674811961,0.291317672832593,20.2170570732169,29.9493681170981,16.9400191951043,35.7430577590575,13.9021748958441,43.5534791546294,"21dcaea9db8c89ddc8c29fa3c3a5e514b50bef6e26587c168c00c05f35fbebc3","e289a150c45930c2f4f164fb43432d5c034d8caec7bda7ce664caca9e4ad20c5","2a1d8aca95b935951cb371014dc53250bca5ead96b6750c991b6e3b51a154b04","278bee47cd45eccaf00a839b10f2e01146092ada4f32ea3a0afa4a9b2b55b53f","MFCL quarterly dependent-variable gradients; log-scale delta method"
1965,2,1965.25,"recruitment",12.7562767174796,0.540863305764957,8.85707598641236,18.3720446728181,6.37815726555504,25.5124778079225,4.41916534452333,36.8220202248315,"21dcaea9db8c89ddc8c29fa3c3a5e514b50bef6e26587c168c00c05f35fbebc3","e289a150c45930c2f4f164fb43432d5c034d8caec7bda7ce664caca9e4ad20c5","2a1d8aca95b935951cb371014dc53250bca5ead96b6750c991b6e3b51a154b04","278bee47cd45eccaf00a839b10f2e01146092ada4f32ea3a0afa4a9b2b55b53f","MFCL quarterly dependent-variable gradients; log-scale delta method"
1965,3,1965.5,"recruitment",0.449629414890482,2.17012175396687,0.104032030915004,1.94331119902803,0.0278630319304958,7.25572906922194,0.00639210248191624,31.6275609326826,"21dcaea9db8c89ddc8c29fa3c3a5e514b50bef6e26587c168c00c05f35fbebc3","e289a150c45930c2f4f164fb43432d5c034d8caec7bda7ce664caca9e4ad20c5","2a1d8aca95b935951cb371014dc53250bca5ead96b6750c991b6e3b51a154b04","278bee47cd45eccaf00a839b10f2e01146092ada4f32ea3a0afa4a9b2b55b53f","MFCL quarterly dependent-variable gradients; log-scale delta method"
1965,4,1965.75,"recruitment",3.92776060175844,1.22362989125297,1.72072140146853,8.96560206176293,0.818669055241923,18.8443709285762,0.356935182530233,43.2215822362064,"21dcaea9db8c89ddc8c29fa3c3a5e514b50bef6e26587c168c00c05f35fbebc3","e289a150c45930c2f4f164fb43432d5c034d8caec7bda7ce664caca9e4ad20c5","2a1d8aca95b935951cb371014dc53250bca5ead96b6750c991b6e3b51a154b04","278bee47cd45eccaf00a839b10f2e01146092ada4f32ea3a0afa4a9b2b55b53f","MFCL quarterly dependent-variable gradients; log-scale delta method"
1966,1,1966,"recruitment",3.78456685101511,1.23105854312437,1.64970267186828,8.68213799616492,0.781348847463076,18.3310518679421,0.338951257424389,42.2566547138344,"21dcaea9db8c89ddc8c29fa3c3a5e514b50bef6e26587c168c00c05f35fbebc3","e289a150c45930c2f4f164fb43432d5c034d8caec7bda7ce664caca9e4ad20c5","2a1d8aca95b935951cb371014dc53250bca5ead96b6750c991b6e3b51a154b04","278bee47cd45eccaf00a839b10f2e01146092ada4f32ea3a0afa4a9b2b55b53f","MFCL quarterly dependent-variable gradients; log-scale delta method"
1966,2,1966.25,"recruitment",46.6643477686939,0.158120559910962,41.9437630091122,51.9162134357029,38.1048202903454,57.1466112708406,34.2288836701763,63.6176561777537,"21dcaea9db8c89ddc8c29fa3c3a5e514b50bef6e26587c168c00c05f35fbebc3","e289a150c45930c2f4f164fb43432d5c034d8caec7bda7ce664caca9e4ad20c5","2a1d8aca95b935951cb371014dc53250bca5ead96b6750c991b6e3b51a154b04","278bee47cd45eccaf00a839b10f2e01146092ada4f32ea3a0afa4a9b2b55b53f","MFCL quarterly dependent-variable gradients; log-scale delta method"
1966,3,1966.5,"recruitment",1.26712105584554,1.97195819958807,0.33510272532487,4.79135396052223,0.101224072907655,15.861797732955,0.0265634356572237,60.4438292879664,"21dcaea9db8c89ddc8c29fa3c3a5e514b50bef6e26587c168c00c05f35fbebc3","e289a150c45930c2f4f164fb43432d5c034d8caec7bda7ce664caca9e4ad20c5","2a1d8aca95b935951cb371014dc53250bca5ead96b6750c991b6e3b51a154b04","278bee47cd45eccaf00a839b10f2e01146092ada4f32ea3a0afa4a9b2b55b53f","MFCL quarterly dependent-variable gradients; log-scale delta method"
1966,4,1966.75,"recruitment",26.7684630312811,0.335676961487248,21.3449199975037,33.5700772427754,17.4098668617889,41.1577307710344,13.8641959644162,51.6835318035144,"21dcaea9db8c89ddc8c29fa3c3a5e514b50bef6e26587c168c00c05f35fbebc3","e289a150c45930c2f4f164fb43432d5c034d8caec7bda7ce664caca9e4ad20c5","2a1d8aca95b935951cb371014dc53250bca5ead96b6750c991b6e3b51a154b04","278bee47cd45eccaf00a839b10f2e01146092ada4f32ea3a0afa4a9b2b55b53f","MFCL quarterly dependent-variable gradients; log-scale delta method"
1967,1,1967,"recruitment",24.0674773612956,0.281977457311785,19.8990210547659,29.1091438590014,16.7683434462112,34.5438694283995,13.8487611537836,41.826374222522,"21dcaea9db8c89ddc8c29fa3c3a5e514b50bef6e26587c168c00c05f35fbebc3","e289a150c45930c2f4f164fb43432d5c034d8caec7bda7ce664caca9e4ad20c5","2a1d8aca95b935951cb371014dc53250bca5ead96b6750c991b6e3b51a154b04","278bee47cd45eccaf00a839b10f2e01146092ada4f32ea3a0afa4a9b2b55b53f","MFCL quarterly dependent-variable gradients; log-scale delta method"
1967,2,1967.25,"recruitment",0.929525016766137,1.45784041758657,0.347712261133578,2.48486134477198,0.143505885966349,6.02077574014417,0.0533758826052249,16.1873999008966,"21dcaea9db8c89ddc8c29fa3c3a5e514b50bef6e26587c168c00c05f35fbebc3","e289a150c45930c2f4f164fb43432d5c034d8caec7bda7ce664caca9e4ad20c5","2a1d8aca95b935951cb371014dc53250bca5ead96b6750c991b6e3b51a154b04","278bee47cd45eccaf00a839b10f2e01146092ada4f32ea3a0afa4a9b2b55b53f","MFCL quarterly dependent-variable gradients; log-scale delta method"
1967,3,1967.5,"recruitment",2.43411062165665,0.7443129187317,1.47336663102992,4.02133073579933,0.937729318902177,6.31834197676377,0.565952530932596,10.4688895174627,"21dcaea9db8c89ddc8c29fa3c3a5e514b50bef6e26587c168c00c05f35fbebc3","e289a150c45930c2f4f164fb43432d5c034d8caec7bda7ce664caca9e4ad20c5","2a1d8aca95b935951cb371014dc53250bca5ead96b6750c991b6e3b51a154b04","278bee47cd45eccaf00a839b10f2e01146092ada4f32ea3a0afa4a9b2b55b53f","MFCL quarterly dependent-variable gradients; log-scale delta method"
1967,4,1967.75,"recruitment",7.34549677684952,0.425376734440611,5.51336527633514,9.78645894011446,4.25862024669712,12.6699070997359,3.1910957804983,16.9083996877967,"21dcaea9db8c89ddc8c29fa3c3a5e514b50bef6e26587c168c00c05f35fbebc3","e289a150c45930c2f4f164fb43432d5c034d8caec7bda7ce664caca9e4ad20c5","2a1d8aca95b935951cb371014dc53250bca5ead96b6750c991b6e3b51a154b04","278bee47cd45eccaf00a839b10f2e01146092ada4f32ea3a0afa4a9b2b55b53f","MFCL quarterly dependent-variable gradients; log-scale delta method"
1968,1,1968,"recruitment",28.0553807884081,0.164333016463399,25.1118414752926,31.3439534873222,22.7275809669201,34.6321235123178,20.3299191001052,38.7165530421863,"21dcaea9db8c89ddc8c29fa3c3a5e514b50bef6e26587c168c00c05f35fbebc3","e289a150c45930c2f4f164fb43432d5c034d8caec7bda7ce664caca9e4ad20c5","2a1d8aca95b935951cb371014dc53250bca5ead96b6750c991b6e3b51a154b04","278bee47cd45eccaf00a839b10f2e01146092ada4f32ea3a0afa4a9b2b55b53f","MFCL quarterly dependent-variable gradients; log-scale delta method"
1968,2,1968.25,"recruitment",1.12635577346397,1.7596882210556,0.34372813936193,3.69093240597265,0.118109425139939,10.7415418110152,0.0357953208993673,35.4425465826191,"21dcaea9db8c89ddc8c29fa3c3a5e514b50bef6e26587c168c00c05f35fbebc3","e289a150c45930c2f4f164fb43432d5c034d8caec7bda7ce664caca9e4ad20c5","2a1d8aca95b935951cb371014dc53250bca5ead96b6750c991b6e3b51a154b04","278bee47cd45eccaf00a839b10f2e01146092ada4f32ea3a0afa4a9b2b55b53f","MFCL quarterly dependent-variable gradients; log-scale delta method"
1968,3,1968.5,"recruitment",1.07797840738999,1.63091117032931,0.358816046958963,3.23853254793804,0.133319160617072,8.71620734349463,0.0440936404772252,26.3538558899275,"21dcaea9db8c89ddc8c29fa3c3a5e514b50bef6e26587c168c00c05f35fbebc3","e289a150c45930c2f4f164fb43432d5c034d8caec7bda7ce664caca9e4ad20c5","2a1d8aca95b935951cb371014dc53250bca5ead96b6750c991b6e3b51a154b04","278bee47cd45eccaf00a839b10f2e01146092ada4f32ea3a0afa4a9b2b55b53f","MFCL quarterly dependent-variable gradients; log-scale delta method"
1968,4,1968.75,"recruitment",21.2099082342668,0.259516638657493,17.8040708262742,25.2672667782325,15.2089563439835,29.5786375561515,12.7537478429682,35.2727851330421,"21dcaea9db8c89ddc8c29fa3c3a5e514b50bef6e26587c168c00c05f35fbebc3","e289a150c45930c2f4f164fb43432d5c034d8caec7bda7ce664caca9e4ad20c5","2a1d8aca95b935951cb371014dc53250bca5ead96b6750c991b6e3b51a154b04","278bee47cd45eccaf00a839b10f2e01146092ada4f32ea3a0afa4a9b2b55b53f","MFCL quarterly dependent-variable gradients; log-scale delta method"
1969,1,1969,"recruitment",19.2721575824529,0.571622307416367,13.1064969113871,28.3383165153922,9.26364851416101,40.0939281445239,6.2858577391496,59.0875697949132,"21dcaea9db8c89ddc8c29fa3c3a5e514b50bef6e26587c168c00c05f35fbebc3","e289a150c45930c2f4f164fb43432d5c034d8caec7bda7ce664caca9e4ad20c5","2a1d8aca95b935951cb371014dc53250bca5ead96b6750c991b6e3b51a154b04","278bee47cd45eccaf00a839b10f2e01146092ada4f32ea3a0afa4a9b2b55b53f","MFCL quarterly dependent-variable gradients; log-scale delta method"
1969,2,1969.25,"recruitment",13.0319292460234,0.867516267593525,7.25921438403171,23.3952561377635,4.28720759678507,39.6134724151715,2.38000312700414,71.3575448479081,"21dcaea9db8c89ddc8c29fa3c3a5e514b50bef6e26587c168c00c05f35fbebc3","e289a150c45930c2f4f164fb43432d5c034d8caec7bda7ce664caca9e4ad20c5","2a1d8aca95b935951cb371014dc53250bca5ead96b6750c991b6e3b51a154b04","278bee47cd45eccaf00a839b10f2e01146092ada4f32ea3a0afa4a9b2b55b53f","MFCL quarterly dependent-variable gradients; log-scale delta method"
1969,3,1969.5,"recruitment",0.971387751797799,2.29225586138642,0.206980096751955,4.55886425385908,0.0514742474572389,18.3313833801388,0.0108697835610684,86.8089193350999,"21dcaea9db8c89ddc8c29fa3c3a5e514b50bef6e26587c168c00c05f35fbebc3","e289a150c45930c2f4f164fb43432d5c034d8caec7bda7ce664caca9e4ad20c5","2a1d8aca95b935951cb371014dc53250bca5ead96b6750c991b6e3b51a154b04","278bee47cd45eccaf00a839b10f2e01146092ada4f32ea3a0afa4a9b2b55b53f","MFCL quarterly dependent-variable gradients; log-scale delta method"
1969,4,1969.75,"recruitment",22.5802231663377,0.387271711075706,17.3894489893301,29.3204504958414,13.7462460791922,37.0913248100077,10.570169504141,48.2363578031425,"21dcaea9db8c89ddc8c29fa3c3a5e514b50bef6e26587c168c00c05f35fbebc3","e289a150c45930c2f4f164fb43432d5c034d8caec7bda7ce664caca9e4ad20c5","2a1d8aca95b935951cb371014dc53250bca5ead96b6750c991b6e3b51a154b04","278bee47cd45eccaf00a839b10f2e01146092ada4f32ea3a0afa4a9b2b55b53f","MFCL quarterly dependent-variable gradients; log-scale delta method"
1970,1,1970,"recruitment",36.4002790941763,0.221290897967646,31.3532521814825,42.259741045826,27.411996479777,48.3357831711172,23.5907397584494,56.1652721237522,"21dcaea9db8c89ddc8c29fa3c3a5e514b50bef6e26587c168c00c05f35fbebc3","e289a150c45930c2f4f164fb43432d5c034d8caec7bda7ce664caca9e4ad20c5","2a1d8aca95b935951cb371014dc53250bca5ead96b6750c991b6e3b51a154b04","278bee47cd45eccaf00a839b10f2e01146092ada4f32ea3a0afa4a9b2b55b53f","MFCL quarterly dependent-variable gradients; log-scale delta method"
1970,2,1970.25,"recruitment",2.81328388126463,1.22119260780391,1.23450557409324,6.41112228464153,0.588211409152759,13.455308879478,0.256881320817267,30.8102051616801,"21dcaea9db8c89ddc8c29fa3c3a5e514b50bef6e26587c168c00c05f35fbebc3","e289a150c45930c2f4f164fb43432d5c034d8caec7bda7ce664caca9e4ad20c5","2a1d8aca95b935951cb371014dc53250bca5ead96b6750c991b6e3b51a154b04","278bee47cd45eccaf00a839b10f2e01146092ada4f32ea3a0afa4a9b2b55b53f","MFCL quarterly dependent-variable gradients; log-scale delta method"
1970,3,1970.5,"recruitment",0.620929606861393,1.33283612158962,0.252707683187488,1.52568996642257,0.112518708183145,3.42657308195794,0.0455543867537571,8.46358834246068,"21dcaea9db8c89ddc8c29fa3c3a5e514b50bef6e26587c168c00c05f35fbebc3","e289a150c45930c2f4f164fb43432d5c034d8caec7bda7ce664caca9e4ad20c5","2a1d8aca95b935951cb371014dc53250bca5ead96b6750c991b6e3b51a154b04","278bee47cd45eccaf00a839b10f2e01146092ada4f32ea3a0afa4a9b2b55b53f","MFCL quarterly dependent-variable gradients; log-scale delta method"
1970,4,1970.75,"recruitment",12.5211027646375,0.291223153640317,10.2881053742509,15.2387644507409,8.62097298473664,18.1856519815322,7.07543233750268,22.1580826392225,"21dcaea9db8c89ddc8c29fa3c3a5e514b50bef6e26587c168c00c05f35fbebc3","e289a150c45930c2f4f164fb43432d5c034d8caec7bda7ce664caca9e4ad20c5","2a1d8aca95b935951cb371014dc53250bca5ead96b6750c991b6e3b51a154b04","278bee47cd45eccaf00a839b10f2e01146092ada4f32ea3a0afa4a9b2b55b53f","MFCL quarterly dependent-variable gradients; log-scale delta method"
1971,1,1971,"recruitment",1.8403935636476,1.17349678108525,0.833991466496459,4.06125075037551,0.409050280647992,8.28027416030606,0.184513622255298,18.3566309506899,"21dcaea9db8c89ddc8c29fa3c3a5e514b50bef6e26587c168c00c05f35fbebc3","e289a150c45930c2f4f164fb43432d5c034d8caec7bda7ce664caca9e4ad20c5","2a1d8aca95b935951cb371014dc53250bca5ead96b6750c991b6e3b51a154b04","278bee47cd45eccaf00a839b10f2e01146092ada4f32ea3a0afa4a9b2b55b53f","MFCL quarterly dependent-variable gradients; log-scale delta method"
1971,2,1971.25,"recruitment",9.40601559998499,0.313326686407609,7.61419146123848,11.6195041742187,6.29531141535252,14.053813009377,5.08980959032182,17.382404566841,"21dcaea9db8c89ddc8c29fa3c3a5e514b50bef6e26587c168c00c05f35fbebc3","e289a150c45930c2f4f164fb43432d5c034d8caec7bda7ce664caca9e4ad20c5","2a1d8aca95b935951cb371014dc53250bca5ead96b6750c991b6e3b51a154b04","278bee47cd45eccaf00a839b10f2e01146092ada4f32ea3a0afa4a9b2b55b53f","MFCL quarterly dependent-variable gradients; log-scale delta method"
1971,3,1971.5,"recruitment",0.5215529070735,1.42329241095449,0.199699668073997,1.36213263397125,0.0841657529148704,3.23192540262726,0.0320471692354128,8.488033151341,"21dcaea9db8c89ddc8c29fa3c3a5e514b50bef6e26587c168c00c05f35fbebc3","e289a150c45930c2f4f164fb43432d5c034d8caec7bda7ce664caca9e4ad20c5","2a1d8aca95b935951cb371014dc53250bca5ead96b6750c991b6e3b51a154b04","278bee47cd45eccaf00a839b10f2e01146092ada4f32ea3a0afa4a9b2b55b53f","MFCL quarterly dependent-variable gradients; log-scale delta method"
1971,4,1971.75,"recruitment",25.0918085939665,0.143715951908404,22.7737032827988,27.6458707965952,20.8710292875469,30.1661623795388,18.9321844032611,33.2554788769013,"21dcaea9db8c89ddc8c29fa3c3a5e514b50bef6e26587c168c00c05f35fbebc3","e289a150c45930c2f4f164fb43432d5c034d8caec7bda7ce664caca9e4ad20c5","2a1d8aca95b935951cb371014dc53250bca5ead96b6750c991b6e3b51a154b04","278bee47cd45eccaf00a839b10f2e01146092ada4f32ea3a0afa4a9b2b55b53f","MFCL quarterly dependent-variable gradients; log-scale delta method"
1972,1,1972,"recruitment",16.2503011682655,0.230801345724414,13.9076395909155,18.9875705602713,12.0893828389779,21.8433224902039,10.3372008007197,25.5458216542475,"21dcaea9db8c89ddc8c29fa3c3a5e514b50bef6e26587c168c00c05f35fbebc3","e289a150c45930c2f4f164fb43432d5c034d8caec7bda7ce664caca9e4ad20c5","2a1d8aca95b935951cb371014dc53250bca5ead96b6750c991b6e3b51a154b04","278bee47cd45eccaf00a839b10f2e01146092ada4f32ea3a0afa4a9b2b55b53f","MFCL quarterly dependent-variable gradients; log-scale delta method"
1972,2,1972.25,"recruitment",7.76792784374591,0.420033461224912,5.85148325927716,10.3120354809144,4.53447314820493,13.3071033863173,3.41013877085638,17.6945007344935,"21dcaea9db8c89ddc8c29fa3c3a5e514b50bef6e26587c168c00c05f35fbebc3","e289a150c45930c2f4f164fb43432d5c034d8caec7bda7ce664caca9e4ad20c5","2a1d8aca95b935951cb371014dc53250bca5ead96b6750c991b6e3b51a154b04","278bee47cd45eccaf00a839b10f2e01146092ada4f32ea3a0afa4a9b2b55b53f","MFCL quarterly dependent-variable gradients; log-scale delta method"
1972,3,1972.5,"recruitment",10.7717228086209,0.390592493876184,8.27694391945475,14.0184606051321,6.52969359823821,17.7695952375269,5.00970595324228,23.1610424541323,"21dcaea9db8c89ddc8c29fa3c3a5e514b50bef6e26587c168c00c05f35fbebc3","e289a150c45930c2f4f164fb43432d5c034d8caec7bda7ce664caca9e4ad20c5","2a1d8aca95b935951cb371014dc53250bca5ead96b6750c991b6e3b51a154b04","278bee47cd45eccaf00a839b10f2e01146092ada4f32ea3a0afa4a9b2b55b53f","MFCL quarterly dependent-variable gradients; log-scale delta method"
1972,4,1972.75,"recruitment",5.17314821382045,0.826352890024706,2.96274110163885,9.0326699242639,1.79403559061424,14.9169072130789,1.02414645522039,26.1305034116382,"21dcaea9db8c89ddc8c29fa3c3a5e514b50bef6e26587c168c00c05f35fbebc3","e289a150c45930c2f4f164fb43432d5c034d8caec7bda7ce664caca9e4ad20c5","2a1d8aca95b935951cb371014dc53250bca5ead96b6750c991b6e3b51a154b04","278bee47cd45eccaf00a839b10f2e01146092ada4f32ea3a0afa4a9b2b55b53f","MFCL quarterly dependent-variable gradients; log-scale delta method"
1973,1,1973,"recruitment",28.1371127125687,0.236322689179331,23.9913226913794,32.9993107084617,20.7849616941043,38.089899969571,17.7060339482019,44.7134075375586,"21dcaea9db8c89ddc8c29fa3c3a5e514b50bef6e26587c168c00c05f35fbebc3","e289a150c45930c2f4f164fb43432d5c034d8caec7bda7ce664caca9e4ad20c5","2a1d8aca95b935951cb371014dc53250bca5ead96b6750c991b6e3b51a154b04","278bee47cd45eccaf00a839b10f2e01146092ada4f32ea3a0afa4a9b2b55b53f","MFCL quarterly dependent-variable gradients; log-scale delta method"
1973,2,1973.25,"recruitment",4.81600353508595,0.973887844947314,2.49694272317392,9.28891553446532,1.38244953312402,16.777386439234,0.714022603884344,32.4834114827508,"21dcaea9db8c89ddc8c29fa3c3a5e514b50bef6e26587c168c00c05f35fbebc3","e289a150c45930c2f4f164fb43432d5c034d8caec7bda7ce664caca9e4ad20c5","2a1d8aca95b935951cb371014dc53250bca5ead96b6750c991b6e3b51a154b04","278bee47cd45eccaf00a839b10f2e01146092ada4f32ea3a0afa4a9b2b55b53f","MFCL quarterly dependent-variable gradients; log-scale delta method"
1973,3,1973.5,"recruitment",2.16313042215704,1.49441887300037,0.789453953742578,5.9270502111983,0.318663878460747,14.6836009335701,0.115619491326984,40.4701073284279,"21dcaea9db8c89ddc8c29fa3c3a5e514b50bef6e26587c168c00c05f35fbebc3","e289a150c45930c2f4f164fb43432d5c034d8caec7bda7ce664caca9e4ad20c5","2a1d8aca95b935951cb371014dc53250bca5ead96b6750c991b6e3b51a154b04","278bee47cd45eccaf00a839b10f2e01146092ada4f32ea3a0afa4a9b2b55b53f","MFCL quarterly dependent-variable gradients; log-scale delta method"
1973,4,1973.75,"recruitment",26.5903785586962,0.205937222898851,23.1419478739178,30.5526672061884,20.4223578066313,34.6212831343688,17.7594878891479,39.8124223124034,"21dcaea9db8c89ddc8c29fa3c3a5e514b50bef6e26587c168c00c05f35fbebc3","e289a150c45930c2f4f164fb43432d5c034d8caec7bda7ce664caca9e4ad20c5","2a1d8aca95b935951cb371014dc53250bca5ead96b6750c991b6e3b51a154b04","278bee47cd45eccaf00a839b10f2e01146092ada4f32ea3a0afa4a9b2b55b53f","MFCL quarterly dependent-variable gradients; log-scale delta method"
1974,1,1974,"recruitment",3.62528331833899,0.608833341313627,2.40435239710013,5.46620335441604,1.66143405887742,7.91044282979676,1.09926417095735,11.9558878433934,"21dcaea9db8c89ddc8c29fa3c3a5e514b50bef6e26587c168c00c05f35fbebc3","e289a150c45930c2f4f164fb43432d5c034d8caec7bda7ce664caca9e4ad20c5","2a1d8aca95b935951cb371014dc53250bca5ead96b6750c991b6e3b51a154b04","278bee47cd45eccaf00a839b10f2e01146092ada4f32ea3a0afa4a9b2b55b53f","MFCL quarterly dependent-variable gradients; log-scale delta method"
1974,2,1974.25,"recruitment",0.870669730800248,0.907588564344498,0.472058791915785,1.60587154209176,0.272092253347793,2.78606160522624,0.146998417604011,5.15696558158794,"21dcaea9db8c89ddc8c29fa3c3a5e514b50bef6e26587c168c00c05f35fbebc3","e289a150c45930c2f4f164fb43432d5c034d8caec7bda7ce664caca9e4ad20c5","2a1d8aca95b935951cb371014dc53250bca5ead96b6750c991b6e3b51a154b04","278bee47cd45eccaf00a839b10f2e01146092ada4f32ea3a0afa4a9b2b55b53f","MFCL quarterly dependent-variable gradients; log-scale delta method"
1974,3,1974.5,"recruitment",9.30795529001997,0.294869184008037,7.62920159643687,11.3561072657293,6.37879608180855,13.5821917756692,5.22229239293863,16.5900384662795,"21dcaea9db8c89ddc8c29fa3c3a5e514b50bef6e26587c168c00c05f35fbebc3","e289a150c45930c2f4f164fb43432d5c034d8caec7bda7ce664caca9e4ad20c5","2a1d8aca95b935951cb371014dc53250bca5ead96b6750c991b6e3b51a154b04","278bee47cd45eccaf00a839b10f2e01146092ada4f32ea3a0afa4a9b2b55b53f","MFCL quarterly dependent-variable gradients; log-scale delta method"
1974,4,1974.75,"recruitment",14.5454385396491,0.308167434125597,11.8156115098324,17.9059528264492,9.79963347416997,21.5895607594272,7.95086215488355,26.6096654915291,"21dcaea9db8c89ddc8c29fa3c3a5e514b50bef6e26587c168c00c05f35fbebc3","e289a150c45930c2f4f164fb43432d5c034d8caec7bda7ce664caca9e4ad20c5","2a1d8aca95b935951cb371014dc53250bca5ead96b6750c991b6e3b51a154b04","278bee47cd45eccaf00a839b10f2e01146092ada4f32ea3a0afa4a9b2b55b53f","MFCL quarterly dependent-variable gradients; log-scale delta method"
1975,1,1975,"recruitment",15.3235129374244,0.546340311906174,10.6003551103796,22.1511493056958,7.60818894511776,30.8628045961048,5.2518537388612,44.7099367992548,"21dcaea9db8c89ddc8c29fa3c3a5e514b50bef6e26587c168c00c05f35fbebc3","e289a150c45930c2f4f164fb43432d5c034d8caec7bda7ce664caca9e4ad20c5","2a1d8aca95b935951cb371014dc53250bca5ead96b6750c991b6e3b51a154b04","278bee47cd45eccaf00a839b10f2e01146092ada4f32ea3a0afa4a9b2b55b53f","MFCL quarterly dependent-variable gradients; log-scale delta method"
1975,2,1975.25,"recruitment",38.7782081037391,0.257351689908323,32.5988615178309,46.1288938852781,27.8838866047586,53.92897500452,23.4169097073838,64.2163907418891,"21dcaea9db8c89ddc8c29fa3c3a5e514b50bef6e26587c168c00c05f35fbebc3","e289a150c45930c2f4f164fb43432d5c034d8caec7bda7ce664caca9e4ad20c5","2a1d8aca95b935951cb371014dc53250bca5ead96b6750c991b6e3b51a154b04","278bee47cd45eccaf00a839b10f2e01146092ada4f32ea3a0afa4a9b2b55b53f","MFCL quarterly dependent-variable gradients; log-scale delta method"
1975,3,1975.5,"recruitment",18.6775345752206,0.396932965392203,14.2904892039735,24.4113614886999,11.2304785212892,31.0628168824024,8.57925539204804,40.6620716911986,"21dcaea9db8c89ddc8c29fa3c3a5e514b50bef6e26587c168c00c05f35fbebc3","e289a150c45930c2f4f164fb43432d5c034d8caec7bda7ce664caca9e4ad20c5","2a1d8aca95b935951cb371014dc53250bca5ead96b6750c991b6e3b51a154b04","278bee47cd45eccaf00a839b10f2e01146092ada4f32ea3a0afa4a9b2b55b53f","MFCL quarterly dependent-variable gradients; log-scale delta method"
1975,4,1975.75,"recruitment",15.421003472196,0.354440460341408,12.1419206859518,19.5856449931041,9.79132427174527,24.2875571770938,7.69861086239259,30.8896439033123,"21dcaea9db8c89ddc8c29fa3c3a5e514b50bef6e26587c168c00c05f35fbebc3","e289a150c45930c2f4f164fb43432d5c034d8caec7bda7ce664caca9e4ad20c5","2a1d8aca95b935951cb371014dc53250bca5ead96b6750c991b6e3b51a154b04","278bee47cd45eccaf00a839b10f2e01146092ada4f32ea3a0afa4a9b2b55b53f","MFCL quarterly dependent-variable gradients; log-scale delta method"
1976,1,1976,"recruitment",3.87242699913277,0.616815724294343,2.55447202442051,5.87036801352883,1.75663541765156,8.53659826787514,1.15597580178693,12.9723224659476,"21dcaea9db8c89ddc8c29fa3c3a5e514b50bef6e26587c168c00c05f35fbebc3","e289a150c45930c2f4f164fb43432d5c034d8caec7bda7ce664caca9e4ad20c5","2a1d8aca95b935951cb371014dc53250bca5ead96b6750c991b6e3b51a154b04","278bee47cd45eccaf00a839b10f2e01146092ada4f32ea3a0afa4a9b2b55b53f","MFCL quarterly dependent-variable gradients; log-scale delta method"
1976,2,1976.25,"recruitment",2.47170066495711,0.625521592048584,1.62092753792548,3.76901745093943,1.10878882003751,5.50988977048197,0.725355535939887,8.42249610631735,"21dcaea9db8c89ddc8c29fa3c3a5e514b50bef6e26587c168c00c05f35fbebc3","e289a150c45930c2f4f164fb43432d5c034d8caec7bda7ce664caca9e4ad20c5","2a1d8aca95b935951cb371014dc53250bca5ead96b6750c991b6e3b51a154b04","278bee47cd45eccaf00a839b10f2e01146092ada4f32ea3a0afa4a9b2b55b53f","MFCL quarterly dependent-variable gradients; log-scale delta method"
1976,3,1976.5,"recruitment",8.60707416140222,0.378276385538237,6.66880642573976,11.1086933538725,5.30051374002496,13.9763293245475,4.10077651704569,18.0652921006405,"21dcaea9db8c89ddc8c29fa3c3a5e514b50bef6e26587c168c00c05f35fbebc3","e289a150c45930c2f4f164fb43432d5c034d8caec7bda7ce664caca9e4ad20c5","2a1d8aca95b935951cb371014dc53250bca5ead96b6750c991b6e3b51a154b04","278bee47cd45eccaf00a839b10f2e01146092ada4f32ea3a0afa4a9b2b55b53f","MFCL quarterly dependent-variable gradients; log-scale delta method"
1976,4,1976.75,"recruitment",16.9418931984153,0.293091631023845,13.9029651988114,20.6450739854437,11.6368571720991,24.6654007092825,9.53853968658997,30.0913719057056,"21dcaea9db8c89ddc8c29fa3c3a5e514b50bef6e26587c168c00c05f35fbebc3","e289a150c45930c2f4f164fb43432d5c034d8caec7bda7ce664caca9e4ad20c5","2a1d8aca95b935951cb371014dc53250bca5ead96b6750c991b6e3b51a154b04","278bee47cd45eccaf00a839b10f2e01146092ada4f32ea3a0afa4a9b2b55b53f","MFCL quarterly dependent-variable gradients; log-scale delta method"
1977,1,1977,"recruitment",21.4300778456931,0.21842420181955,18.4944475890341,24.8316817391597,16.1977697699743,28.352559827327,13.9669227458576,32.881132431886,"21dcaea9db8c89ddc8c29fa3c3a5e514b50bef6e26587c168c00c05f35fbebc3","e289a150c45930c2f4f164fb43432d5c034d8caec7bda7ce664caca9e4ad20c5","2a1d8aca95b935951cb371014dc53250bca5ead96b6750c991b6e3b51a154b04","278bee47cd45eccaf00a839b10f2e01146092ada4f32ea3a0afa4a9b2b55b53f","MFCL quarterly dependent-variable gradients; log-scale delta method"
1977,2,1977.25,"recruitment",0.868329039868484,1.44514467881946,0.327613790816954,2.30147613627229,0.136257066366428,5.53362362470986,0.0511181284294727,14.7500572623508,"21dcaea9db8c89ddc8c29fa3c3a5e514b50bef6e26587c168c00c05f35fbebc3","e289a150c45930c2f4f164fb43432d5c034d8caec7bda7ce664caca9e4ad20c5","2a1d8aca95b935951cb371014dc53250bca5ead96b6750c991b6e3b51a154b04","278bee47cd45eccaf00a839b10f2e01146092ada4f32ea3a0afa4a9b2b55b53f","MFCL quarterly dependent-variable gradients; log-scale delta method"
1977,3,1977.5,"recruitment",6.37042662880307,0.51256689295014,4.50841353903956,9.00146694209613,3.30284935862747,12.2870682330567,2.33276391035537,17.3966749283175,"21dcaea9db8c89ddc8c29fa3c3a5e514b50bef6e26587c168c00c05f35fbebc3","e289a150c45930c2f4f164fb43432d5c034d8caec7bda7ce664caca9e4ad20c5","2a1d8aca95b935951cb371014dc53250bca5ead96b6750c991b6e3b51a154b04","278bee47cd45eccaf00a839b10f2e01146092ada4f32ea3a0afa4a9b2b55b53f","MFCL quarterly dependent-variable gradients; log-scale delta method"
1977,4,1977.75,"recruitment",41.4746933332923,0.119682033834947,38.2582466960681,44.9615530151156,35.5771914957179,48.3498026340183,32.8027044955224,52.4392794297018,"21dcaea9db8c89ddc8c29fa3c3a5e514b50bef6e26587c168c00c05f35fbebc3","e289a150c45930c2f4f164fb43432d5c034d8caec7bda7ce664caca9e4ad20c5","2a1d8aca95b935951cb371014dc53250bca5ead96b6750c991b6e3b51a154b04","278bee47cd45eccaf00a839b10f2e01146092ada4f32ea3a0afa4a9b2b55b53f","MFCL quarterly dependent-variable gradients; log-scale delta method"
1978,1,1978,"recruitment",2.92254099615791,1.02926150156047,1.45969441491729,5.85139313197112,0.781454582475348,10.929932546007,0.388733200062265,21.9720000063168,"21dcaea9db8c89ddc8c29fa3c3a5e514b50bef6e26587c168c00c05f35fbebc3","e289a150c45930c2f4f164fb43432d5c034d8caec7bda7ce664caca9e4ad20c5","2a1d8aca95b935951cb371014dc53250bca5ead96b6750c991b6e3b51a154b04","278bee47cd45eccaf00a839b10f2e01146092ada4f32ea3a0afa4a9b2b55b53f","MFCL quarterly dependent-variable gradients; log-scale delta method"
1978,2,1978.25,"recruitment",1.12318841733638,0.851963127983277,0.632250909238162,1.99533476726626,0.376942268045809,3.34680487645737,0.211475610280611,5.96547383958195,"21dcaea9db8c89ddc8c29fa3c3a5e514b50bef6e26587c168c00c05f35fbebc3","e289a150c45930c2f4f164fb43432d5c034d8caec7bda7ce664caca9e4ad20c5","2a1d8aca95b935951cb371014dc53250bca5ead96b6750c991b6e3b51a154b04","278bee47cd45eccaf00a839b10f2e01146092ada4f32ea3a0afa4a9b2b55b53f","MFCL quarterly dependent-variable gradients; log-scale delta method"
1978,3,1978.5,"recruitment",0.961143499590557,0.985430782306424,0.494457280883491,1.86830462917758,0.271848074119558,3.39820993691829,0.139311840676463,6.63114364378117,"21dcaea9db8c89ddc8c29fa3c3a5e514b50bef6e26587c168c00c05f35fbebc3","e289a150c45930c2f4f164fb43432d5c034d8caec7bda7ce664caca9e4ad20c5","2a1d8aca95b935951cb371014dc53250bca5ead96b6750c991b6e3b51a154b04","278bee47cd45eccaf00a839b10f2e01146092ada4f32ea3a0afa4a9b2b55b53f","MFCL quarterly dependent-variable gradients; log-scale delta method"
1978,4,1978.75,"recruitment",4.41930499172972,0.588354420513906,2.97172744758759,6.57202147719893,2.07918484057875,9.39322768652491,1.39490870359984,14.0011002580495,"21dcaea9db8c89ddc8c29fa3c3a5e514b50bef6e26587c168c00c05f35fbebc3","e289a150c45930c2f4f164fb43432d5c034d8caec7bda7ce664caca9e4ad20c5","2a1d8aca95b935951cb371014dc53250bca5ead96b6750c991b6e3b51a154b04","278bee47cd45eccaf00a839b10f2e01146092ada4f32ea3a0afa4a9b2b55b53f","MFCL quarterly dependent-variable gradients; log-scale delta method"
1979,1,1979,"recruitment",17.9061717162076,0.181135800372388,15.8468572719482,20.2330960661763,14.1967146262862,22.5848722025195,12.5550854293501,25.5379373827894,"21dcaea9db8c89ddc8c29fa3c3a5e514b50bef6e26587c168c00c05f35fbebc3","e289a150c45930c2f4f164fb43432d5c034d8caec7bda7ce664caca9e4ad20c5","2a1d8aca95b935951cb371014dc53250bca5ead96b6750c991b6e3b51a154b04","278bee47cd45eccaf00a839b10f2e01146092ada4f32ea3a0afa4a9b2b55b53f","MFCL quarterly dependent-variable gradients; log-scale delta method"
1979,2,1979.25,"recruitment",0.805426314942336,1.38658743309205,0.316123420850965,2.05208316123918,0.136235965859792,4.76167614555776,0.0531814840047092,12.1980715834133,"21dcaea9db8c89ddc8c29fa3c3a5e514b50bef6e26587c168c00c05f35fbebc3","e289a150c45930c2f4f164fb43432d5c034d8caec7bda7ce664caca9e4ad20c5","2a1d8aca95b935951cb371014dc53250bca5ead96b6750c991b6e3b51a154b04","278bee47cd45eccaf00a839b10f2e01146092ada4f32ea3a0afa4a9b2b55b53f","MFCL quarterly dependent-variable gradients; log-scale delta method"
1979,3,1979.5,"recruitment",5.41135996995589,0.400572543128099,4.13016917038292,7.08997997816301,3.23861598129489,9.04176873503012,2.46796193945371,11.8651816530537,"21dcaea9db8c89ddc8c29fa3c3a5e514b50bef6e26587c168c00c05f35fbebc3","e289a150c45930c2f4f164fb43432d5c034d8caec7bda7ce664caca9e4ad20c5","2a1d8aca95b935951cb371014dc53250bca5ead96b6750c991b6e3b51a154b04","278bee47cd45eccaf00a839b10f2e01146092ada4f32ea3a0afa4a9b2b55b53f","MFCL quarterly dependent-variable gradients; log-scale delta method"
1979,4,1979.75,"recruitment",13.6731279348777,0.420446069365076,10.2969308771314,18.1563253899996,7.97737271556408,23.4355889074581,5.9976833638129,31.1711066061813,"21dcaea9db8c89ddc8c29fa3c3a5e514b50bef6e26587c168c00c05f35fbebc3","e289a150c45930c2f4f164fb43432d5c034d8caec7bda7ce664caca9e4ad20c5","2a1d8aca95b935951cb371014dc53250bca5ead96b6750c991b6e3b51a154b04","278bee47cd45eccaf00a839b10f2e01146092ada4f32ea3a0afa4a9b2b55b53f","MFCL quarterly dependent-variable gradients; log-scale delta method"
1980,1,1980,"recruitment",29.7001008681153,0.201189067414801,25.9312933859709,34.0166600426281,22.9499619308762,38.4356189449481,20.0219088364821,44.0565382042371,"21dcaea9db8c89ddc8c29fa3c3a5e514b50bef6e26587c168c00c05f35fbebc3","e289a150c45930c2f4f164fb43432d5c034d8caec7bda7ce664caca9e4ad20c5","2a1d8aca95b935951cb371014dc53250bca5ead96b6750c991b6e3b51a154b04","278bee47cd45eccaf00a839b10f2e01146092ada4f32ea3a0afa4a9b2b55b53f","MFCL quarterly dependent-variable gradients; log-scale delta method"
1980,2,1980.25,"recruitment",2.46521602860939,0.731583762525182,1.50506139712799,4.03790176222017,0.965332310070126,6.29554196447768,0.587664904294847,10.3414208051184,"21dcaea9db8c89ddc8c29fa3c3a5e514b50bef6e26587c168c00c05f35fbebc3","e289a150c45930c2f4f164fb43432d5c034d8caec7bda7ce664caca9e4ad20c5","2a1d8aca95b935951cb371014dc53250bca5ead96b6750c991b6e3b51a154b04","278bee47cd45eccaf00a839b10f2e01146092ada4f32ea3a0afa4a9b2b55b53f","MFCL quarterly dependent-variable gradients; log-scale delta method"
1980,3,1980.5,"recruitment",8.61236914005052,0.466301143655003,6.28825809631214,11.7954608523455,4.73797808979899,15.6549694402748,3.4530779562024,21.4802281168503,"21dcaea9db8c89ddc8c29fa3c3a5e514b50bef6e26587c168c00c05f35fbebc3","e289a150c45930c2f4f164fb43432d5c034d8caec7bda7ce664caca9e4ad20c5","2a1d8aca95b935951cb371014dc53250bca5ead96b6750c991b6e3b51a154b04","278bee47cd45eccaf00a839b10f2e01146092ada4f32ea3a0afa4a9b2b55b53f","MFCL quarterly dependent-variable gradients; log-scale delta method"
1980,4,1980.75,"recruitment",14.1146666122991,0.398470313526485,10.7881714715222,18.4668749567288,8.47020056561234,23.5205544465106,6.46386204288404,30.8211735112249,"21dcaea9db8c89ddc8c29fa3c3a5e514b50bef6e26587c168c00c05f35fbebc3","e289a150c45930c2f4f164fb43432d5c034d8caec7bda7ce664caca9e4ad20c5","2a1d8aca95b935951cb371014dc53250bca5ead96b6750c991b6e3b51a154b04","278bee47cd45eccaf00a839b10f2e01146092ada4f32ea3a0afa4a9b2b55b53f","MFCL quarterly dependent-variable gradients; log-scale delta method"
1981,1,1981,"recruitment",24.2117836426869,0.309026473779139,19.656424922371,29.8228426316278,16.2941489096057,35.9767466476691,13.2124383237031,44.3680759598037,"21dcaea9db8c89ddc8c29fa3c3a5e514b50bef6e26587c168c00c05f35fbebc3","e289a150c45930c2f4f164fb43432d5c034d8caec7bda7ce664caca9e4ad20c5","2a1d8aca95b935951cb371014dc53250bca5ead96b6750c991b6e3b51a154b04","278bee47cd45eccaf00a839b10f2e01146092ada4f32ea3a0afa4a9b2b55b53f","MFCL quarterly dependent-variable gradients; log-scale delta method"
1981,2,1981.25,"recruitment",6.47360047933408,1.00592403122659,3.28460694554415,12.7587573980155,1.78351997385213,23.4970753231995,0.901367314362816,46.4932580738843,"21dcaea9db8c89ddc8c29fa3c3a5e514b50bef6e26587c168c00c05f35fbebc3","e289a150c45930c2f4f164fb43432d5c034d8caec7bda7ce664caca9e4ad20c5","2a1d8aca95b935951cb371014dc53250bca5ead96b6750c991b6e3b51a154b04","278bee47cd45eccaf00a839b10f2e01146092ada4f32ea3a0afa4a9b2b55b53f","MFCL quarterly dependent-variable gradients; log-scale delta method"
1981,3,1981.5,"recruitment",14.4955606725455,0.304929530891247,11.8008386256603,17.8056226236795,9.80663820615385,21.4264332785921,7.97404222010559,26.3506604820391,"21dcaea9db8c89ddc8c29fa3c3a5e514b50bef6e26587c168c00c05f35fbebc3","e289a150c45930c2f4f164fb43432d5c034d8caec7bda7ce664caca9e4ad20c5","2a1d8aca95b935951cb371014dc53250bca5ead96b6750c991b6e3b51a154b04","278bee47cd45eccaf00a839b10f2e01146092ada4f32ea3a0afa4a9b2b55b53f","MFCL quarterly dependent-variable gradients; log-scale delta method"
1981,4,1981.75,"recruitment",23.2333661606011,0.25042759654266,19.6225339073684,27.5086441792244,16.8551047532215,32.0252713380137,14.2215777638467,37.9556552807231,"21dcaea9db8c89ddc8c29fa3c3a5e514b50bef6e26587c168c00c05f35fbebc3","e289a150c45930c2f4f164fb43432d5c034d8caec7bda7ce664caca9e4ad20c5","2a1d8aca95b935951cb371014dc53250bca5ead96b6750c991b6e3b51a154b04","278bee47cd45eccaf00a839b10f2e01146092ada4f32ea3a0afa4a9b2b55b53f","MFCL quarterly dependent-variable gradients; log-scale delta method"
1982,1,1982,"recruitment",24.915682937043,0.24754887687259,21.0842910227664,29.4433071308367,18.1423827846016,34.2177355416706,15.3376495247139,40.4749929393653,"21dcaea9db8c89ddc8c29fa3c3a5e514b50bef6e26587c168c00c05f35fbebc3","e289a150c45930c2f4f164fb43432d5c034d8caec7bda7ce664caca9e4ad20c5","2a1d8aca95b935951cb371014dc53250bca5ead96b6750c991b6e3b51a154b04","278bee47cd45eccaf00a839b10f2e01146092ada4f32ea3a0afa4a9b2b55b53f","MFCL quarterly dependent-variable gradients; log-scale delta method"
1982,2,1982.25,"recruitment",19.802326722535,0.258536445912578,16.6335087348574,23.5748301742414,14.2174723445341,27.5810027354671,11.9302515257794,32.8687239140507,"21dcaea9db8c89ddc8c29fa3c3a5e514b50bef6e26587c168c00c05f35fbebc3","e289a150c45930c2f4f164fb43432d5c034d8caec7bda7ce664caca9e4ad20c5","2a1d8aca95b935951cb371014dc53250bca5ead96b6750c991b6e3b51a154b04","278bee47cd45eccaf00a839b10f2e01146092ada4f32ea3a0afa4a9b2b55b53f","MFCL quarterly dependent-variable gradients; log-scale delta method"
1982,3,1982.5,"recruitment",17.8787604635192,0.259113505149148,15.0119122911821,21.2930950775444,12.826920466951,24.9202508533119,10.759190332952,29.7094916829299,"21dcaea9db8c89ddc8c29fa3c3a5e514b50bef6e26587c168c00c05f35fbebc3","e289a150c45930c2f4f164fb43432d5c034d8caec7bda7ce664caca9e4ad20c5","2a1d8aca95b935951cb371014dc53250bca5ead96b6750c991b6e3b51a154b04","278bee47cd45eccaf00a839b10f2e01146092ada4f32ea3a0afa4a9b2b55b53f","MFCL quarterly dependent-variable gradients; log-scale delta method"
1982,4,1982.75,"recruitment",9.402583030773,0.405307661908263,7.15354886557098,12.3587004593033,5.59325704648663,15.806276542594,4.24862763780114,20.8087352405248,"21dcaea9db8c89ddc8c29fa3c3a5e514b50bef6e26587c168c00c05f35fbebc3","e289a150c45930c2f4f164fb43432d5c034d8caec7bda7ce664caca9e4ad20c5","2a1d8aca95b935951cb371014dc53250bca5ead96b6750c991b6e3b51a154b04","278bee47cd45eccaf00a839b10f2e01146092ada4f32ea3a0afa4a9b2b55b53f","MFCL quarterly dependent-variable gradients; log-scale delta method"
1983,1,1983,"recruitment",25.960741173768,0.178706979277459,23.0127731522956,29.2863479699378,20.6468596538615,32.6422561876292,18.2894830672169,36.8495971053123,"21dcaea9db8c89ddc8c29fa3c3a5e514b50bef6e26587c168c00c05f35fbebc3","e289a150c45930c2f4f164fb43432d5c034d8caec7bda7ce664caca9e4ad20c5","2a1d8aca95b935951cb371014dc53250bca5ead96b6750c991b6e3b51a154b04","278bee47cd45eccaf00a839b10f2e01146092ada4f32ea3a0afa4a9b2b55b53f","MFCL quarterly dependent-variable gradients; log-scale delta method"
1983,2,1983.25,"recruitment",5.63096844263126,0.377741905591699,4.36447714448846,7.26497230990206,3.47010797973161,9.13741180018309,2.68564497058947,11.8064025398523,"21dcaea9db8c89ddc8c29fa3c3a5e514b50bef6e26587c168c00c05f35fbebc3","e289a150c45930c2f4f164fb43432d5c034d8caec7bda7ce664caca9e4ad20c5","2a1d8aca95b935951cb371014dc53250bca5ead96b6750c991b6e3b51a154b04","278bee47cd45eccaf00a839b10f2e01146092ada4f32ea3a0afa4a9b2b55b53f","MFCL quarterly dependent-variable gradients; log-scale delta method"
1983,3,1983.5,"recruitment",9.79452388288315,0.330472015609004,7.83752781394001,12.2401732242328,6.41286746323548,14.959407572719,5.1248958022204,18.7189558177563,"21dcaea9db8c89ddc8c29fa3c3a5e514b50bef6e26587c168c00c05f35fbebc3","e289a150c45930c2f4f164fb43432d5c034d8caec7bda7ce664caca9e4ad20c5","2a1d8aca95b935951cb371014dc53250bca5ead96b6750c991b6e3b51a154b04","278bee47cd45eccaf00a839b10f2e01146092ada4f32ea3a0afa4a9b2b55b53f","MFCL quarterly dependent-variable gradients; log-scale delta method"
1983,4,1983.75,"recruitment",19.4407706752626,0.252807797415945,16.3930288429303,23.0551393564554,14.0607357381758,26.8793590524576,11.8446733961446,31.9083145484764,"21dcaea9db8c89ddc8c29fa3c3a5e514b50bef6e26587c168c00c05f35fbebc3","e289a150c45930c2f4f164fb43432d5c034d8caec7bda7ce664caca9e4ad20c5","2a1d8aca95b935951cb371014dc53250bca5ead96b6750c991b6e3b51a154b04","278bee47cd45eccaf00a839b10f2e01146092ada4f32ea3a0afa4a9b2b55b53f","MFCL quarterly dependent-variable gradients; log-scale delta method"
1984,1,1984,"recruitment",13.4310130832615,0.309216889605605,10.9026166429221,16.5457631274095,9.03665472224684,19.9622667886873,7.32660669587328,24.6215089646273,"21dcaea9db8c89ddc8c29fa3c3a5e514b50bef6e26587c168c00c05f35fbebc3","e289a150c45930c2f4f164fb43432d5c034d8caec7bda7ce664caca9e4ad20c5","2a1d8aca95b935951cb371014dc53250bca5ead96b6750c991b6e3b51a154b04","278bee47cd45eccaf00a839b10f2e01146092ada4f32ea3a0afa4a9b2b55b53f","MFCL quarterly dependent-variable gradients; log-scale delta method"
1984,2,1984.25,"recruitment",5.62518278141162,0.432262690596873,4.20257186981673,7.52936113991303,3.23259918273808,9.78861885917067,2.41098200775406,13.1243954631442,"21dcaea9db8c89ddc8c29fa3c3a5e514b50bef6e26587c168c00c05f35fbebc3","e289a150c45930c2f4f164fb43432d5c034d8caec7bda7ce664caca9e4ad20c5","2a1d8aca95b935951cb371014dc53250bca5ead96b6750c991b6e3b51a154b04","278bee47cd45eccaf00a839b10f2e01146092ada4f32ea3a0afa4a9b2b55b53f","MFCL quarterly dependent-variable gradients; log-scale delta method"
1984,3,1984.5,"recruitment",2.93017000062136,0.690195725962293,1.8395675176627,4.66734498739703,1.20990159384014,7.09635913883736,0.757525314910052,11.334137702792,"21dcaea9db8c89ddc8c29fa3c3a5e514b50bef6e26587c168c00c05f35fbebc3","e289a150c45930c2f4f164fb43432d5c034d8caec7bda7ce664caca9e4ad20c5","2a1d8aca95b935951cb371014dc53250bca5ead96b6750c991b6e3b51a154b04","278bee47cd45eccaf00a839b10f2e01146092ada4f32ea3a0afa4a9b2b55b53f","MFCL quarterly dependent-variable gradients; log-scale delta method"
1984,4,1984.75,"recruitment",37.4733285790883,0.18404151055613,33.0987437852316,42.4260921776397,29.5998932841207,47.4410614023952,26.125574740657,53.7500272715913,"21dcaea9db8c89ddc8c29fa3c3a5e514b50bef6e26587c168c00c05f35fbebc3","e289a150c45930c2f4f164fb43432d5c034d8caec7bda7ce664caca9e4ad20c5","2a1d8aca95b935951cb371014dc53250bca5ead96b6750c991b6e3b51a154b04","278bee47cd45eccaf00a839b10f2e01146092ada4f32ea3a0afa4a9b2b55b53f","MFCL quarterly dependent-variable gradients; log-scale delta method"
1985,1,1985,"recruitment",23.9630831025172,0.352385994949969,18.8937976271169,30.3924792204822,15.2550961123399,37.6418049122386,12.0113325496188,47.8072977670051,"21dcaea9db8c89ddc8c29fa3c3a5e514b50bef6e26587c168c00c05f35fbebc3","e289a150c45930c2f4f164fb43432d5c034d8caec7bda7ce664caca9e4ad20c5","2a1d8aca95b935951cb371014dc53250bca5ead96b6750c991b6e3b51a154b04","278bee47cd45eccaf00a839b10f2e01146092ada4f32ea3a0afa4a9b2b55b53f","MFCL quarterly dependent-variable gradients; log-scale delta method"
1985,2,1985.25,"recruitment",4.13491777038852,1.22009834793804,1.8157954063311,9.41600849317117,0.865756570908962,19.7486747919499,0.378370510274518,45.187308480965,"21dcaea9db8c89ddc8c29fa3c3a5e514b50bef6e26587c168c00c05f35fbebc3","e289a150c45930c2f4f164fb43432d5c034d8caec7bda7ce664caca9e4ad20c5","2a1d8aca95b935951cb371014dc53250bca5ead96b6750c991b6e3b51a154b04","278bee47cd45eccaf00a839b10f2e01146092ada4f32ea3a0afa4a9b2b55b53f","MFCL quarterly dependent-variable gradients; log-scale delta method"
1985,3,1985.5,"recruitment",21.3049926515627,0.278501693850164,17.6563396193768,25.7076337263592,14.9099259198278,30.4429890747829,12.3429882950672,36.7741345152649,"21dcaea9db8c89ddc8c29fa3c3a5e514b50bef6e26587c168c00c05f35fbebc3","e289a150c45930c2f4f164fb43432d5c034d8caec7bda7ce664caca9e4ad20c5","2a1d8aca95b935951cb371014dc53250bca5ead96b6750c991b6e3b51a154b04","278bee47cd45eccaf00a839b10f2e01146092ada4f32ea3a0afa4a9b2b55b53f","MFCL quarterly dependent-variable gradients; log-scale delta method"
1985,4,1985.75,"recruitment",20.9876137448362,0.305713883341053,17.0769834750125,25.7937785878261,14.184422227928,31.0537802403517,11.5276009354009,38.2108934175314,"21dcaea9db8c89ddc8c29fa3c3a5e514b50bef6e26587c168c00c05f35fbebc3","e289a150c45930c2f4f164fb43432d5c034d8caec7bda7ce664caca9e4ad20c5","2a1d8aca95b935951cb371014dc53250bca5ead96b6750c991b6e3b51a154b04","278bee47cd45eccaf00a839b10f2e01146092ada4f32ea3a0afa4a9b2b55b53f","MFCL quarterly dependent-variable gradients; log-scale delta method"
1986,1,1986,"recruitment",32.6397686465356,0.212090796216178,28.2891509892018,37.6594722728166,24.8715890520648,42.8341950757233,21.5384803693718,49.4628441296317,"21dcaea9db8c89ddc8c29fa3c3a5e514b50bef6e26587c168c00c05f35fbebc3","e289a150c45930c2f4f164fb43432d5c034d8caec7bda7ce664caca9e4ad20c5","2a1d8aca95b935951cb371014dc53250bca5ead96b6750c991b6e3b51a154b04","278bee47cd45eccaf00a839b10f2e01146092ada4f32ea3a0afa4a9b2b55b53f","MFCL quarterly dependent-variable gradients; log-scale delta method"
1986,2,1986.25,"recruitment",1.82579487843165,2.31703065165116,0.382587465687124,8.71311069253216,0.0937260777834806,35.5666962380325,0.0194621994146374,171.282128349797,"21dcaea9db8c89ddc8c29fa3c3a5e514b50bef6e26587c168c00c05f35fbebc3","e289a150c45930c2f4f164fb43432d5c034d8caec7bda7ce664caca9e4ad20c5","2a1d8aca95b935951cb371014dc53250bca5ead96b6750c991b6e3b51a154b04","278bee47cd45eccaf00a839b10f2e01146092ada4f32ea3a0afa4a9b2b55b53f","MFCL quarterly dependent-variable gradients; log-scale delta method"
1986,3,1986.5,"recruitment",11.1778757146129,0.412662905126802,8.46211838373155,14.7652041516625,6.58693176081021,18.9686048115312,4.97851677451409,25.096813197647,"21dcaea9db8c89ddc8c29fa3c3a5e514b50bef6e26587c168c00c05f35fbebc3","e289a150c45930c2f4f164fb43432d5c034d8caec7bda7ce664caca9e4ad20c5","2a1d8aca95b935951cb371014dc53250bca5ead96b6750c991b6e3b51a154b04","278bee47cd45eccaf00a839b10f2e01146092ada4f32ea3a0afa4a9b2b55b53f","MFCL quarterly dependent-variable gradients; log-scale delta method"
1986,4,1986.75,"recruitment",8.00602547085206,0.561432686269685,5.48224040106431,11.6916514327771,3.89888066902605,16.4397039255739,2.66394097846956,24.0607597382865,"21dcaea9db8c89ddc8c29fa3c3a5e514b50bef6e26587c168c00c05f35fbebc3","e289a150c45930c2f4f164fb43432d5c034d8caec7bda7ce664caca9e4ad20c5","2a1d8aca95b935951cb371014dc53250bca5ead96b6750c991b6e3b51a154b04","278bee47cd45eccaf00a839b10f2e01146092ada4f32ea3a0afa4a9b2b55b53f","MFCL quarterly dependent-variable gradients; log-scale delta method"
1987,1,1987,"recruitment",29.4268770479369,0.196957136443528,25.7661823957701,33.6076598191184,22.8624931815886,37.8760569075532,20.0029457079942,43.2906785548253,"21dcaea9db8c89ddc8c29fa3c3a5e514b50bef6e26587c168c00c05f35fbebc3","e289a150c45930c2f4f164fb43432d5c034d8caec7bda7ce664caca9e4ad20c5","2a1d8aca95b935951cb371014dc53250bca5ead96b6750c991b6e3b51a154b04","278bee47cd45eccaf00a839b10f2e01146092ada4f32ea3a0afa4a9b2b55b53f","MFCL quarterly dependent-variable gradients; log-scale delta method"
1987,2,1987.25,"recruitment",2.18442457625441,0.796048852316213,1.27688772272246,3.73698536248002,0.787552525940174,6.05891108488013,0.45892217419037,10.3976469164135,"21dcaea9db8c89ddc8c29fa3c3a5e514b50bef6e26587c168c00c05f35fbebc3","e289a150c45930c2f4f164fb43432d5c034d8caec7bda7ce664caca9e4ad20c5","2a1d8aca95b935951cb371014dc53250bca5ead96b6750c991b6e3b51a154b04","278bee47cd45eccaf00a839b10f2e01146092ada4f32ea3a0afa4a9b2b55b53f","MFCL quarterly dependent-variable gradients; log-scale delta method"
1987,3,1987.5,"recruitment",14.3606731898276,0.340952982152438,11.4103877914267,18.0737883965684,9.27705932948091,22.2299898212005,7.36130978330061,28.015250075859,"21dcaea9db8c89ddc8c29fa3c3a5e514b50bef6e26587c168c00c05f35fbebc3","e289a150c45930c2f4f164fb43432d5c034d8caec7bda7ce664caca9e4ad20c5","2a1d8aca95b935951cb371014dc53250bca5ead96b6750c991b6e3b51a154b04","278bee47cd45eccaf00a839b10f2e01146092ada4f32ea3a0afa4a9b2b55b53f","MFCL quarterly dependent-variable gradients; log-scale delta method"
1987,4,1987.75,"recruitment",45.223842741173,0.247404232167182,38.2733114108507,53.4366083541576,32.9358971249569,62.0962576036409,27.8468835085114,73.4443389923052,"21dcaea9db8c89ddc8c29fa3c3a5e514b50bef6e26587c168c00c05f35fbebc3","e289a150c45930c2f4f164fb43432d5c034d8caec7bda7ce664caca9e4ad20c5","2a1d8aca95b935951cb371014dc53250bca5ead96b6750c991b6e3b51a154b04","278bee47cd45eccaf00a839b10f2e01146092ada4f32ea3a0afa4a9b2b55b53f","MFCL quarterly dependent-variable gradients; log-scale delta method"
1988,1,1988,"recruitment",49.6959997549713,0.229070642554265,42.5814469822635,57.999259458581,37.0533439025687,66.6523485205583,31.7202168369886,77.8586226045666,"21dcaea9db8c89ddc8c29fa3c3a5e514b50bef6e26587c168c00c05f35fbebc3","e289a150c45930c2f4f164fb43432d5c034d8caec7bda7ce664caca9e4ad20c5","2a1d8aca95b935951cb371014dc53250bca5ead96b6750c991b6e3b51a154b04","278bee47cd45eccaf00a839b10f2e01146092ada4f32ea3a0afa4a9b2b55b53f","MFCL quarterly dependent-variable gradients; log-scale delta method"
1988,2,1988.25,"recruitment",5.91687502446454,0.787350533505052,3.47901280693697,10.0630299449675,2.1571289186462,16.2296327087877,1.26444052694299,27.6876684265836,"21dcaea9db8c89ddc8c29fa3c3a5e514b50bef6e26587c168c00c05f35fbebc3","e289a150c45930c2f4f164fb43432d5c034d8caec7bda7ce664caca9e4ad20c5","2a1d8aca95b935951cb371014dc53250bca5ead96b6750c991b6e3b51a154b04","278bee47cd45eccaf00a839b10f2e01146092ada4f32ea3a0afa4a9b2b55b53f","MFCL quarterly dependent-variable gradients; log-scale delta method"
1988,3,1988.5,"recruitment",3.11274645826943,0.919444590738293,1.67422352345493,5.7872741469277,0.958093206777818,10.1129936470949,0.513465292692291,18.8701956127645,"21dcaea9db8c89ddc8c29fa3c3a5e514b50bef6e26587c168c00c05f35fbebc3","e289a150c45930c2f4f164fb43432d5c034d8caec7bda7ce664caca9e4ad20c5","2a1d8aca95b935951cb371014dc53250bca5ead96b6750c991b6e3b51a154b04","278bee47cd45eccaf00a839b10f2e01146092ada4f32ea3a0afa4a9b2b55b53f","MFCL quarterly dependent-variable gradients; log-scale delta method"
1988,4,1988.75,"recruitment",26.1502680787475,0.316260080984309,21.1268608938997,32.368108259179,17.4363279002252,39.219067483901,14.0693837817193,48.6045822048643,"21dcaea9db8c89ddc8c29fa3c3a5e514b50bef6e26587c168c00c05f35fbebc3","e289a150c45930c2f4f164fb43432d5c034d8caec7bda7ce664caca9e4ad20c5","2a1d8aca95b935951cb371014dc53250bca5ead96b6750c991b6e3b51a154b04","278bee47cd45eccaf00a839b10f2e01146092ada4f32ea3a0afa4a9b2b55b53f","MFCL quarterly dependent-variable gradients; log-scale delta method"
1989,1,1989,"recruitment",22.8152333451731,0.423916230465144,17.1414805567334,30.3669727286321,13.2521252158997,39.2793506033409,9.940008719308,52.3676474834056,"21dcaea9db8c89ddc8c29fa3c3a5e514b50bef6e26587c168c00c05f35fbebc3","e289a150c45930c2f4f164fb43432d5c034d8caec7bda7ce664caca9e4ad20c5","2a1d8aca95b935951cb371014dc53250bca5ead96b6750c991b6e3b51a154b04","278bee47cd45eccaf00a839b10f2e01146092ada4f32ea3a0afa4a9b2b55b53f","MFCL quarterly dependent-variable gradients; log-scale delta method"
1989,2,1989.25,"recruitment",1.09040200703084,1.18032237329932,0.49185619063107,2.41732555081065,0.240244639558172,4.94902420767222,0.107868444613946,11.0224685374129,"21dcaea9db8c89ddc8c29fa3c3a5e514b50bef6e26587c168c00c05f35fbebc3","e289a150c45930c2f4f164fb43432d5c034d8caec7bda7ce664caca9e4ad20c5","2a1d8aca95b935951cb371014dc53250bca5ead96b6750c991b6e3b51a154b04","278bee47cd45eccaf00a839b10f2e01146092ada4f32ea3a0afa4a9b2b55b53f","MFCL quarterly dependent-variable gradients; log-scale delta method"
1989,3,1989.5,"recruitment",34.1769158845749,0.237002816509825,29.1278415633096,40.1012061550294,25.2245849325835,46.3064737240724,21.4780923986812,54.3838604332026,"21dcaea9db8c89ddc8c29fa3c3a5e514b50bef6e26587c168c00c05f35fbebc3","e289a150c45930c2f4f164fb43432d5c034d8caec7bda7ce664caca9e4ad20c5","2a1d8aca95b935951cb371014dc53250bca5ead96b6750c991b6e3b51a154b04","278bee47cd45eccaf00a839b10f2e01146092ada4f32ea3a0afa4a9b2b55b53f","MFCL quarterly dependent-variable gradients; log-scale delta method"
1989,4,1989.75,"recruitment",17.8924250557229,0.303970918453564,14.5756477411599,21.9639552258544,12.1195885932235,26.4149951883403,9.86117558819567,32.4645749902155,"21dcaea9db8c89ddc8c29fa3c3a5e514b50bef6e26587c168c00c05f35fbebc3","e289a150c45930c2f4f164fb43432d5c034d8caec7bda7ce664caca9e4ad20c5","2a1d8aca95b935951cb371014dc53250bca5ead96b6750c991b6e3b51a154b04","278bee47cd45eccaf00a839b10f2e01146092ada4f32ea3a0afa4a9b2b55b53f","MFCL quarterly dependent-variable gradients; log-scale delta method"
1990,1,1990,"recruitment",9.10772033253598,0.286698806860638,7.50633278364972,11.0507450237714,6.30727126726839,13.1515779392844,5.19243680459672,15.975268024881,"21dcaea9db8c89ddc8c29fa3c3a5e514b50bef6e26587c168c00c05f35fbebc3","e289a150c45930c2f4f164fb43432d5c034d8caec7bda7ce664caca9e4ad20c5","2a1d8aca95b935951cb371014dc53250bca5ead96b6750c991b6e3b51a154b04","278bee47cd45eccaf00a839b10f2e01146092ada4f32ea3a0afa4a9b2b55b53f","MFCL quarterly dependent-variable gradients; log-scale delta method"
1990,2,1990.25,"recruitment",28.5647214885887,0.446783080976628,21.1327048496216,38.610453301024,16.1125244408439,50.640315036686,11.8994680140878,68.5697304076656,"21dcaea9db8c89ddc8c29fa3c3a5e514b50bef6e26587c168c00c05f35fbebc3","e289a150c45930c2f4f164fb43432d5c034d8caec7bda7ce664caca9e4ad20c5","2a1d8aca95b935951cb371014dc53250bca5ead96b6750c991b6e3b51a154b04","278bee47cd45eccaf00a839b10f2e01146092ada4f32ea3a0afa4a9b2b55b53f","MFCL quarterly dependent-variable gradients; log-scale delta method"
1990,3,1990.5,"recruitment",7.71369593746688,1.78155715229115,2.3195087172011,25.6524601845393,0.786502077065584,75.6528262934663,0.234854192968183,253.35338604644,"21dcaea9db8c89ddc8c29fa3c3a5e514b50bef6e26587c168c00c05f35fbebc3","e289a150c45930c2f4f164fb43432d5c034d8caec7bda7ce664caca9e4ad20c5","2a1d8aca95b935951cb371014dc53250bca5ead96b6750c991b6e3b51a154b04","278bee47cd45eccaf00a839b10f2e01146092ada4f32ea3a0afa4a9b2b55b53f","MFCL quarterly dependent-variable gradients; log-scale delta method"
1990,4,1990.75,"recruitment",26.5355260816469,0.339404288764292,21.1060499757476,33.3617207027778,17.1761251077055,40.994935703739,13.6435142181606,51.6094411726051,"21dcaea9db8c89ddc8c29fa3c3a5e514b50bef6e26587c168c00c05f35fbebc3","e289a150c45930c2f4f164fb43432d5c034d8caec7bda7ce664caca9e4ad20c5","2a1d8aca95b935951cb371014dc53250bca5ead96b6750c991b6e3b51a154b04","278bee47cd45eccaf00a839b10f2e01146092ada4f32ea3a0afa4a9b2b55b53f","MFCL quarterly dependent-variable gradients; log-scale delta method"
1991,1,1991,"recruitment",2.81764221719451,1.05227200223538,1.38562840964103,5.72960803118462,0.731512924778606,10.8529971176102,0.358253377592761,22.1605940395109,"21dcaea9db8c89ddc8c29fa3c3a5e514b50bef6e26587c168c00c05f35fbebc3","e289a150c45930c2f4f164fb43432d5c034d8caec7bda7ce664caca9e4ad20c5","2a1d8aca95b935951cb371014dc53250bca5ead96b6750c991b6e3b51a154b04","278bee47cd45eccaf00a839b10f2e01146092ada4f32ea3a0afa4a9b2b55b53f","MFCL quarterly dependent-variable gradients; log-scale delta method"
1991,2,1991.25,"recruitment",11.7326486910127,0.297948287771381,9.5966336531295,14.3440971367947,8.00878726816321,17.1880012163557,6.54307689942037,21.0382741060123,"21dcaea9db8c89ddc8c29fa3c3a5e514b50bef6e26587c168c00c05f35fbebc3","e289a150c45930c2f4f164fb43432d5c034d8caec7bda7ce664caca9e4ad20c5","2a1d8aca95b935951cb371014dc53250bca5ead96b6750c991b6e3b51a154b04","278bee47cd45eccaf00a839b10f2e01146092ada4f32ea3a0afa4a9b2b55b53f","MFCL quarterly dependent-variable gradients; log-scale delta method"
1991,3,1991.5,"recruitment",14.4931401160353,0.329507979322199,11.6048798615848,18.100239979076,9.50097072795161,22.1083841259573,7.59774634637338,27.646502113524,"21dcaea9db8c89ddc8c29fa3c3a5e514b50bef6e26587c168c00c05f35fbebc3","e289a150c45930c2f4f164fb43432d5c034d8caec7bda7ce664caca9e4ad20c5","2a1d8aca95b935951cb371014dc53250bca5ead96b6750c991b6e3b51a154b04","278bee47cd45eccaf00a839b10f2e01146092ada4f32ea3a0afa4a9b2b55b53f","MFCL quarterly dependent-variable gradients; log-scale delta method"
1991,4,1991.75,"recruitment",41.8539192309507,0.438895845209346,31.1294617229005,56.273075666524,23.848415629449,73.4535401516489,17.7070947475254,98.9293037603335,"21dcaea9db8c89ddc8c29fa3c3a5e514b50bef6e26587c168c00c05f35fbebc3","e289a150c45930c2f4f164fb43432d5c034d8caec7bda7ce664caca9e4ad20c5","2a1d8aca95b935951cb371014dc53250bca5ead96b6750c991b6e3b51a154b04","278bee47cd45eccaf00a839b10f2e01146092ada4f32ea3a0afa4a9b2b55b53f","MFCL quarterly dependent-variable gradients; log-scale delta method"
1992,1,1992,"recruitment",23.3260891933565,0.999788211272936,11.8843872293938,45.7832975780759,6.4772257563046,84.0030064610326,3.287158638034,165.524848956436,"21dcaea9db8c89ddc8c29fa3c3a5e514b50bef6e26587c168c00c05f35fbebc3","e289a150c45930c2f4f164fb43432d5c034d8caec7bda7ce664caca9e4ad20c5","2a1d8aca95b935951cb371014dc53250bca5ead96b6750c991b6e3b51a154b04","278bee47cd45eccaf00a839b10f2e01146092ada4f32ea3a0afa4a9b2b55b53f","MFCL quarterly dependent-variable gradients; log-scale delta method"
1992,2,1992.25,"recruitment",15.6470506449742,0.682501366604552,9.87436757566918,24.7945189411074,6.52487468184839,37.5225894479601,4.10663658402332,59.6181787399662,"21dcaea9db8c89ddc8c29fa3c3a5e514b50bef6e26587c168c00c05f35fbebc3","e289a150c45930c2f4f164fb43432d5c034d8caec7bda7ce664caca9e4ad20c5","2a1d8aca95b935951cb371014dc53250bca5ead96b6750c991b6e3b51a154b04","278bee47cd45eccaf00a839b10f2e01146092ada4f32ea3a0afa4a9b2b55b53f","MFCL quarterly dependent-variable gradients; log-scale delta method"
1992,3,1992.5,"recruitment",14.1887222602875,0.389128477147031,10.9133223044963,18.4471633625843,8.61719161570826,23.3625812628551,6.61784402861019,30.4207591640471,"21dcaea9db8c89ddc8c29fa3c3a5e514b50bef6e26587c168c00c05f35fbebc3","e289a150c45930c2f4f164fb43432d5c034d8caec7bda7ce664caca9e4ad20c5","2a1d8aca95b935951cb371014dc53250bca5ead96b6750c991b6e3b51a154b04","278bee47cd45eccaf00a839b10f2e01146092ada4f32ea3a0afa4a9b2b55b53f","MFCL quarterly dependent-variable gradients; log-scale delta method"
1992,4,1992.75,"recruitment",36.5978114450363,0.237508841317711,31.1804458571188,42.9564031477963,26.9938379157489,49.6187243454177,22.9766772086791,58.2938860306787,"21dcaea9db8c89ddc8c29fa3c3a5e514b50bef6e26587c168c00c05f35fbebc3","e289a150c45930c2f4f164fb43432d5c034d8caec7bda7ce664caca9e4ad20c5","2a1d8aca95b935951cb371014dc53250bca5ead96b6750c991b6e3b51a154b04","278bee47cd45eccaf00a839b10f2e01146092ada4f32ea3a0afa4a9b2b55b53f","MFCL quarterly dependent-variable gradients; log-scale delta method"
1993,1,1993,"recruitment",6.65928047570994,0.772284957951453,3.95552427967535,11.2111602201596,2.47511892439404,17.9167215025954,1.46574073910806,30.2550207352205,"21dcaea9db8c89ddc8c29fa3c3a5e514b50bef6e26587c168c00c05f35fbebc3","e289a150c45930c2f4f164fb43432d5c034d8caec7bda7ce664caca9e4ad20c5","2a1d8aca95b935951cb371014dc53250bca5ead96b6750c991b6e3b51a154b04","278bee47cd45eccaf00a839b10f2e01146092ada4f32ea3a0afa4a9b2b55b53f","MFCL quarterly dependent-variable gradients; log-scale delta method"
1993,2,1993.25,"recruitment",5.11662704678478,0.829575229296382,2.92400851169223,8.9534186481346,1.7671216000351,14.8149806642449,1.00657942006012,26.0087498454179,"21dcaea9db8c89ddc8c29fa3c3a5e514b50bef6e26587c168c00c05f35fbebc3","e289a150c45930c2f4f164fb43432d5c034d8caec7bda7ce664caca9e4ad20c5","2a1d8aca95b935951cb371014dc53250bca5ead96b6750c991b6e3b51a154b04","278bee47cd45eccaf00a839b10f2e01146092ada4f32ea3a0afa4a9b2b55b53f","MFCL quarterly dependent-variable gradients; log-scale delta method"
1993,3,1993.5,"recruitment",7.28120552094374,0.678264566448094,4.60809225608658,11.5049679763238,3.05281899695857,17.3662290135903,1.92691893353893,27.5133286177503,"21dcaea9db8c89ddc8c29fa3c3a5e514b50bef6e26587c168c00c05f35fbebc3","e289a150c45930c2f4f164fb43432d5c034d8caec7bda7ce664caca9e4ad20c5","2a1d8aca95b935951cb371014dc53250bca5ead96b6750c991b6e3b51a154b04","278bee47cd45eccaf00a839b10f2e01146092ada4f32ea3a0afa4a9b2b55b53f","MFCL quarterly dependent-variable gradients; log-scale delta method"
1993,4,1993.75,"recruitment",31.4754363127888,0.335431300466838,25.1023751205052,39.4665081023013,20.4776681492687,48.3796828749667,16.3099308000848,60.7423233871278,"21dcaea9db8c89ddc8c29fa3c3a5e514b50bef6e26587c168c00c05f35fbebc3","e289a150c45930c2f4f164fb43432d5c034d8caec7bda7ce664caca9e4ad20c5","2a1d8aca95b935951cb371014dc53250bca5ead96b6750c991b6e3b51a154b04","278bee47cd45eccaf00a839b10f2e01146092ada4f32ea3a0afa4a9b2b55b53f","MFCL quarterly dependent-variable gradients; log-scale delta method"
1994,1,1994,"recruitment",17.1128978945703,0.50574424011426,12.1668268289618,24.0696509013253,8.95037221197457,32.7194520422501,6.35087085501327,46.1119870070761,"21dcaea9db8c89ddc8c29fa3c3a5e514b50bef6e26587c168c00c05f35fbebc3","e289a150c45930c2f4f164fb43432d5c034d8caec7bda7ce664caca9e4ad20c5","2a1d8aca95b935951cb371014dc53250bca5ead96b6750c991b6e3b51a154b04","278bee47cd45eccaf00a839b10f2e01146092ada4f32ea3a0afa4a9b2b55b53f","MFCL quarterly dependent-variable gradients; log-scale delta method"
1994,2,1994.25,"recruitment",4.53124366719684,0.39682589882989,3.46717950496519,5.92186506124309,2.72493231736257,7.53492813039271,2.0817980599656,9.86270934071804,"21dcaea9db8c89ddc8c29fa3c3a5e514b50bef6e26587c168c00c05f35fbebc3","e289a150c45930c2f4f164fb43432d5c034d8caec7bda7ce664caca9e4ad20c5","2a1d8aca95b935951cb371014dc53250bca5ead96b6750c991b6e3b51a154b04","278bee47cd45eccaf00a839b10f2e01146092ada4f32ea3a0afa4a9b2b55b53f","MFCL quarterly dependent-variable gradients; log-scale delta method"
1994,3,1994.5,"recruitment",7.41656077293524,0.506265523515623,5.27112881255209,10.4352171336921,3.87641232664119,14.1897633852337,2.74959395852311,20.0049078258038,"21dcaea9db8c89ddc8c29fa3c3a5e514b50bef6e26587c168c00c05f35fbebc3","e289a150c45930c2f4f164fb43432d5c034d8caec7bda7ce664caca9e4ad20c5","2a1d8aca95b935951cb371014dc53250bca5ead96b6750c991b6e3b51a154b04","278bee47cd45eccaf00a839b10f2e01146092ada4f32ea3a0afa4a9b2b55b53f","MFCL quarterly dependent-variable gradients; log-scale delta method"
1994,4,1994.75,"recruitment",72.3217158811898,0.0919357566558503,67.9732820199491,76.9483307642037,64.283566886535,81.3649715055735,60.3966518283498,86.6013335120742,"21dcaea9db8c89ddc8c29fa3c3a5e514b50bef6e26587c168c00c05f35fbebc3","e289a150c45930c2f4f164fb43432d5c034d8caec7bda7ce664caca9e4ad20c5","2a1d8aca95b935951cb371014dc53250bca5ead96b6750c991b6e3b51a154b04","278bee47cd45eccaf00a839b10f2e01146092ada4f32ea3a0afa4a9b2b55b53f","MFCL quarterly dependent-variable gradients; log-scale delta method"
1995,1,1995,"recruitment",9.93606872600564,0.304158632294626,8.09316244113576,12.1986259939758,6.72866306344028,14.6723741101446,5.47411969870929,18.0349475644797,"21dcaea9db8c89ddc8c29fa3c3a5e514b50bef6e26587c168c00c05f35fbebc3","e289a150c45930c2f4f164fb43432d5c034d8caec7bda7ce664caca9e4ad20c5","2a1d8aca95b935951cb371014dc53250bca5ead96b6750c991b6e3b51a154b04","278bee47cd45eccaf00a839b10f2e01146092ada4f32ea3a0afa4a9b2b55b53f","MFCL quarterly dependent-variable gradients; log-scale delta method"
1995,2,1995.25,"recruitment",12.0092530726129,0.298798245705213,9.81725044684727,14.6906875955658,8.18867483913562,17.6123929934048,6.68618623317968,21.5701678553868,"21dcaea9db8c89ddc8c29fa3c3a5e514b50bef6e26587c168c00c05f35fbebc3","e289a150c45930c2f4f164fb43432d5c034d8caec7bda7ce664caca9e4ad20c5","2a1d8aca95b935951cb371014dc53250bca5ead96b6750c991b6e3b51a154b04","278bee47cd45eccaf00a839b10f2e01146092ada4f32ea3a0afa4a9b2b55b53f","MFCL quarterly dependent-variable gradients; log-scale delta method"
1995,3,1995.5,"recruitment",4.63450984230726,0.511940761832867,3.28127361889685,6.5458367612951,2.4047644506482,8.93171947574879,1.6991786489382,12.640625805806,"21dcaea9db8c89ddc8c29fa3c3a5e514b50bef6e26587c168c00c05f35fbebc3","e289a150c45930c2f4f164fb43432d5c034d8caec7bda7ce664caca9e4ad20c5","2a1d8aca95b935951cb371014dc53250bca5ead96b6750c991b6e3b51a154b04","278bee47cd45eccaf00a839b10f2e01146092ada4f32ea3a0afa4a9b2b55b53f","MFCL quarterly dependent-variable gradients; log-scale delta method"
1995,4,1995.75,"recruitment",11.7729725446857,0.327765937044799,9.43788281598445,14.6858024453513,7.73501553389697,17.9188887120559,6.19285996616687,22.3810780956046,"21dcaea9db8c89ddc8c29fa3c3a5e514b50bef6e26587c168c00c05f35fbebc3","e289a150c45930c2f4f164fb43432d5c034d8caec7bda7ce664caca9e4ad20c5","2a1d8aca95b935951cb371014dc53250bca5ead96b6750c991b6e3b51a154b04","278bee47cd45eccaf00a839b10f2e01146092ada4f32ea3a0afa4a9b2b55b53f","MFCL quarterly dependent-variable gradients; log-scale delta method"
1996,1,1996,"recruitment",44.7613678234772,0.202486414778738,39.0471711028781,51.3117850240613,34.5306957441277,58.0231589967124,30.0986211492563,66.5671706186489,"21dcaea9db8c89ddc8c29fa3c3a5e514b50bef6e26587c168c00c05f35fbebc3","e289a150c45930c2f4f164fb43432d5c034d8caec7bda7ce664caca9e4ad20c5","2a1d8aca95b935951cb371014dc53250bca5ead96b6750c991b6e3b51a154b04","278bee47cd45eccaf00a839b10f2e01146092ada4f32ea3a0afa4a9b2b55b53f","MFCL quarterly dependent-variable gradients; log-scale delta method"
1996,2,1996.25,"recruitment",26.6079606091509,0.384944473744763,20.5234747364111,34.4962817880969,16.2466096333541,43.5773114363901,12.5125624726526,56.581820816119,"21dcaea9db8c89ddc8c29fa3c3a5e514b50bef6e26587c168c00c05f35fbebc3","e289a150c45930c2f4f164fb43432d5c034d8caec7bda7ce664caca9e4ad20c5","2a1d8aca95b935951cb371014dc53250bca5ead96b6750c991b6e3b51a154b04","278bee47cd45eccaf00a839b10f2e01146092ada4f32ea3a0afa4a9b2b55b53f","MFCL quarterly dependent-variable gradients; log-scale delta method"
1996,3,1996.5,"recruitment",13.153533661564,0.497604996266077,9.40330264148739,18.3994341543953,6.9516843313421,24.8882773640695,4.95998427727227,34.8822573044622,"21dcaea9db8c89ddc8c29fa3c3a5e514b50bef6e26587c168c00c05f35fbebc3","e289a150c45930c2f4f164fb43432d5c034d8caec7bda7ce664caca9e4ad20c5","2a1d8aca95b935951cb371014dc53250bca5ead96b6750c991b6e3b51a154b04","278bee47cd45eccaf00a839b10f2e01146092ada4f32ea3a0afa4a9b2b55b53f","MFCL quarterly dependent-variable gradients; log-scale delta method"
1996,4,1996.75,"recruitment",28.9524966982377,0.351995410363965,22.8337372364034,36.7109009087248,18.4406261351288,45.4565402996066,14.5233560411305,57.7171738190213,"21dcaea9db8c89ddc8c29fa3c3a5e514b50bef6e26587c168c00c05f35fbebc3","e289a150c45930c2f4f164fb43432d5c034d8caec7bda7ce664caca9e4ad20c5","2a1d8aca95b935951cb371014dc53250bca5ead96b6750c991b6e3b51a154b04","278bee47cd45eccaf00a839b10f2e01146092ada4f32ea3a0afa4a9b2b55b53f","MFCL quarterly dependent-variable gradients; log-scale delta method"
1997,1,1997,"recruitment",13.2402104054875,0.588112870069355,8.90472771129326,19.6865280180611,6.23115352824396,28.1333417299033,4.18111684168815,41.9273553500601,"21dcaea9db8c89ddc8c29fa3c3a5e514b50bef6e26587c168c00c05f35fbebc3","e289a150c45930c2f4f164fb43432d5c034d8caec7bda7ce664caca9e4ad20c5","2a1d8aca95b935951cb371014dc53250bca5ead96b6750c991b6e3b51a154b04","278bee47cd45eccaf00a839b10f2e01146092ada4f32ea3a0afa4a9b2b55b53f","MFCL quarterly dependent-variable gradients; log-scale delta method"
1997,2,1997.25,"recruitment",6.28271644590616,0.41801160071743,4.73915050783276,8.32902982811381,3.6770066862679,10.7349616978053,2.76907896004908,14.2547491455282,"21dcaea9db8c89ddc8c29fa3c3a5e514b50bef6e26587c168c00c05f35fbebc3","e289a150c45930c2f4f164fb43432d5c034d8caec7bda7ce664caca9e4ad20c5","2a1d8aca95b935951cb371014dc53250bca5ead96b6750c991b6e3b51a154b04","278bee47cd45eccaf00a839b10f2e01146092ada4f32ea3a0afa4a9b2b55b53f","MFCL quarterly dependent-variable gradients; log-scale delta method"
1997,3,1997.5,"recruitment",5.69373496857447,0.431335257011107,4.25644894759644,7.61635304252246,3.27588502145374,9.89614033461444,2.44480379687896,13.2602125102036,"21dcaea9db8c89ddc8c29fa3c3a5e514b50bef6e26587c168c00c05f35fbebc3","e289a150c45930c2f4f164fb43432d5c034d8caec7bda7ce664caca9e4ad20c5","2a1d8aca95b935951cb371014dc53250bca5ead96b6750c991b6e3b51a154b04","278bee47cd45eccaf00a839b10f2e01146092ada4f32ea3a0afa4a9b2b55b53f","MFCL quarterly dependent-variable gradients; log-scale delta method"
1997,4,1997.75,"recruitment",19.1020840570685,0.392504124893071,14.6590432672424,24.8917755866583,11.5511288289031,31.5890871557324,8.85076143756668,41.2269179208191,"21dcaea9db8c89ddc8c29fa3c3a5e514b50bef6e26587c168c00c05f35fbebc3","e289a150c45930c2f4f164fb43432d5c034d8caec7bda7ce664caca9e4ad20c5","2a1d8aca95b935951cb371014dc53250bca5ead96b6750c991b6e3b51a154b04","278bee47cd45eccaf00a839b10f2e01146092ada4f32ea3a0afa4a9b2b55b53f","MFCL quarterly dependent-variable gradients; log-scale delta method"
1998,1,1998,"recruitment",49.2542886017792,0.298893578800634,40.2615044043482,60.2556953983405,33.5806130603151,72.2436169140203,27.4173436308754,88.4835882837092,"21dcaea9db8c89ddc8c29fa3c3a5e514b50bef6e26587c168c00c05f35fbebc3","e289a150c45930c2f4f164fb43432d5c034d8caec7bda7ce664caca9e4ad20c5","2a1d8aca95b935951cb371014dc53250bca5ead96b6750c991b6e3b51a154b04","278bee47cd45eccaf00a839b10f2e01146092ada4f32ea3a0afa4a9b2b55b53f","MFCL quarterly dependent-variable gradients; log-scale delta method"
1998,2,1998.25,"recruitment",17.7923473738218,0.998604670402011,9.07224567640901,34.8940754430768,4.94810692145625,63.977523140825,2.51315579749237,125.964186297807,"21dcaea9db8c89ddc8c29fa3c3a5e514b50bef6e26587c168c00c05f35fbebc3","e289a150c45930c2f4f164fb43432d5c034d8caec7bda7ce664caca9e4ad20c5","2a1d8aca95b935951cb371014dc53250bca5ead96b6750c991b6e3b51a154b04","278bee47cd45eccaf00a839b10f2e01146092ada4f32ea3a0afa4a9b2b55b53f","MFCL quarterly dependent-variable gradients; log-scale delta method"
1998,3,1998.5,"recruitment",24.9132662330101,0.630008292579042,16.2886135118523,38.1045835451381,11.111852466099,55.856648231286,7.24713978505027,85.6435577077165,"21dcaea9db8c89ddc8c29fa3c3a5e514b50bef6e26587c168c00c05f35fbebc3","e289a150c45930c2f4f164fb43432d5c034d8caec7bda7ce664caca9e4ad20c5","2a1d8aca95b935951cb371014dc53250bca5ead96b6750c991b6e3b51a154b04","278bee47cd45eccaf00a839b10f2e01146092ada4f32ea3a0afa4a9b2b55b53f","MFCL quarterly dependent-variable gradients; log-scale delta method"
1998,4,1998.75,"recruitment",18.7810511132546,0.57824831928744,12.7155528441232,27.7398777106025,8.95125193204125,39.4054243581372,6.04663888890401,58.3345371535185,"21dcaea9db8c89ddc8c29fa3c3a5e514b50bef6e26587c168c00c05f35fbebc3","e289a150c45930c2f4f164fb43432d5c034d8caec7bda7ce664caca9e4ad20c5","2a1d8aca95b935951cb371014dc53250bca5ead96b6750c991b6e3b51a154b04","278bee47cd45eccaf00a839b10f2e01146092ada4f32ea3a0afa4a9b2b55b53f","MFCL quarterly dependent-variable gradients; log-scale delta method"
1999,1,1999,"recruitment",3.66873692988663,1.01955048002284,1.84443148805447,7.29744137848749,0.993263719358521,13.5509134164354,0.497363178036849,27.0619765496929,"21dcaea9db8c89ddc8c29fa3c3a5e514b50bef6e26587c168c00c05f35fbebc3","e289a150c45930c2f4f164fb43432d5c034d8caec7bda7ce664caca9e4ad20c5","2a1d8aca95b935951cb371014dc53250bca5ead96b6750c991b6e3b51a154b04","278bee47cd45eccaf00a839b10f2e01146092ada4f32ea3a0afa4a9b2b55b53f","MFCL quarterly dependent-variable gradients; log-scale delta method"
1999,2,1999.25,"recruitment",9.19490422518976,0.492503874630666,6.59598167612726,12.8178439331343,4.891408654784,17.2846453194465,3.50208878260204,24.1416677185422,"21dcaea9db8c89ddc8c29fa3c3a5e514b50bef6e26587c168c00c05f35fbebc3","e289a150c45930c2f4f164fb43432d5c034d8caec7bda7ce664caca9e4ad20c5","2a1d8aca95b935951cb371014dc53250bca5ead96b6750c991b6e3b51a154b04","278bee47cd45eccaf00a839b10f2e01146092ada4f32ea3a0afa4a9b2b55b53f","MFCL quarterly dependent-variable gradients; log-scale delta method"
1999,3,1999.5,"recruitment",6.34900712261322,0.721413664040846,3.90287054662442,10.3282676075068,2.5187673410642,16.0038169408542,1.54396478324079,26.1080381369727,"21dcaea9db8c89ddc8c29fa3c3a5e514b50bef6e26587c168c00c05f35fbebc3","e289a150c45930c2f4f164fb43432d5c034d8caec7bda7ce664caca9e4ad20c5","2a1d8aca95b935951cb371014dc53250bca5ead96b6750c991b6e3b51a154b04","278bee47cd45eccaf00a839b10f2e01146092ada4f32ea3a0afa4a9b2b55b53f","MFCL quarterly dependent-variable gradients; log-scale delta method"
1999,4,1999.75,"recruitment",55.2640408993241,0.153343893769254,49.8338044235436,61.2859935509815,45.4041874288225,67.2650341184923,40.9181583106249,74.6395816091539,"21dcaea9db8c89ddc8c29fa3c3a5e514b50bef6e26587c168c00c05f35fbebc3","e289a150c45930c2f4f164fb43432d5c034d8caec7bda7ce664caca9e4ad20c5","2a1d8aca95b935951cb371014dc53250bca5ead96b6750c991b6e3b51a154b04","278bee47cd45eccaf00a839b10f2e01146092ada4f32ea3a0afa4a9b2b55b53f","MFCL quarterly dependent-variable gradients; log-scale delta method"
2000,1,2000,"recruitment",28.7585019071184,0.359019443388861,22.5735418837255,36.638088794475,18.1529215064432,45.5602384248829,14.2288026121334,58.1251602461954,"21dcaea9db8c89ddc8c29fa3c3a5e514b50bef6e26587c168c00c05f35fbebc3","e289a150c45930c2f4f164fb43432d5c034d8caec7bda7ce664caca9e4ad20c5","2a1d8aca95b935951cb371014dc53250bca5ead96b6750c991b6e3b51a154b04","278bee47cd45eccaf00a839b10f2e01146092ada4f32ea3a0afa4a9b2b55b53f","MFCL quarterly dependent-variable gradients; log-scale delta method"
2000,2,2000.25,"recruitment",22.5062813651972,0.466723020566913,16.4281207854819,30.8332710419967,12.3748331353595,40.9324873595321,9.01630072676511,56.1796590685766,"21dcaea9db8c89ddc8c29fa3c3a5e514b50bef6e26587c168c00c05f35fbebc3","e289a150c45930c2f4f164fb43432d5c034d8caec7bda7ce664caca9e4ad20c5","2a1d8aca95b935951cb371014dc53250bca5ead96b6750c991b6e3b51a154b04","278bee47cd45eccaf00a839b10f2e01146092ada4f32ea3a0afa4a9b2b55b53f","MFCL quarterly dependent-variable gradients; log-scale delta method"
2000,3,2000.5,"recruitment",21.2578755756817,0.532325716501958,14.8452389214149,30.4405524480499,10.7459032258967,42.0529819124121,7.48864751889045,60.3443108854078,"21dcaea9db8c89ddc8c29fa3c3a5e514b50bef6e26587c168c00c05f35fbebc3","e289a150c45930c2f4f164fb43432d5c034d8caec7bda7ce664caca9e4ad20c5","2a1d8aca95b935951cb371014dc53250bca5ead96b6750c991b6e3b51a154b04","278bee47cd45eccaf00a839b10f2e01146092ada4f32ea3a0afa4a9b2b55b53f","MFCL quarterly dependent-variable gradients; log-scale delta method"
2000,4,2000.75,"recruitment",45.7811045707928,0.191306977395667,40.2390069232531,52.0865124658605,35.8269959358655,58.5008449905705,31.4662850370203,66.6081023945477,"21dcaea9db8c89ddc8c29fa3c3a5e514b50bef6e26587c168c00c05f35fbebc3","e289a150c45930c2f4f164fb43432d5c034d8caec7bda7ce664caca9e4ad20c5","2a1d8aca95b935951cb371014dc53250bca5ead96b6750c991b6e3b51a154b04","278bee47cd45eccaf00a839b10f2e01146092ada4f32ea3a0afa4a9b2b55b53f","MFCL quarterly dependent-variable gradients; log-scale delta method"
2001,1,2001,"recruitment",6.7268867384024,0.619411951580522,4.42967150769454,10.2154313503137,3.04135787704297,14.8785532715046,1.99788141246492,22.6494950646069,"21dcaea9db8c89ddc8c29fa3c3a5e514b50bef6e26587c168c00c05f35fbebc3","e289a150c45930c2f4f164fb43432d5c034d8caec7bda7ce664caca9e4ad20c5","2a1d8aca95b935951cb371014dc53250bca5ead96b6750c991b6e3b51a154b04","278bee47cd45eccaf00a839b10f2e01146092ada4f32ea3a0afa4a9b2b55b53f","MFCL quarterly dependent-variable gradients; log-scale delta method"
2001,2,2001.25,"recruitment",6.01272731650263,0.337956307264101,4.78712669614957,7.55210632125025,3.89919455472008,9.2718866102367,3.10029184760943,11.6611246810502,"21dcaea9db8c89ddc8c29fa3c3a5e514b50bef6e26587c168c00c05f35fbebc3","e289a150c45930c2f4f164fb43432d5c034d8caec7bda7ce664caca9e4ad20c5","2a1d8aca95b935951cb371014dc53250bca5ead96b6750c991b6e3b51a154b04","278bee47cd45eccaf00a839b10f2e01146092ada4f32ea3a0afa4a9b2b55b53f","MFCL quarterly dependent-variable gradients; log-scale delta method"
2001,3,2001.5,"recruitment",25.3928704082844,0.183904767513085,22.4306103914953,28.7463362038692,20.0611478015321,32.1416238966489,17.7080921926031,36.4126107182381,"21dcaea9db8c89ddc8c29fa3c3a5e514b50bef6e26587c168c00c05f35fbebc3","e289a150c45930c2f4f164fb43432d5c034d8caec7bda7ce664caca9e4ad20c5","2a1d8aca95b935951cb371014dc53250bca5ead96b6750c991b6e3b51a154b04","278bee47cd45eccaf00a839b10f2e01146092ada4f32ea3a0afa4a9b2b55b53f","MFCL quarterly dependent-variable gradients; log-scale delta method"
2001,4,2001.75,"recruitment",16.4530758588902,0.308674254540307,13.3606633817567,20.2612473260892,11.0776600022921,24.4369032054047,8.98469002236602,30.1294429239651,"21dcaea9db8c89ddc8c29fa3c3a5e514b50bef6e26587c168c00c05f35fbebc3","e289a150c45930c2f4f164fb43432d5c034d8caec7bda7ce664caca9e4ad20c5","2a1d8aca95b935951cb371014dc53250bca5ead96b6750c991b6e3b51a154b04","278bee47cd45eccaf00a839b10f2e01146092ada4f32ea3a0afa4a9b2b55b53f","MFCL quarterly dependent-variable gradients; log-scale delta method"
2002,1,2002,"recruitment",32.267981121967,0.177589110954242,28.6253705552061,36.3741179762038,25.6998675674052,40.5147070488483,22.7828299643164,45.7020750854232,"21dcaea9db8c89ddc8c29fa3c3a5e514b50bef6e26587c168c00c05f35fbebc3","e289a150c45930c2f4f164fb43432d5c034d8caec7bda7ce664caca9e4ad20c5","2a1d8aca95b935951cb371014dc53250bca5ead96b6750c991b6e3b51a154b04","278bee47cd45eccaf00a839b10f2e01146092ada4f32ea3a0afa4a9b2b55b53f","MFCL quarterly dependent-variable gradients; log-scale delta method"
2002,2,2002.25,"recruitment",20.1986029684086,0.241588656408874,17.1614290664728,23.7732860296849,14.8204075753028,27.5284981065759,12.5800015741181,32.4311216872011,"21dcaea9db8c89ddc8c29fa3c3a5e514b50bef6e26587c168c00c05f35fbebc3","e289a150c45930c2f4f164fb43432d5c034d8caec7bda7ce664caca9e4ad20c5","2a1d8aca95b935951cb371014dc53250bca5ead96b6750c991b6e3b51a154b04","278bee47cd45eccaf00a839b10f2e01146092ada4f32ea3a0afa4a9b2b55b53f","MFCL quarterly dependent-variable gradients; log-scale delta method"
2002,3,2002.5,"recruitment",31.7582788342988,0.162297226228366,28.465295014394,35.432208730212,25.794497079339,39.1009086711342,23.1051774358789,43.6520462704124,"21dcaea9db8c89ddc8c29fa3c3a5e514b50bef6e26587c168c00c05f35fbebc3","e289a150c45930c2f4f164fb43432d5c034d8caec7bda7ce664caca9e4ad20c5","2a1d8aca95b935951cb371014dc53250bca5ead96b6750c991b6e3b51a154b04","278bee47cd45eccaf00a839b10f2e01146092ada4f32ea3a0afa4a9b2b55b53f","MFCL quarterly dependent-variable gradients; log-scale delta method"
2002,4,2002.75,"recruitment",12.5644505576331,0.279499427780696,10.4056813725741,15.1710793520247,8.78177466252347,17.9764824174893,7.26495882837188,21.7297057759906,"21dcaea9db8c89ddc8c29fa3c3a5e514b50bef6e26587c168c00c05f35fbebc3","e289a150c45930c2f4f164fb43432d5c034d8caec7bda7ce664caca9e4ad20c5","2a1d8aca95b935951cb371014dc53250bca5ead96b6750c991b6e3b51a154b04","278bee47cd45eccaf00a839b10f2e01146092ada4f32ea3a0afa4a9b2b55b53f","MFCL quarterly dependent-variable gradients; log-scale delta method"
2003,1,2003,"recruitment",11.2278965180201,0.345657411270475,8.89295207252378,14.1759068519967,7.2096733524597,17.4856271645592,5.70261798469007,22.1066290180788,"21dcaea9db8c89ddc8c29fa3c3a5e514b50bef6e26587c168c00c05f35fbebc3","e289a150c45930c2f4f164fb43432d5c034d8caec7bda7ce664caca9e4ad20c5","2a1d8aca95b935951cb371014dc53250bca5ead96b6750c991b6e3b51a154b04","278bee47cd45eccaf00a839b10f2e01146092ada4f32ea3a0afa4a9b2b55b53f","MFCL quarterly dependent-variable gradients; log-scale delta method"
2003,2,2003.25,"recruitment",10.5103074971118,0.323846032249579,8.44796524227765,13.0761148413605,6.94020319154608,15.9169062684512,5.57130814750502,19.8277605113826,"21dcaea9db8c89ddc8c29fa3c3a5e514b50bef6e26587c168c00c05f35fbebc3","e289a150c45930c2f4f164fb43432d5c034d8caec7bda7ce664caca9e4ad20c5","2a1d8aca95b935951cb371014dc53250bca5ead96b6750c991b6e3b51a154b04","278bee47cd45eccaf00a839b10f2e01146092ada4f32ea3a0afa4a9b2b55b53f","MFCL quarterly dependent-variable gradients; log-scale delta method"
2003,3,2003.5,"recruitment",12.4065609559863,0.405035261182645,9.44073002099621,16.3041157211654,7.38279186796353,20.8488546754957,5.60899140209818,27.4421448920432,"21dcaea9db8c89ddc8c29fa3c3a5e514b50bef6e26587c168c00c05f35fbebc3","e289a150c45930c2f4f164fb43432d5c034d8caec7bda7ce664caca9e4ad20c5","2a1d8aca95b935951cb371014dc53250bca5ead96b6750c991b6e3b51a154b04","278bee47cd45eccaf00a839b10f2e01146092ada4f32ea3a0afa4a9b2b55b53f","MFCL quarterly dependent-variable gradients; log-scale delta method"
2003,4,2003.75,"recruitment",32.1943007658557,0.214963321947655,27.8490508419613,37.2175341875811,24.4419974639772,42.4054131962799,21.1252513843059,49.0632268912257,"21dcaea9db8c89ddc8c29fa3c3a5e514b50bef6e26587c168c00c05f35fbebc3","e289a150c45930c2f4f164fb43432d5c034d8caec7bda7ce664caca9e4ad20c5","2a1d8aca95b935951cb371014dc53250bca5ead96b6750c991b6e3b51a154b04","278bee47cd45eccaf00a839b10f2e01146092ada4f32ea3a0afa4a9b2b55b53f","MFCL quarterly dependent-variable gradients; log-scale delta method"
2004,1,2004,"recruitment",26.2624048213167,0.284165454030735,21.681768712685,31.8107768853379,18.246362763748,37.8000764277826,15.0470865311562,45.8370399858214,"21dcaea9db8c89ddc8c29fa3c3a5e514b50bef6e26587c168c00c05f35fbebc3","e289a150c45930c2f4f164fb43432d5c034d8caec7bda7ce664caca9e4ad20c5","2a1d8aca95b935951cb371014dc53250bca5ead96b6750c991b6e3b51a154b04","278bee47cd45eccaf00a839b10f2e01146092ada4f32ea3a0afa4a9b2b55b53f","MFCL quarterly dependent-variable gradients; log-scale delta method"
2004,2,2004.25,"recruitment",39.649900635435,0.178341602116355,35.1561251089059,44.7180858393753,31.5487662189257,49.8312551904733,27.9535813327166,56.2401862461852,"21dcaea9db8c89ddc8c29fa3c3a5e514b50bef6e26587c168c00c05f35fbebc3","e289a150c45930c2f4f164fb43432d5c034d8caec7bda7ce664caca9e4ad20c5","2a1d8aca95b935951cb371014dc53250bca5ead96b6750c991b6e3b51a154b04","278bee47cd45eccaf00a839b10f2e01146092ada4f32ea3a0afa4a9b2b55b53f","MFCL quarterly dependent-variable gradients; log-scale delta method"
2004,3,2004.5,"recruitment",17.8516410939447,0.342128979750097,14.1729178785378,22.4852138760783,11.5148730955674,27.6756058970109,9.12971943074879,34.9059017820091,"21dcaea9db8c89ddc8c29fa3c3a5e514b50bef6e26587c168c00c05f35fbebc3","e289a150c45930c2f4f164fb43432d5c034d8caec7bda7ce664caca9e4ad20c5","2a1d8aca95b935951cb371014dc53250bca5ead96b6750c991b6e3b51a154b04","278bee47cd45eccaf00a839b10f2e01146092ada4f32ea3a0afa4a9b2b55b53f","MFCL quarterly dependent-variable gradients; log-scale delta method"
2004,4,2004.75,"recruitment",27.8626321611712,0.226761717572892,23.9109852635474,32.4673476392564,20.8359447428275,37.258990678403,17.8649669684502,43.4552312534209,"21dcaea9db8c89ddc8c29fa3c3a5e514b50bef6e26587c168c00c05f35fbebc3","e289a150c45930c2f4f164fb43432d5c034d8caec7bda7ce664caca9e4ad20c5","2a1d8aca95b935951cb371014dc53250bca5ead96b6750c991b6e3b51a154b04","278bee47cd45eccaf00a839b10f2e01146092ada4f32ea3a0afa4a9b2b55b53f","MFCL quarterly dependent-variable gradients; log-scale delta method"
2005,1,2005,"recruitment",13.2068738734096,0.289416277680457,10.8648100324809,16.0538027804175,9.11421751220249,19.1373002975437,7.48942451832153,23.2890413784743,"21dcaea9db8c89ddc8c29fa3c3a5e514b50bef6e26587c168c00c05f35fbebc3","e289a150c45930c2f4f164fb43432d5c034d8caec7bda7ce664caca9e4ad20c5","2a1d8aca95b935951cb371014dc53250bca5ead96b6750c991b6e3b51a154b04","278bee47cd45eccaf00a839b10f2e01146092ada4f32ea3a0afa4a9b2b55b53f","MFCL quarterly dependent-variable gradients; log-scale delta method"
2005,2,2005.25,"recruitment",12.6806783097201,0.227633144720683,10.8758335152348,14.7850371347961,9.47214919377027,16.9760419842587,8.11672442373375,19.8108983378097,"21dcaea9db8c89ddc8c29fa3c3a5e514b50bef6e26587c168c00c05f35fbebc3","e289a150c45930c2f4f164fb43432d5c034d8caec7bda7ce664caca9e4ad20c5","2a1d8aca95b935951cb371014dc53250bca5ead96b6750c991b6e3b51a154b04","278bee47cd45eccaf00a839b10f2e01146092ada4f32ea3a0afa4a9b2b55b53f","MFCL quarterly dependent-variable gradients; log-scale delta method"
2005,3,2005.5,"recruitment",24.6958062565866,0.153155356978146,22.2720320586592,27.3833498917645,20.2946428971516,30.0514204538411,18.2918290167568,33.3418186942465,"21dcaea9db8c89ddc8c29fa3c3a5e514b50bef6e26587c168c00c05f35fbebc3","e289a150c45930c2f4f164fb43432d5c034d8caec7bda7ce664caca9e4ad20c5","2a1d8aca95b935951cb371014dc53250bca5ead96b6750c991b6e3b51a154b04","278bee47cd45eccaf00a839b10f2e01146092ada4f32ea3a0afa4a9b2b55b53f","MFCL quarterly dependent-variable gradients; log-scale delta method"
2005,4,2005.75,"recruitment",18.0965523465203,0.184145142006812,15.9828685214613,20.4897641740977,14.2924288643103,22.9131948068054,12.6139531710269,25.9621391002587,"21dcaea9db8c89ddc8c29fa3c3a5e514b50bef6e26587c168c00c05f35fbebc3","e289a150c45930c2f4f164fb43432d5c034d8caec7bda7ce664caca9e4ad20c5","2a1d8aca95b935951cb371014dc53250bca5ead96b6750c991b6e3b51a154b04","278bee47cd45eccaf00a839b10f2e01146092ada4f32ea3a0afa4a9b2b55b53f","MFCL quarterly dependent-variable gradients; log-scale delta method"
2006,1,2006,"recruitment",28.1618561077722,0.160203923489728,25.2774460507264,31.3754062749577,22.9348790189267,34.5800882045368,20.5728968332832,38.5502414104265,"21dcaea9db8c89ddc8c29fa3c3a5e514b50bef6e26587c168c00c05f35fbebc3","e289a150c45930c2f4f164fb43432d5c034d8caec7bda7ce664caca9e4ad20c5","2a1d8aca95b935951cb371014dc53250bca5ead96b6750c991b6e3b51a154b04","278bee47cd45eccaf00a839b10f2e01146092ada4f32ea3a0afa4a9b2b55b53f","MFCL quarterly dependent-variable gradients; log-scale delta method"
2006,2,2006.25,"recruitment",22.690978941323,0.176705881039205,20.1414752926172,25.5631982183694,18.0927217392547,28.4578811709936,16.0487389972906,32.082304123862,"21dcaea9db8c89ddc8c29fa3c3a5e514b50bef6e26587c168c00c05f35fbebc3","e289a150c45930c2f4f164fb43432d5c034d8caec7bda7ce664caca9e4ad20c5","2a1d8aca95b935951cb371014dc53250bca5ead96b6750c991b6e3b51a154b04","278bee47cd45eccaf00a839b10f2e01146092ada4f32ea3a0afa4a9b2b55b53f","MFCL quarterly dependent-variable gradients; log-scale delta method"
2006,3,2006.5,"recruitment",11.9843117709416,0.229562318229406,10.2652151657688,13.9913023062652,8.92987586341808,16.0835078583225,7.64203986898244,18.7938994150069,"21dcaea9db8c89ddc8c29fa3c3a5e514b50bef6e26587c168c00c05f35fbebc3","e289a150c45930c2f4f164fb43432d5c034d8caec7bda7ce664caca9e4ad20c5","2a1d8aca95b935951cb371014dc53250bca5ead96b6750c991b6e3b51a154b04","278bee47cd45eccaf00a839b10f2e01146092ada4f32ea3a0afa4a9b2b55b53f","MFCL quarterly dependent-variable gradients; log-scale delta method"
2006,4,2006.75,"recruitment",16.4083843006271,0.170492553251412,14.625944355988,18.4080472893935,13.1878696806946,20.4153575881321,11.7474145494169,22.9186664201298,"21dcaea9db8c89ddc8c29fa3c3a5e514b50bef6e26587c168c00c05f35fbebc3","e289a150c45930c2f4f164fb43432d5c034d8caec7bda7ce664caca9e4ad20c5","2a1d8aca95b935951cb371014dc53250bca5ead96b6750c991b6e3b51a154b04","278bee47cd45eccaf00a839b10f2e01146092ada4f32ea3a0afa4a9b2b55b53f","MFCL quarterly dependent-variable gradients; log-scale delta method"
2007,1,2007,"recruitment",11.9540776012407,0.216199202255285,10.3320250125663,13.8307806187734,9.06120411651068,15.7705277862687,7.82504738601834,18.2618665737175,"21dcaea9db8c89ddc8c29fa3c3a5e514b50bef6e26587c168c00c05f35fbebc3","e289a150c45930c2f4f164fb43432d5c034d8caec7bda7ce664caca9e4ad20c5","2a1d8aca95b935951cb371014dc53250bca5ead96b6750c991b6e3b51a154b04","278bee47cd45eccaf00a839b10f2e01146092ada4f32ea3a0afa4a9b2b55b53f","MFCL quarterly dependent-variable gradients; log-scale delta method"
2007,2,2007.25,"recruitment",11.3683984694902,0.432749702496493,8.49053661024228,15.2217097333051,6.52895162752261,19.7949825843859,4.86790476190413,26.5495095081841,"21dcaea9db8c89ddc8c29fa3c3a5e514b50bef6e26587c168c00c05f35fbebc3","e289a150c45930c2f4f164fb43432d5c034d8caec7bda7ce664caca9e4ad20c5","2a1d8aca95b935951cb371014dc53250bca5ead96b6750c991b6e3b51a154b04","278bee47cd45eccaf00a839b10f2e01146092ada4f32ea3a0afa4a9b2b55b53f","MFCL quarterly dependent-variable gradients; log-scale delta method"
2007,3,2007.5,"recruitment",36.5613781716191,0.175266958037452,32.4849425327515,41.149353195267,29.206135222817,45.7689579127824,25.9319426719233,51.547791490972,"21dcaea9db8c89ddc8c29fa3c3a5e514b50bef6e26587c168c00c05f35fbebc3","e289a150c45930c2f4f164fb43432d5c034d8caec7bda7ce664caca9e4ad20c5","2a1d8aca95b935951cb371014dc53250bca5ead96b6750c991b6e3b51a154b04","278bee47cd45eccaf00a839b10f2e01146092ada4f32ea3a0afa4a9b2b55b53f","MFCL quarterly dependent-variable gradients; log-scale delta method"
2007,4,2007.75,"recruitment",26.3369380402668,0.227608021362809,22.5887764251002,30.7070330983533,19.6736667023852,35.2569917865264,16.8587349573364,41.1439118707425,"21dcaea9db8c89ddc8c29fa3c3a5e514b50bef6e26587c168c00c05f35fbebc3","e289a150c45930c2f4f164fb43432d5c034d8caec7bda7ce664caca9e4ad20c5","2a1d8aca95b935951cb371014dc53250bca5ead96b6750c991b6e3b51a154b04","278bee47cd45eccaf00a839b10f2e01146092ada4f32ea3a0afa4a9b2b55b53f","MFCL quarterly dependent-variable gradients; log-scale delta method"
2008,1,2008,"recruitment",13.3113551551408,0.245990089189078,11.2762601964315,15.7137360241447,9.7120604458295,18.2445503767826,8.21930558403208,21.5580469973682,"21dcaea9db8c89ddc8c29fa3c3a5e514b50bef6e26587c168c00c05f35fbebc3","e289a150c45930c2f4f164fb43432d5c034d8caec7bda7ce664caca9e4ad20c5","2a1d8aca95b935951cb371014dc53250bca5ead96b6750c991b6e3b51a154b04","278bee47cd45eccaf00a839b10f2e01146092ada4f32ea3a0afa4a9b2b55b53f","MFCL quarterly dependent-variable gradients; log-scale delta method"
2008,2,2008.25,"recruitment",20.8333369575311,0.244701630290444,17.6635942705968,24.5718918888736,15.2252720891634,28.5070720736053,12.8963981565275,33.6549727697692,"21dcaea9db8c89ddc8c29fa3c3a5e514b50bef6e26587c168c00c05f35fbebc3","e289a150c45930c2f4f164fb43432d5c034d8caec7bda7ce664caca9e4ad20c5","2a1d8aca95b935951cb371014dc53250bca5ead96b6750c991b6e3b51a154b04","278bee47cd45eccaf00a839b10f2e01146092ada4f32ea3a0afa4a9b2b55b53f","MFCL quarterly dependent-variable gradients; log-scale delta method"
2008,3,2008.5,"recruitment",19.7622478222304,0.252434672408394,16.6683021826108,23.4304870831228,14.3000837288493,27.3107798802151,12.0493483021632,32.4122458072802,"21dcaea9db8c89ddc8c29fa3c3a5e514b50bef6e26587c168c00c05f35fbebc3","e289a150c45930c2f4f164fb43432d5c034d8caec7bda7ce664caca9e4ad20c5","2a1d8aca95b935951cb371014dc53250bca5ead96b6750c991b6e3b51a154b04","278bee47cd45eccaf00a839b10f2e01146092ada4f32ea3a0afa4a9b2b55b53f","MFCL quarterly dependent-variable gradients; log-scale delta method"
2008,4,2008.75,"recruitment",29.0698757976712,0.162132127526065,26.0585514207663,32.4291886086421,23.6159365146463,35.783365117362,21.1561218196463,39.943884143609,"21dcaea9db8c89ddc8c29fa3c3a5e514b50bef6e26587c168c00c05f35fbebc3","e289a150c45930c2f4f164fb43432d5c034d8caec7bda7ce664caca9e4ad20c5","2a1d8aca95b935951cb371014dc53250bca5ead96b6750c991b6e3b51a154b04","278bee47cd45eccaf00a839b10f2e01146092ada4f32ea3a0afa4a9b2b55b53f","MFCL quarterly dependent-variable gradients; log-scale delta method"
2009,1,2009,"recruitment",17.4046679292101,0.177839973394447,15.4373083973893,19.6227514491648,13.8575103017226,21.8598044764521,12.2825370208666,24.6628579430656,"21dcaea9db8c89ddc8c29fa3c3a5e514b50bef6e26587c168c00c05f35fbebc3","e289a150c45930c2f4f164fb43432d5c034d8caec7bda7ce664caca9e4ad20c5","2a1d8aca95b935951cb371014dc53250bca5ead96b6750c991b6e3b51a154b04","278bee47cd45eccaf00a839b10f2e01146092ada4f32ea3a0afa4a9b2b55b53f","MFCL quarterly dependent-variable gradients; log-scale delta method"
2009,2,2009.25,"recruitment",27.5444879738127,0.123212042388224,25.347932850268,29.9313881814822,23.5211462325283,32.2560308175067,21.6349762624444,35.0681603962062,"21dcaea9db8c89ddc8c29fa3c3a5e514b50bef6e26587c168c00c05f35fbebc3","e289a150c45930c2f4f164fb43432d5c034d8caec7bda7ce664caca9e4ad20c5","2a1d8aca95b935951cb371014dc53250bca5ead96b6750c991b6e3b51a154b04","278bee47cd45eccaf00a839b10f2e01146092ada4f32ea3a0afa4a9b2b55b53f","MFCL quarterly dependent-variable gradients; log-scale delta method"
2009,3,2009.5,"recruitment",26.5057699177129,0.122111032543996,24.4101688639374,28.7812772966378,22.6661099937851,30.9958717717055,20.8640840902317,33.6729777301685,"21dcaea9db8c89ddc8c29fa3c3a5e514b50bef6e26587c168c00c05f35fbebc3","e289a150c45930c2f4f164fb43432d5c034d8caec7bda7ce664caca9e4ad20c5","2a1d8aca95b935951cb371014dc53250bca5ead96b6750c991b6e3b51a154b04","278bee47cd45eccaf00a839b10f2e01146092ada4f32ea3a0afa4a9b2b55b53f","MFCL quarterly dependent-variable gradients; log-scale delta method"
2009,4,2009.75,"recruitment",19.4728744251869,0.138165257772433,17.7401670220629,21.3748178304921,16.3129054448965,23.2449602347035,14.8533215388429,25.5291610962216,"21dcaea9db8c89ddc8c29fa3c3a5e514b50bef6e26587c168c00c05f35fbebc3","e289a150c45930c2f4f164fb43432d5c034d8caec7bda7ce664caca9e4ad20c5","2a1d8aca95b935951cb371014dc53250bca5ead96b6750c991b6e3b51a154b04","278bee47cd45eccaf00a839b10f2e01146092ada4f32ea3a0afa4a9b2b55b53f","MFCL quarterly dependent-variable gradients; log-scale delta method"
2010,1,2010,"recruitment",12.9232425991999,0.160118858628374,11.600276256889,14.3970881019832,10.5257734950823,15.8667863559674,9.44230615005189,17.6874374357007,"21dcaea9db8c89ddc8c29fa3c3a5e514b50bef6e26587c168c00c05f35fbebc3","e289a150c45930c2f4f164fb43432d5c034d8caec7bda7ce664caca9e4ad20c5","2a1d8aca95b935951cb371014dc53250bca5ead96b6750c991b6e3b51a154b04","278bee47cd45eccaf00a839b10f2e01146092ada4f32ea3a0afa4a9b2b55b53f","MFCL quarterly dependent-variable gradients; log-scale delta method"
2010,2,2010.25,"recruitment",13.2177211690653,0.151123030427198,11.9368172086993,14.6360750817087,10.890452476453,16.0423226932862,9.82925109070677,17.7743096896097,"21dcaea9db8c89ddc8c29fa3c3a5e514b50bef6e26587c168c00c05f35fbebc3","e289a150c45930c2f4f164fb43432d5c034d8caec7bda7ce664caca9e4ad20c5","2a1d8aca95b935951cb371014dc53250bca5ead96b6750c991b6e3b51a154b04","278bee47cd45eccaf00a839b10f2e01146092ada4f32ea3a0afa4a9b2b55b53f","MFCL quarterly dependent-variable gradients; log-scale delta method"
2010,3,2010.5,"recruitment",19.9233904708989,0.134384464325833,18.196940913186,21.8136383334778,16.7713793147443,23.667790251869,15.3099926849724,25.9269547689283,"21dcaea9db8c89ddc8c29fa3c3a5e514b50bef6e26587c168c00c05f35fbebc3","e289a150c45930c2f4f164fb43432d5c034d8caec7bda7ce664caca9e4ad20c5","2a1d8aca95b935951cb371014dc53250bca5ead96b6750c991b6e3b51a154b04","278bee47cd45eccaf00a839b10f2e01146092ada4f32ea3a0afa4a9b2b55b53f","MFCL quarterly dependent-variable gradients; log-scale delta method"
2010,4,2010.75,"recruitment",20.6281044985569,0.116966480054554,19.0632376520975,22.3214284461572,17.7565749385343,23.9640075113781,16.4020176340647,25.9430702183639,"21dcaea9db8c89ddc8c29fa3c3a5e514b50bef6e26587c168c00c05f35fbebc3","e289a150c45930c2f4f164fb43432d5c034d8caec7bda7ce664caca9e4ad20c5","2a1d8aca95b935951cb371014dc53250bca5ead96b6750c991b6e3b51a154b04","278bee47cd45eccaf00a839b10f2e01146092ada4f32ea3a0afa4a9b2b55b53f","MFCL quarterly dependent-variable gradients; log-scale delta method"
2011,1,2011,"recruitment",12.8856133139422,0.129455477826552,11.8082099631839,14.0613209787196,10.9157595113,15.2109461833195,9.99798295245353,16.6072528094976,"21dcaea9db8c89ddc8c29fa3c3a5e514b50bef6e26587c168c00c05f35fbebc3","e289a150c45930c2f4f164fb43432d5c034d8caec7bda7ce664caca9e4ad20c5","2a1d8aca95b935951cb371014dc53250bca5ead96b6750c991b6e3b51a154b04","278bee47cd45eccaf00a839b10f2e01146092ada4f32ea3a0afa4a9b2b55b53f","MFCL quarterly dependent-variable gradients; log-scale delta method"
2011,2,2011.25,"recruitment",12.8129764434273,0.134665658525897,11.700456236974,14.0312789531259,10.7819933097419,15.2265319244345,9.84061886007529,16.6831342290771,"21dcaea9db8c89ddc8c29fa3c3a5e514b50bef6e26587c168c00c05f35fbebc3","e289a150c45930c2f4f164fb43432d5c034d8caec7bda7ce664caca9e4ad20c5","2a1d8aca95b935951cb371014dc53250bca5ead96b6750c991b6e3b51a154b04","278bee47cd45eccaf00a839b10f2e01146092ada4f32ea3a0afa4a9b2b55b53f","MFCL quarterly dependent-variable gradients; log-scale delta method"
2011,3,2011.5,"recruitment",19.014473304259,0.111997412635203,17.631010911233,20.5064926145573,16.4721319875458,21.9492045906224,15.2669375677808,23.6819069596112,"21dcaea9db8c89ddc8c29fa3c3a5e514b50bef6e26587c168c00c05f35fbebc3","e289a150c45930c2f4f164fb43432d5c034d8caec7bda7ce664caca9e4ad20c5","2a1d8aca95b935951cb371014dc53250bca5ead96b6750c991b6e3b51a154b04","278bee47cd45eccaf00a839b10f2e01146092ada4f32ea3a0afa4a9b2b55b53f","MFCL quarterly dependent-variable gradients; log-scale delta method"
2011,4,2011.75,"recruitment",27.7994279191143,0.0910621445489115,26.1433526885612,29.5604087905745,24.7373589273511,31.2405295528769,23.255389656808,33.231358581162,"21dcaea9db8c89ddc8c29fa3c3a5e514b50bef6e26587c168c00c05f35fbebc3","e289a150c45930c2f4f164fb43432d5c034d8caec7bda7ce664caca9e4ad20c5","2a1d8aca95b935951cb371014dc53250bca5ead96b6750c991b6e3b51a154b04","278bee47cd45eccaf00a839b10f2e01146092ada4f32ea3a0afa4a9b2b55b53f","MFCL quarterly dependent-variable gradients; log-scale delta method"
2012,1,2012,"recruitment",25.7756550060429,0.0980358576415055,24.1263899700654,27.537662775694,22.7324276329704,29.2262842190662,21.2697035546895,31.236184805409,"21dcaea9db8c89ddc8c29fa3c3a5e514b50bef6e26587c168c00c05f35fbebc3","e289a150c45930c2f4f164fb43432d5c034d8caec7bda7ce664caca9e4ad20c5","2a1d8aca95b935951cb371014dc53250bca5ead96b6750c991b6e3b51a154b04","278bee47cd45eccaf00a839b10f2e01146092ada4f32ea3a0afa4a9b2b55b53f","MFCL quarterly dependent-variable gradients; log-scale delta method"
2012,2,2012.25,"recruitment",33.6361184011172,0.0811159419383039,31.8452607096339,35.5276871937088,30.3151073192422,37.3209452692862,28.6919362751508,39.4322798658185,"21dcaea9db8c89ddc8c29fa3c3a5e514b50bef6e26587c168c00c05f35fbebc3","e289a150c45930c2f4f164fb43432d5c034d8caec7bda7ce664caca9e4ad20c5","2a1d8aca95b935951cb371014dc53250bca5ead96b6750c991b6e3b51a154b04","278bee47cd45eccaf00a839b10f2e01146092ada4f32ea3a0afa4a9b2b55b53f","MFCL quarterly dependent-variable gradients; log-scale delta method"
2012,3,2012.5,"recruitment",26.2366802716799,0.0949326797669823,24.6093714236228,27.9715958538295,23.2312258998111,29.6309542443887,21.782214947646,31.6020842385797,"21dcaea9db8c89ddc8c29fa3c3a5e514b50bef6e26587c168c00c05f35fbebc3","e289a150c45930c2f4f164fb43432d5c034d8caec7bda7ce664caca9e4ad20c5","2a1d8aca95b935951cb371014dc53250bca5ead96b6750c991b6e3b51a154b04","278bee47cd45eccaf00a839b10f2e01146092ada4f32ea3a0afa4a9b2b55b53f","MFCL quarterly dependent-variable gradients; log-scale delta method"
2012,4,2012.75,"recruitment",22.0592594187521,0.103423119810612,20.5728986020651,23.6530075569885,19.3209573711525,25.1856529030154,18.0117955577344,27.016236362668,"21dcaea9db8c89ddc8c29fa3c3a5e514b50bef6e26587c168c00c05f35fbebc3","e289a150c45930c2f4f164fb43432d5c034d8caec7bda7ce664caca9e4ad20c5","2a1d8aca95b935951cb371014dc53250bca5ead96b6750c991b6e3b51a154b04","278bee47cd45eccaf00a839b10f2e01146092ada4f32ea3a0afa4a9b2b55b53f","MFCL quarterly dependent-variable gradients; log-scale delta method"
2013,1,2013,"recruitment",21.1326331819735,0.101905631987917,19.7288915551104,22.6362532307684,18.545387759275,24.0808221969097,17.3065851488224,25.8045236170832,"21dcaea9db8c89ddc8c29fa3c3a5e514b50bef6e26587c168c00c05f35fbebc3","e289a150c45930c2f4f164fb43432d5c034d8caec7bda7ce664caca9e4ad20c5","2a1d8aca95b935951cb371014dc53250bca5ead96b6750c991b6e3b51a154b04","278bee47cd45eccaf00a839b10f2e01146092ada4f32ea3a0afa4a9b2b55b53f","MFCL quarterly dependent-variable gradients; log-scale delta method"
2013,2,2013.25,"recruitment",26.6745103808115,0.0915748098735976,25.0767763145263,28.3740419873607,23.7207596913776,29.9960672977376,22.2919385429374,31.9186912652535,"21dcaea9db8c89ddc8c29fa3c3a5e514b50bef6e26587c168c00c05f35fbebc3","e289a150c45930c2f4f164fb43432d5c034d8caec7bda7ce664caca9e4ad20c5","2a1d8aca95b935951cb371014dc53250bca5ead96b6750c991b6e3b51a154b04","278bee47cd45eccaf00a839b10f2e01146092ada4f32ea3a0afa4a9b2b55b53f","MFCL quarterly dependent-variable gradients; log-scale delta method"
2013,3,2013.5,"recruitment",29.6794664692962,0.0869022639240188,27.9898167283156,31.4711146004379,26.5514858317874,33.1759486261028,25.0313774169218,35.1906615137602,"21dcaea9db8c89ddc8c29fa3c3a5e514b50bef6e26587c168c00c05f35fbebc3","e289a150c45930c2f4f164fb43432d5c034d8caec7bda7ce664caca9e4ad20c5","2a1d8aca95b935951cb371014dc53250bca5ead96b6750c991b6e3b51a154b04","278bee47cd45eccaf00a839b10f2e01146092ada4f32ea3a0afa4a9b2b55b53f","MFCL quarterly dependent-variable gradients; log-scale delta method"
2013,4,2013.75,"recruitment",24.5822697703201,0.0938435041369651,23.0745195831306,26.1885403457144,21.7967342252723,27.7237856284063,20.4523042569828,29.5462056239692,"21dcaea9db8c89ddc8c29fa3c3a5e514b50bef6e26587c168c00c05f35fbebc3","e289a150c45930c2f4f164fb43432d5c034d8caec7bda7ce664caca9e4ad20c5","2a1d8aca95b935951cb371014dc53250bca5ead96b6750c991b6e3b51a154b04","278bee47cd45eccaf00a839b10f2e01146092ada4f32ea3a0afa4a9b2b55b53f","MFCL quarterly dependent-variable gradients; log-scale delta method"
2014,1,2014,"recruitment",12.4302055505575,0.128534181622523,11.3979607062456,13.5559346106926,10.5424109553934,14.6560412682513,9.66206192531915,15.9914116907304,"21dcaea9db8c89ddc8c29fa3c3a5e514b50bef6e26587c168c00c05f35fbebc3","e289a150c45930c2f4f164fb43432d5c034d8caec7bda7ce664caca9e4ad20c5","2a1d8aca95b935951cb371014dc53250bca5ead96b6750c991b6e3b51a154b04","278bee47cd45eccaf00a839b10f2e01146092ada4f32ea3a0afa4a9b2b55b53f","MFCL quarterly dependent-variable gradients; log-scale delta method"
2014,2,2014.25,"recruitment",13.4871778070501,0.129872972443506,12.3559960243186,14.7219183982391,11.4192500349805,15.9295894775716,10.4561789785502,17.3967914638936,"21dcaea9db8c89ddc8c29fa3c3a5e514b50bef6e26587c168c00c05f35fbebc3","e289a150c45930c2f4f164fb43432d5c034d8caec7bda7ce664caca9e4ad20c5","2a1d8aca95b935951cb371014dc53250bca5ead96b6750c991b6e3b51a154b04","278bee47cd45eccaf00a839b10f2e01146092ada4f32ea3a0afa4a9b2b55b53f","MFCL quarterly dependent-variable gradients; log-scale delta method"
2014,3,2014.5,"recruitment",16.1529459053752,0.114608043624574,14.9513334721555,17.4511298211557,13.9464685307945,18.70851110773,12.9031930525594,20.2211700901602,"21dcaea9db8c89ddc8c29fa3c3a5e514b50bef6e26587c168c00c05f35fbebc3","e289a150c45930c2f4f164fb43432d5c034d8caec7bda7ce664caca9e4ad20c5","2a1d8aca95b935951cb371014dc53250bca5ead96b6750c991b6e3b51a154b04","278bee47cd45eccaf00a839b10f2e01146092ada4f32ea3a0afa4a9b2b55b53f","MFCL quarterly dependent-variable gradients; log-scale delta method"
2014,4,2014.75,"recruitment",19.0317272550298,0.119964532228582,17.5524333840221,20.6356938884359,16.3195978542451,22.1945813582425,15.0440306723014,24.07643604295,"21dcaea9db8c89ddc8c29fa3c3a5e514b50bef6e26587c168c00c05f35fbebc3","e289a150c45930c2f4f164fb43432d5c034d8caec7bda7ce664caca9e4ad20c5","2a1d8aca95b935951cb371014dc53250bca5ead96b6750c991b6e3b51a154b04","278bee47cd45eccaf00a839b10f2e01146092ada4f32ea3a0afa4a9b2b55b53f","MFCL quarterly dependent-variable gradients; log-scale delta method"
2015,1,2015,"recruitment",16.2944155046974,0.136145888807181,14.8647618505437,17.8615694828647,13.6856038310992,19.4005306537065,12.4781785569887,21.2777830856587,"21dcaea9db8c89ddc8c29fa3c3a5e514b50bef6e26587c168c00c05f35fbebc3","e289a150c45930c2f4f164fb43432d5c034d8caec7bda7ce664caca9e4ad20c5","2a1d8aca95b935951cb371014dc53250bca5ead96b6750c991b6e3b51a154b04","278bee47cd45eccaf00a839b10f2e01146092ada4f32ea3a0afa4a9b2b55b53f","MFCL quarterly dependent-variable gradients; log-scale delta method"
2015,2,2015.25,"recruitment",20.4170521630855,0.11689781174032,18.8690698605442,22.0920279648662,17.5764487791661,23.7167373379922,16.2363887298312,25.674183216879,"21dcaea9db8c89ddc8c29fa3c3a5e514b50bef6e26587c168c00c05f35fbebc3","e289a150c45930c2f4f164fb43432d5c034d8caec7bda7ce664caca9e4ad20c5","2a1d8aca95b935951cb371014dc53250bca5ead96b6750c991b6e3b51a154b04","278bee47cd45eccaf00a839b10f2e01146092ada4f32ea3a0afa4a9b2b55b53f","MFCL quarterly dependent-variable gradients; log-scale delta method"
2015,3,2015.5,"recruitment",18.1329992631445,0.15516463306502,16.3311852818937,20.1336067530715,14.8631049397992,22.1222728096838,13.3780639852233,24.5779705225195,"21dcaea9db8c89ddc8c29fa3c3a5e514b50bef6e26587c168c00c05f35fbebc3","e289a150c45930c2f4f164fb43432d5c034d8caec7bda7ce664caca9e4ad20c5","2a1d8aca95b935951cb371014dc53250bca5ead96b6750c991b6e3b51a154b04","278bee47cd45eccaf00a839b10f2e01146092ada4f32ea3a0afa4a9b2b55b53f","MFCL quarterly dependent-variable gradients; log-scale delta method"
2015,4,2015.75,"recruitment",26.9965057789706,0.125104600226722,24.8119569355747,29.3733914727638,22.9973604375458,31.6910858641032,21.1260511649122,34.498227737158,"21dcaea9db8c89ddc8c29fa3c3a5e514b50bef6e26587c168c00c05f35fbebc3","e289a150c45930c2f4f164fb43432d5c034d8caec7bda7ce664caca9e4ad20c5","2a1d8aca95b935951cb371014dc53250bca5ead96b6750c991b6e3b51a154b04","278bee47cd45eccaf00a839b10f2e01146092ada4f32ea3a0afa4a9b2b55b53f","MFCL quarterly dependent-variable gradients; log-scale delta method"
2016,1,2016,"recruitment",15.7605887668678,0.178152498248705,13.9761234807891,17.7728937941736,12.5434777463413,19.8028141239198,11.1154936758661,22.3468399624604,"21dcaea9db8c89ddc8c29fa3c3a5e514b50bef6e26587c168c00c05f35fbebc3","e289a150c45930c2f4f164fb43432d5c034d8caec7bda7ce664caca9e4ad20c5","2a1d8aca95b935951cb371014dc53250bca5ead96b6750c991b6e3b51a154b04","278bee47cd45eccaf00a839b10f2e01146092ada4f32ea3a0afa4a9b2b55b53f","MFCL quarterly dependent-variable gradients; log-scale delta method"
2016,2,2016.25,"recruitment",18.0525227947712,0.137313748521094,16.4556474133512,19.8043608415748,15.1395540523934,21.5259695317256,13.7929203216389,23.627598192129,"21dcaea9db8c89ddc8c29fa3c3a5e514b50bef6e26587c168c00c05f35fbebc3","e289a150c45930c2f4f164fb43432d5c034d8caec7bda7ce664caca9e4ad20c5","2a1d8aca95b935951cb371014dc53250bca5ead96b6750c991b6e3b51a154b04","278bee47cd45eccaf00a839b10f2e01146092ada4f32ea3a0afa4a9b2b55b53f","MFCL quarterly dependent-variable gradients; log-scale delta method"
2016,3,2016.5,"recruitment",26.60644399862,0.106871995436498,24.7560369521624,28.5951609952606,23.2009092327519,30.511858615109,21.5782999987562,32.8062387812065,"21dcaea9db8c89ddc8c29fa3c3a5e514b50bef6e26587c168c00c05f35fbebc3","e289a150c45930c2f4f164fb43432d5c034d8caec7bda7ce664caca9e4ad20c5","2a1d8aca95b935951cb371014dc53250bca5ead96b6750c991b6e3b51a154b04","278bee47cd45eccaf00a839b10f2e01146092ada4f32ea3a0afa4a9b2b55b53f","MFCL quarterly dependent-variable gradients; log-scale delta method"
2016,4,2016.75,"recruitment",22.2093515691795,0.127197654278441,20.3833813261696,24.1988946402207,18.8686740456711,26.1414922919071,17.3087234612966,28.4974971277557,"21dcaea9db8c89ddc8c29fa3c3a5e514b50bef6e26587c168c00c05f35fbebc3","e289a150c45930c2f4f164fb43432d5c034d8caec7bda7ce664caca9e4ad20c5","2a1d8aca95b935951cb371014dc53250bca5ead96b6750c991b6e3b51a154b04","278bee47cd45eccaf00a839b10f2e01146092ada4f32ea3a0afa4a9b2b55b53f","MFCL quarterly dependent-variable gradients; log-scale delta method"
2017,1,2017,"recruitment",11.3412604400113,0.181628066153715,10.0336171801516,12.819323884771,8.98612489603852,14.3136435177825,7.94436580618661,16.1906175402951,"21dcaea9db8c89ddc8c29fa3c3a5e514b50bef6e26587c168c00c05f35fbebc3","e289a150c45930c2f4f164fb43432d5c034d8caec7bda7ce664caca9e4ad20c5","2a1d8aca95b935951cb371014dc53250bca5ead96b6750c991b6e3b51a154b04","278bee47cd45eccaf00a839b10f2e01146092ada4f32ea3a0afa4a9b2b55b53f","MFCL quarterly dependent-variable gradients; log-scale delta method"
2017,2,2017.25,"recruitment",23.5584706110672,0.111527093732301,21.8513250001932,25.3989878200799,20.4208761945613,27.178145161094,18.9328092273158,29.3142729570091,"21dcaea9db8c89ddc8c29fa3c3a5e514b50bef6e26587c168c00c05f35fbebc3","e289a150c45930c2f4f164fb43432d5c034d8caec7bda7ce664caca9e4ad20c5","2a1d8aca95b935951cb371014dc53250bca5ead96b6750c991b6e3b51a154b04","278bee47cd45eccaf00a839b10f2e01146092ada4f32ea3a0afa4a9b2b55b53f","MFCL quarterly dependent-variable gradients; log-scale delta method"
2017,3,2017.5,"recruitment",31.9411594190515,0.107586055772944,29.7054268147589,34.3451609497281,27.8273225569508,36.6631630817254,25.8686199055332,39.4391996464813,"21dcaea9db8c89ddc8c29fa3c3a5e514b50bef6e26587c168c00c05f35fbebc3","e289a150c45930c2f4f164fb43432d5c034d8caec7bda7ce664caca9e4ad20c5","2a1d8aca95b935951cb371014dc53250bca5ead96b6750c991b6e3b51a154b04","278bee47cd45eccaf00a839b10f2e01146092ada4f32ea3a0afa4a9b2b55b53f","MFCL quarterly dependent-variable gradients; log-scale delta method"
2017,4,2017.75,"recruitment",19.5004090453776,0.157093094466384,17.5398907795937,21.6800639020772,15.9444776571176,23.8493829095301,14.3326282601279,26.5314878775521,"21dcaea9db8c89ddc8c29fa3c3a5e514b50bef6e26587c168c00c05f35fbebc3","e289a150c45930c2f4f164fb43432d5c034d8caec7bda7ce664caca9e4ad20c5","2a1d8aca95b935951cb371014dc53250bca5ead96b6750c991b6e3b51a154b04","278bee47cd45eccaf00a839b10f2e01146092ada4f32ea3a0afa4a9b2b55b53f","MFCL quarterly dependent-variable gradients; log-scale delta method"
2018,1,2018,"recruitment",12.6188085379708,0.191405791112034,11.0904812769647,14.3577474179322,9.87387174690509,16.1268378807813,8.6714843810404,18.3629839968483,"21dcaea9db8c89ddc8c29fa3c3a5e514b50bef6e26587c168c00c05f35fbebc3","e289a150c45930c2f4f164fb43432d5c034d8caec7bda7ce664caca9e4ad20c5","2a1d8aca95b935951cb371014dc53250bca5ead96b6750c991b6e3b51a154b04","278bee47cd45eccaf00a839b10f2e01146092ada4f32ea3a0afa4a9b2b55b53f","MFCL quarterly dependent-variable gradients; log-scale delta method"
2018,2,2018.25,"recruitment",15.5102088411873,0.129493722299916,14.2129888409918,16.9258261572277,13.1384830277618,18.3100726156075,12.0335118303026,19.9913858638884,"21dcaea9db8c89ddc8c29fa3c3a5e514b50bef6e26587c168c00c05f35fbebc3","e289a150c45930c2f4f164fb43432d5c034d8caec7bda7ce664caca9e4ad20c5","2a1d8aca95b935951cb371014dc53250bca5ead96b6750c991b6e3b51a154b04","278bee47cd45eccaf00a839b10f2e01146092ada4f32ea3a0afa4a9b2b55b53f","MFCL quarterly dependent-variable gradients; log-scale delta method"
2018,3,2018.5,"recruitment",16.6834705533568,0.122920048249076,15.3560591554118,18.1256263008489,14.2518975858055,19.5299038622016,13.1116293689648,21.2283448435134,"21dcaea9db8c89ddc8c29fa3c3a5e514b50bef6e26587c168c00c05f35fbebc3","e289a150c45930c2f4f164fb43432d5c034d8caec7bda7ce664caca9e4ad20c5","2a1d8aca95b935951cb371014dc53250bca5ead96b6750c991b6e3b51a154b04","278bee47cd45eccaf00a839b10f2e01146092ada4f32ea3a0afa4a9b2b55b53f","MFCL quarterly dependent-variable gradients; log-scale delta method"
2018,4,2018.75,"recruitment",21.716567359465,0.120682878156761,20.0188849932823,23.5582200525372,18.6046976488978,25.3489364233833,17.1421672179597,27.5116495995954,"21dcaea9db8c89ddc8c29fa3c3a5e514b50bef6e26587c168c00c05f35fbebc3","e289a150c45930c2f4f164fb43432d5c034d8caec7bda7ce664caca9e4ad20c5","2a1d8aca95b935951cb371014dc53250bca5ead96b6750c991b6e3b51a154b04","278bee47cd45eccaf00a839b10f2e01146092ada4f32ea3a0afa4a9b2b55b53f","MFCL quarterly dependent-variable gradients; log-scale delta method"
2019,1,2019,"recruitment",20.8604796282941,0.130782888480435,19.0991670519221,22.7842192876512,17.6414531721137,24.6668801077193,16.1436485038838,26.9554685991698,"21dcaea9db8c89ddc8c29fa3c3a5e514b50bef6e26587c168c00c05f35fbebc3","e289a150c45930c2f4f164fb43432d5c034d8caec7bda7ce664caca9e4ad20c5","2a1d8aca95b935951cb371014dc53250bca5ead96b6750c991b6e3b51a154b04","278bee47cd45eccaf00a839b10f2e01146092ada4f32ea3a0afa4a9b2b55b53f","MFCL quarterly dependent-variable gradients; log-scale delta method"
2019,2,2019.25,"recruitment",14.6395012749725,0.232595390618352,12.5139026107324,17.126151948483,10.8660196340212,19.7234134299653,9.27984508705719,23.0946740564484,"21dcaea9db8c89ddc8c29fa3c3a5e514b50bef6e26587c168c00c05f35fbebc3","e289a150c45930c2f4f164fb43432d5c034d8caec7bda7ce664caca9e4ad20c5","2a1d8aca95b935951cb371014dc53250bca5ead96b6750c991b6e3b51a154b04","278bee47cd45eccaf00a839b10f2e01146092ada4f32ea3a0afa4a9b2b55b53f","MFCL quarterly dependent-variable gradients; log-scale delta method"
2019,3,2019.5,"recruitment",25.4722453570059,0.183338615935577,22.5093195296855,28.8251842829731,20.1384626610689,32.2187097618837,17.7831673933236,36.4859234115462,"21dcaea9db8c89ddc8c29fa3c3a5e514b50bef6e26587c168c00c05f35fbebc3","e289a150c45930c2f4f164fb43432d5c034d8caec7bda7ce664caca9e4ad20c5","2a1d8aca95b935951cb371014dc53250bca5ead96b6750c991b6e3b51a154b04","278bee47cd45eccaf00a839b10f2e01146092ada4f32ea3a0afa4a9b2b55b53f","MFCL quarterly dependent-variable gradients; log-scale delta method"
2019,4,2019.75,"recruitment",11.0379511792373,0.372340090200937,8.58657440377305,14.1891702681443,6.84943670827119,17.7877935696667,5.320494633437,22.8994434971396,"21dcaea9db8c89ddc8c29fa3c3a5e514b50bef6e26587c168c00c05f35fbebc3","e289a150c45930c2f4f164fb43432d5c034d8caec7bda7ce664caca9e4ad20c5","2a1d8aca95b935951cb371014dc53250bca5ead96b6750c991b6e3b51a154b04","278bee47cd45eccaf00a839b10f2e01146092ada4f32ea3a0afa4a9b2b55b53f","MFCL quarterly dependent-variable gradients; log-scale delta method"
2020,1,2020,"recruitment",14.1151041737462,0.251607967620115,11.9119065081603,16.7257999967696,10.2246028206547,19.4859565041716,8.62015345978986,23.1128328242737,"21dcaea9db8c89ddc8c29fa3c3a5e514b50bef6e26587c168c00c05f35fbebc3","e289a150c45930c2f4f164fb43432d5c034d8caec7bda7ce664caca9e4ad20c5","2a1d8aca95b935951cb371014dc53250bca5ead96b6750c991b6e3b51a154b04","278bee47cd45eccaf00a839b10f2e01146092ada4f32ea3a0afa4a9b2b55b53f","MFCL quarterly dependent-variable gradients; log-scale delta method"
2020,2,2020.25,"recruitment",37.247634596184,0.18013328670299,32.9862360968028,42.0595511091159,29.5693498394467,46.9197425896735,26.1679057285094,53.0186212609026,"21dcaea9db8c89ddc8c29fa3c3a5e514b50bef6e26587c168c00c05f35fbebc3","e289a150c45930c2f4f164fb43432d5c034d8caec7bda7ce664caca9e4ad20c5","2a1d8aca95b935951cb371014dc53250bca5ead96b6750c991b6e3b51a154b04","278bee47cd45eccaf00a839b10f2e01146092ada4f32ea3a0afa4a9b2b55b53f","MFCL quarterly dependent-variable gradients; log-scale delta method"
2020,3,2020.5,"recruitment",18.4773829705157,0.365399294463551,14.4412596521894,23.6415444124601,11.568309318003,29.5128416827327,9.02842546315162,37.8154178524861,"21dcaea9db8c89ddc8c29fa3c3a5e514b50bef6e26587c168c00c05f35fbebc3","e289a150c45930c2f4f164fb43432d5c034d8caec7bda7ce664caca9e4ad20c5","2a1d8aca95b935951cb371014dc53250bca5ead96b6750c991b6e3b51a154b04","278bee47cd45eccaf00a839b10f2e01146092ada4f32ea3a0afa4a9b2b55b53f","MFCL quarterly dependent-variable gradients; log-scale delta method"
2020,4,2020.75,"recruitment",12.5711491948085,0.445046879797989,9.31126430904543,16.9723237181242,7.10681310715624,22.2369421701835,5.25472980467772,30.074580035962,"21dcaea9db8c89ddc8c29fa3c3a5e514b50bef6e26587c168c00c05f35fbebc3","e289a150c45930c2f4f164fb43432d5c034d8caec7bda7ce664caca9e4ad20c5","2a1d8aca95b935951cb371014dc53250bca5ead96b6750c991b6e3b51a154b04","278bee47cd45eccaf00a839b10f2e01146092ada4f32ea3a0afa4a9b2b55b53f","MFCL quarterly dependent-variable gradients; log-scale delta method"
2021,1,2021,"recruitment",7.32317840478273,0.536017784056711,5.10135372491758,10.5126883647228,3.68440855366196,14.5556447302713,2.56118205001844,20.9391370472435,"21dcaea9db8c89ddc8c29fa3c3a5e514b50bef6e26587c168c00c05f35fbebc3","e289a150c45930c2f4f164fb43432d5c034d8caec7bda7ce664caca9e4ad20c5","2a1d8aca95b935951cb371014dc53250bca5ead96b6750c991b6e3b51a154b04","278bee47cd45eccaf00a839b10f2e01146092ada4f32ea3a0afa4a9b2b55b53f","MFCL quarterly dependent-variable gradients; log-scale delta method"
2021,2,2021.25,"recruitment",5.91783363586394,0.552935381735406,4.07561312107478,8.59275743339625,2.91350037970693,12.0201648799117,2.00218084314852,17.4913045750108,"21dcaea9db8c89ddc8c29fa3c3a5e514b50bef6e26587c168c00c05f35fbebc3","e289a150c45930c2f4f164fb43432d5c034d8caec7bda7ce664caca9e4ad20c5","2a1d8aca95b935951cb371014dc53250bca5ead96b6750c991b6e3b51a154b04","278bee47cd45eccaf00a839b10f2e01146092ada4f32ea3a0afa4a9b2b55b53f","MFCL quarterly dependent-variable gradients; log-scale delta method"
2021,3,2021.5,"recruitment",27.9222103503213,0.228187103725889,23.9390874082161,32.5680681787398,20.8423901752396,37.4069300254154,17.8532209441261,43.6699816401536,"21dcaea9db8c89ddc8c29fa3c3a5e514b50bef6e26587c168c00c05f35fbebc3","e289a150c45930c2f4f164fb43432d5c034d8caec7bda7ce664caca9e4ad20c5","2a1d8aca95b935951cb371014dc53250bca5ead96b6750c991b6e3b51a154b04","278bee47cd45eccaf00a839b10f2e01146092ada4f32ea3a0afa4a9b2b55b53f","MFCL quarterly dependent-variable gradients; log-scale delta method"
2021,4,2021.75,"recruitment",30.9281397815692,0.209345701965463,26.8553461216894,35.6185999619545,23.6503787578754,40.4454338825232,20.5191050512609,46.6175219610516,"21dcaea9db8c89ddc8c29fa3c3a5e514b50bef6e26587c168c00c05f35fbebc3","e289a150c45930c2f4f164fb43432d5c034d8caec7bda7ce664caca9e4ad20c5","2a1d8aca95b935951cb371014dc53250bca5ead96b6750c991b6e3b51a154b04","278bee47cd45eccaf00a839b10f2e01146092ada4f32ea3a0afa4a9b2b55b53f","MFCL quarterly dependent-variable gradients; log-scale delta method"
2022,1,2022,"recruitment",9.62639150849768,0.551968038433053,6.63402465963176,13.9685060320563,4.74519695095589,19.52867592908,3.26307814482119,28.3987723744674,"21dcaea9db8c89ddc8c29fa3c3a5e514b50bef6e26587c168c00c05f35fbebc3","e289a150c45930c2f4f164fb43432d5c034d8caec7bda7ce664caca9e4ad20c5","2a1d8aca95b935951cb371014dc53250bca5ead96b6750c991b6e3b51a154b04","278bee47cd45eccaf00a839b10f2e01146092ada4f32ea3a0afa4a9b2b55b53f","MFCL quarterly dependent-variable gradients; log-scale delta method"
2022,2,2022.25,"recruitment",20.5925105063468,0.240099230423033,17.5136919487073,24.2125698108618,15.1382991073408,28.0118318410273,12.862827953306,32.9672052283815,"21dcaea9db8c89ddc8c29fa3c3a5e514b50bef6e26587c168c00c05f35fbebc3","e289a150c45930c2f4f164fb43432d5c034d8caec7bda7ce664caca9e4ad20c5","2a1d8aca95b935951cb371014dc53250bca5ead96b6750c991b6e3b51a154b04","278bee47cd45eccaf00a839b10f2e01146092ada4f32ea3a0afa4a9b2b55b53f","MFCL quarterly dependent-variable gradients; log-scale delta method"
2022,3,2022.5,"recruitment",19.1999263297795,0.167223189407051,17.1520228104116,21.4923437977934,15.4963002495472,23.7887215098153,13.8343553064992,26.6465016187476,"21dcaea9db8c89ddc8c29fa3c3a5e514b50bef6e26587c168c00c05f35fbebc3","e289a150c45930c2f4f164fb43432d5c034d8caec7bda7ce664caca9e4ad20c5","2a1d8aca95b935951cb371014dc53250bca5ead96b6750c991b6e3b51a154b04","278bee47cd45eccaf00a839b10f2e01146092ada4f32ea3a0afa4a9b2b55b53f","MFCL quarterly dependent-variable gradients; log-scale delta method"
2022,4,2022.75,"recruitment",10.4390172202884,0.216831581635423,9.01869606049468,12.083019517957,7.90637652634043,13.7829358572072,6.82483627190935,15.9671347683469,"21dcaea9db8c89ddc8c29fa3c3a5e514b50bef6e26587c168c00c05f35fbebc3","e289a150c45930c2f4f164fb43432d5c034d8caec7bda7ce664caca9e4ad20c5","2a1d8aca95b935951cb371014dc53250bca5ead96b6750c991b6e3b51a154b04","278bee47cd45eccaf00a839b10f2e01146092ada4f32ea3a0afa4a9b2b55b53f","MFCL quarterly dependent-variable gradients; log-scale delta method"
2023,1,2023,"recruitment",13.7623753121349,0.294986139766692,11.2793465487121,16.7920165777412,9.43002259580076,20.0851029048863,7.71970562748215,24.5349995675725,"21dcaea9db8c89ddc8c29fa3c3a5e514b50bef6e26587c168c00c05f35fbebc3","e289a150c45930c2f4f164fb43432d5c034d8caec7bda7ce664caca9e4ad20c5","2a1d8aca95b935951cb371014dc53250bca5ead96b6750c991b6e3b51a154b04","278bee47cd45eccaf00a839b10f2e01146092ada4f32ea3a0afa4a9b2b55b53f","MFCL quarterly dependent-variable gradients; log-scale delta method"
2023,2,2023.25,"recruitment",32.6051236120026,0.208695144718441,28.3239208123792,37.5334365886709,24.9535439102135,42.6029300519051,21.6592902798452,49.0825909814423,"21dcaea9db8c89ddc8c29fa3c3a5e514b50bef6e26587c168c00c05f35fbebc3","e289a150c45930c2f4f164fb43432d5c034d8caec7bda7ce664caca9e4ad20c5","2a1d8aca95b935951cb371014dc53250bca5ead96b6750c991b6e3b51a154b04","278bee47cd45eccaf00a839b10f2e01146092ada4f32ea3a0afa4a9b2b55b53f","MFCL quarterly dependent-variable gradients; log-scale delta method"
2023,3,2023.5,"recruitment",17.334130895137,0.0182160276593511,17.1224577074821,17.5484208530675,16.9341562685332,17.7435526828152,16.7261720934061,17.9641876343123,"21dcaea9db8c89ddc8c29fa3c3a5e514b50bef6e26587c168c00c05f35fbebc3","e289a150c45930c2f4f164fb43432d5c034d8caec7bda7ce664caca9e4ad20c5","2a1d8aca95b935951cb371014dc53250bca5ead96b6750c991b6e3b51a154b04","278bee47cd45eccaf00a839b10f2e01146092ada4f32ea3a0afa4a9b2b55b53f","MFCL quarterly dependent-variable gradients; log-scale delta method"
2023,4,2023.75,"recruitment",17.334130895137,0.0182160276593511,17.1224577074821,17.5484208530675,16.9341562685332,17.7435526828152,16.7261720934061,17.9641876343123,"21dcaea9db8c89ddc8c29fa3c3a5e514b50bef6e26587c168c00c05f35fbebc3","e289a150c45930c2f4f164fb43432d5c034d8caec7bda7ce664caca9e4ad20c5","2a1d8aca95b935951cb371014dc53250bca5ead96b6750c991b6e3b51a154b04","278bee47cd45eccaf00a839b10f2e01146092ada4f32ea3a0afa4a9b2b55b53f","MFCL quarterly dependent-variable gradients; log-scale delta method"
2024,1,2024,"recruitment",17.334130895137,0.0182160276593511,17.1224577074821,17.5484208530675,16.9341562685332,17.7435526828152,16.7261720934061,17.9641876343123,"21dcaea9db8c89ddc8c29fa3c3a5e514b50bef6e26587c168c00c05f35fbebc3","e289a150c45930c2f4f164fb43432d5c034d8caec7bda7ce664caca9e4ad20c5","2a1d8aca95b935951cb371014dc53250bca5ead96b6750c991b6e3b51a154b04","278bee47cd45eccaf00a839b10f2e01146092ada4f32ea3a0afa4a9b2b55b53f","MFCL quarterly dependent-variable gradients; log-scale delta method"
2024,2,2024.25,"recruitment",17.334130895137,0.0182160276593511,17.1224577074821,17.5484208530675,16.9341562685332,17.7435526828152,16.7261720934061,17.9641876343123,"21dcaea9db8c89ddc8c29fa3c3a5e514b50bef6e26587c168c00c05f35fbebc3","e289a150c45930c2f4f164fb43432d5c034d8caec7bda7ce664caca9e4ad20c5","2a1d8aca95b935951cb371014dc53250bca5ead96b6750c991b6e3b51a154b04","278bee47cd45eccaf00a839b10f2e01146092ada4f32ea3a0afa4a9b2b55b53f","MFCL quarterly dependent-variable gradients; log-scale delta method"
2024,3,2024.5,"recruitment",17.334130895137,0.0182160276593511,17.1224577074821,17.5484208530675,16.9341562685332,17.7435526828152,16.7261720934061,17.9641876343123,"21dcaea9db8c89ddc8c29fa3c3a5e514b50bef6e26587c168c00c05f35fbebc3","e289a150c45930c2f4f164fb43432d5c034d8caec7bda7ce664caca9e4ad20c5","2a1d8aca95b935951cb371014dc53250bca5ead96b6750c991b6e3b51a154b04","278bee47cd45eccaf00a839b10f2e01146092ada4f32ea3a0afa4a9b2b55b53f","MFCL quarterly dependent-variable gradients; log-scale delta method"
2024,4,2024.75,"recruitment",17.334130895137,0.0182160276593511,17.1224577074821,17.5484208530675,16.9341562685332,17.7435526828152,16.7261720934061,17.9641876343123,"21dcaea9db8c89ddc8c29fa3c3a5e514b50bef6e26587c168c00c05f35fbebc3","e289a150c45930c2f4f164fb43432d5c034d8caec7bda7ce664caca9e4ad20c5","2a1d8aca95b935951cb371014dc53250bca5ead96b6750c991b6e3b51a154b04","278bee47cd45eccaf00a839b10f2e01146092ada4f32ea3a0afa4a9b2b55b53f","MFCL quarterly dependent-variable gradients; log-scale delta method"
